출처,접수번호,성명,생년월일,생년월일_원본,성별,성별_원본,연락처,연락처_원본,최종학력,자격증,시험지역,시험장,시험일자,시험일자_원본,교시_원본,수수료,감면유형,감면유형_원본,감면금액,최종결제금액,결제수단,결제수단_원본,결제상태,결제상태_원본,접수상태,접수상태_원본,접수일시,접수일시_원본,사용맥락,등급,시험유형,회차,시험구분,응시자격유형,시험연도,차수,1차합격여부,시험과목,교육기관,교육수료번호,교육수료일,교육수료일_원본,교육이수시간,사진검증,확인필요
국가기술,DN2026090785,안갑순,1954-07-13,1954-07-13,여,여,010-7276-9696,010-7276-9696,초등학교졸업,한식조리기능사,울산,울산시험장,2026-09-25,2026-09-25,5,14500,없음,없음,0,14500,신용카드,신용카드,완료,완료,접수완료,접수완료,2026-08-19 16:12,2026-08-19 16:12:00,가족보조,기능사,상시CBT,,필기,비전공자,,,,,,,,,,,
국가기술,DN2026483901,오원호,1956-07-24,1956-07-24,남,남,010-6551-2359,010-6551-2359,초등학교졸업,지게차운전기능사,울산,울산시험장,2026-09-05,2026-09-05,5,14500,장애인,장애인,7250,7250,계좌이체,계좌이체,완료,완료,접수완료,접수완료,2026-08-11 16:20,2026-08-11 16:20:00,가족보조,기능사,상시CBT,,필기,비전공자,,,,,,,,,,,
국가기술,DN2026978464,성동석,1958-07-02,1958-07-02,남,남,010-8570-9497,010-8570-9497,초등학교졸업,굴착기운전기능사,경기,고양시험장,2026-09-12,2026-09-12,5,14500,없음,없음,0,14500,신용카드,신용카드,완료,완료,접수완료,접수완료,2026-08-10 14:08,2026-08-10 14:08:00,가족보조,기능사,상시CBT,,필기,관련학과졸업,,,,,,,,,,,
국가기술,DN2026692375,오순자,1963-04-23,1963-04-23,여,여,010-2798-1381,010-2798-1381,중학교졸업,한식조리기능사,대전,대전시험장,2026-09-17,2026-09-17,4,14500,없음,없음,0,14500,계좌이체,계좌이체,완료,완료,접수완료,접수완료,2026-08-16 10:59,2026-08-16 10:59:00,본인단독,기능사,상시CBT,,필기,관련학과졸업,,,,,,,,,,,
국가기술,DN2026345714,장병수,1962-07-21,1962-07-21,남,남,010-7640-4289,010-7640-4289,중학교졸업,전기기능사,대구,대구시험장,2026-09-13,2026-09-13,2,14500,없음,없음,0,14500,신용카드,신용카드,완료,완료,접수완료,접수완료,2026-08-18 15:52,2026-08-18 15:52:00,본인단독,기능사,정기,1,필기,비전공자,,,,,,,,,,,
국가기술,DN2026986945,백만수,1955-03-12,1955-03-12,남,남,010-2580-2945,010-2580-2945,중학교졸업,한식조리기능사,경남,창원시험장,2026-09-20,2026-09-20,3,14500,없음,없음,0,14500,신용카드,신용카드,완료,완료,접수완료,접수완료,2026-08-12 15:09,2026-08-12 15:09:00,가족보조,기능사,상시CBT,,필기,관련학과졸업,,,,,,,,,,,
국가기술,DN2026899538,양미자,1964-04-18,1964-04-18,여,여,010-2186-9212,010-2186-9212,고등학교졸업,한식조리기능사,충북,청주시험장,2026-10-04,2026-10-04,1,14500,장애인,장애인,7250,7250,계좌이체,계좌이체,완료,완료,접수완료,접수완료,2026-08-10 14:13,2026-08-10 14:13:00,본인단독,기능사,상시CBT,,필기,경력,,,,,,,,,,,
국가기술,DN2026097166,오성호,1957-07-13,1957-07-13,남,남,010-7111-7530,010-7111-7530,고등학교졸업,전기기능사,충북,청주시험장,2026-10-18,2026-10-18,3,14500,없음,없음,0,14500,가상계좌,가상계좌,완료,완료,접수완료,접수완료,2026-08-13 13:06,2026-08-13 13:06:00,복지관,기능사,정기,4,필기,관련학과졸업,,,,,,,,,,,
국가기술,DN2026310774,유갑수,1953-12-24,1953-12-24,남,남,010-2312-8173,010-2312-8173,고등학교졸업,지게차운전기능사,충북,청주시험장,2026-09-13,2026-09-13,3,14500,장애인,장애인,7250,7250,신용카드,신용카드,완료,완료,접수완료,접수완료,2026-08-14 14:50,2026-08-14 14:50:00,대리접수,기능사,상시CBT,,필기,경력,,,,,,,,,,,
국가기술,DN2026690191,민미자,1963-08-18,1963-08-18,여,여,010-5625-7208,010-5625-7208,대학원졸,굴착기운전기능사,광주,광주시험장,2026-10-14,2026-10-14,5,14500,없음,없음,0,14500,가상계좌,가상계좌,완료,완료,접수완료,접수완료,2026-08-19 16:12,2026-08-19 16:12:00,본인단독,기능사,상시CBT,,필기,비전공자,,,,,,,,,,,
국가기술,DN2026827843,안정자,1954-06-01,1954-06-01,여,여,010-7827-4788,010-7827-4788,고등학교졸업,한식조리기능사,충남,천안시험장,2026-09-22,2026-09-22,4,14500,차상위계층,차상위계층,7250,7250,신용카드,신용카드,완료,완료,접수완료,접수완료,2026-08-17 17:12,2026-08-17 17:12:00,본인단독,기능사,상시CBT,,필기,경력,,,,,,,,,,,
국가기술,DN2026556827,민운순,1956-09-26,1956-09-26,여,여,010-5710-4281,010-5710-4281,전문대졸,굴착기운전기능사,경북,포항시험장,2026-11-14,2026-11-14,3,14500,없음,없음,0,14500,신용카드,신용카드,완료,완료,접수완료,접수완료,2026-08-02 09:26,2026-08-02 09:26:00,가족보조,기능사,상시CBT,,필기,관련학과졸업,,,,,,,,,,,
국가기술,DN2026277665,남영자,1929-10-10,1929-10-10,여,여,010-3104-3140,010-3104-3140,대학교졸,굴착기운전기능사,울산,울산시험장,2026-10-13,2026-10-13,4,14500,차상위계층,차상위계층,7250,7250,신용카드,신용카드,완료,완료,접수완료,접수완료,2026-08-06 14:16,2026-08-06 14:16:00,본인단독,기능사,상시CBT,,필기,비전공자,,,,,,,,,,,
국가기술,DN2026482211,곽영숙,1942-03-27,1942-03-27,여,여,010-2881-6402,010-2881-6402,전문대졸,전기기능사,경남,창원시험장,2026-09-18,2026-09-18,1,14500,없음,없음,0,14500,계좌이체,계좌이체,완료,완료,접수완료,접수완료,2026-08-18 13:40,2026-08-18 13:40:00,본인단독,기능사,정기,1,필기,경력,,,,,,,,,,,
국가기술,DN2026792220,류미자,1956-03-19,1956-03-19,여,여,010-8193-1942,010-8193-1942,전문대졸,전기기능사,부산,부산남부시험장,2026-10-17,2026-10-17,2,14500,없음,없음,0,14500,신용카드,신용카드,완료,완료,접수완료,접수완료,2026-08-06 13:17,2026-08-06 13:17:00,복지관,기능사,정기,4,필기,관련학과졸업,,,,,,,,,,,
국가기술,DN2026143606,임점순,1954-09-06,1954-09-06,여,여,010-2417-1542,010-2417-1542,전문대졸,한식조리기능사,충남,천안시험장,2026-09-24,2026-09-24,4,14500,없음,없음,0,14500,신용카드,신용카드,완료,완료,접수완료,접수완료,2026-08-08 18:38,2026-08-08 18:38:00,복지관,기능사,상시CBT,,필기,비전공자,,,,,,,,,,,
국가기술,DN2026674131,곽두만,1963-06-26,1963-06-26,남,남,010-1205-4786,010-1205-4786,고등학교졸업,한식조리기능사,전남,순천시험장,2026-11-04,2026-11-04,1,14500,없음,없음,0,14500,계좌이체,계좌이체,완료,완료,접수완료,접수완료,2026-08-08 18:28,2026-08-08 18:28:00,복지관,기능사,상시CBT,,필기,비전공자,,,,,,,,,,,
국가기술,DN2026021371,전용기,1956-03-25,1956-03-25,남,남,010-3174-1184,010-3174-1184,대학교졸,굴착기운전기능사,경북,포항시험장,2026-11-02,2026-11-02,3,14500,없음,없음,0,14500,신용카드,신용카드,완료,완료,접수완료,접수완료,2026-08-16 15:51,2026-08-16 15:51:00,본인단독,기능사,상시CBT,,필기,비전공자,,,,,,,,,,,
국가기술,DN2026639918,권재호,1928-11-11,1928-11-11,남,남,010-3469-1303,010-3469-1303,전문대졸,전기기능사,충북,청주시험장,2026-09-13,2026-09-13,4,14500,장애인,장애인,7250,7250,신용카드,신용카드,완료,완료,접수완료,접수완료,2026-08-08 11:33,2026-08-08 11:33:00,가족보조,기능사,정기,3,필기,비전공자,,,,,,,,,,,
국가기술,DN2026944317,오삼석,1950-03-27,1950-03-27,남,남,010-5922-2003,010-5922-2003,대학원졸,한식조리기능사,인천,인천시험장,2026-09-27,2026-09-27,2,14500,없음,없음,0,14500,계좌이체,계좌이체,완료,완료,접수완료,접수완료,2026-08-14 11:00,2026-08-14 11:00:00,복지관,기능사,상시CBT,,필기,경력,,,,,,,,,,,
국가기술,DN2026526346,한상원,1938-02-06,1938-02-06,남,남,010-8940-4414,010-8940-4414,전문대졸,지게차운전기능사,세종,세종시험장,2026-10-20,2026-10-20,4,14500,없음,없음,0,14500,계좌이체,계좌이체,완료,완료,접수완료,접수완료,2026-08-06 11:30,2026-08-06 11:30:00,복지관,기능사,상시CBT,,필기,관련학과졸업,,,,,,,,,,,
국가기술,DN2026441448,배병수,1950-03-21,1950-03-21,남,남,010-2187-4958,010-2187-4958,중학교졸업,한식조리기능사,제주,제주시험장,2026-11-08,2026-11-08,3,14500,없음,없음,0,14500,신용카드,신용카드,완료,완료,접수완료,접수완료,2026-08-04 21:40,2026-08-04 21:40:00,본인단독,기능사,상시CBT,,필기,비전공자,,,,,,,,,,,
국가기술,DN2026556076,류태호,1946-04-02,1946-04-02,남,남,010-6972-2869,010-6972-2869,중학교졸업,전기기능사,강원,춘천시험장,2026-11-09,2026-11-09,3,14500,없음,없음,0,14500,계좌이체,계좌이체,완료,완료,접수완료,접수완료,2026-08-07 16:03,2026-08-07 16:03:00,본인단독,기능사,정기,4,필기,관련학과졸업,,,,,,,,,,,
국가기술,DN2026160893,정영숙,1928-02-27,1928-02-27,여,여,010-1475-3882,010-1475-3882,중학교졸업,한식조리기능사,전북,전주시험장,2026-10-13,2026-10-13,5,14500,없음,없음,0,14500,신용카드,신용카드,완료,완료,접수완료,접수완료,2026-08-03 19:00,2026-08-03 19:00:00,가족보조,기능사,상시CBT,,필기,경력,,,,,,,,,,,
국가기술,DN2026675935,안영수,1961-12-28,1961-12-28,남,남,010-6650-2911,010-6650-2911,중학교졸업,지게차운전기능사,충남,천안시험장,2026-10-25,2026-10-25,1,14500,없음,없음,0,14500,가상계좌,가상계좌,완료,완료,접수완료,접수완료,2026-08-08 13:20,2026-08-08 13:20:00,복지관,기능사,상시CBT,,필기,관련학과졸업,,,,,,,,,,,
국가기술,DN2026779831,안동석,1947-10-20,1947-10-20,남,남,010-7282-2998,010-7282-2998,전문대졸,한식조리기능사,세종,세종시험장,2026-10-17,2026-10-17,4,14500,없음,없음,0,14500,계좌이체,계좌이체,완료,완료,접수완료,접수완료,2026-08-15 15:50,2026-08-15 15:50:00,가족보조,기능사,상시CBT,,필기,경력,,,,,,,,,,,
국가기술,DN2026354933,구동석,1932-02-10,1932-02-10,남,남,010-1325-1779,010-1325-1779,고등학교졸업,지게차운전기능사,전북,전주시험장,2026-10-15,2026-10-15,2,14500,없음,없음,0,14500,가상계좌,가상계좌,완료,완료,접수완료,접수완료,2026-08-07 15:56,2026-08-07 15:56:00,복지관,기능사,상시CBT,,필기,비전공자,,,,,,,,,,,
국가기술,DN2026858735,류용기,1946-04-07,1946-04-07,남,남,010-7805-2715,010-7805-2715,고등학교졸업,한식조리기능사,인천,인천시험장,2026-10-06,2026-10-06,4,14500,차상위계층,차상위계층,7250,7250,신용카드,신용카드,완료,완료,접수완료,접수완료,2026-08-04 10:17,2026-08-04 10:17:00,복지관,기능사,상시CBT,,필기,관련학과졸업,,,,,,,,,,,
국가기술,DN2026134670,류말자,1956-05-24,1956-05-24,여,여,010-8935-4563,010-8935-4563,대학교졸,한식조리기능사,인천,인천시험장,2026-09-09,2026-09-09,3,14500,없음,없음,0,14500,계좌이체,계좌이체,완료,완료,접수완료,접수완료,2026-08-09 17:16,2026-08-09 17:16:00,복지관,기능사,상시CBT,,필기,비전공자,,,,,,,,,,,
국가기술,DN2026541114,정상원,1957-04-11,1957-04-11,남,남,010-8127-3368,010-8127-3368,고등학교졸업,전기기능사,제주,제주시험장,2026-09-20,2026-09-20,4,14500,장애인,장애인,7250,7250,계좌이체,계좌이체,완료,완료,접수완료,접수완료,2026-08-03 09:27,2026-08-03 09:27:00,본인단독,기능사,정기,3,필기,비전공자,,,,,,,,,,,
국가기술,DN2026742470,전미자,1961-01-07,1961-01-07,여,여,010-4112-2458,010-4112-2458,고등학교졸업,전기기능사,대구,대구시험장,2026-09-05,2026-09-05,2,14500,없음,없음,0,14500,신용카드,신용카드,완료,완료,접수완료,접수완료,2026-08-11 17:02,2026-08-11 17:02:00,가족보조,기능사,정기,3,필기,관련학과졸업,,,,,,,,,,,
국가기술,DN2026958328,권선옥,1944-04-12,1944-04-12,여,여,010-9570-7957,010-9570-7957,전문대졸,전기기능사,광주,광주시험장,2026-11-18,2026-11-18,3,14500,없음,없음,0,14500,계좌이체,계좌이체,환불,환불,취소,취소,2026-08-17 22:51,2026-08-17 22:51:00,복지관,기능사,정기,2,필기,비전공자,,,,,,,,,,,
국가기술,DN2026706334,차명자,1928-10-12,1928-10-12,여,여,010-6946-3834,010-6946-3834,고등학교졸업,한식조리기능사,광주,광주시험장,2026-09-18,2026-09-18,1,14500,없음,없음,0,14500,계좌이체,계좌이체,완료,완료,접수완료,접수완료,2026-08-10 09:42,2026-08-10 09:42:00,가족보조,기능사,상시CBT,,필기,비전공자,,,,,,,,,,,
국가기술,DN2026620881,손복순,1956-01-06,1956-01-06,여,여,010-2721-4338,010-2721-4338,대학원졸,한식조리기능사,대구,대구시험장,2026-11-18,2026-11-18,2,14500,없음,없음,0,14500,신용카드,신용카드,완료,완료,접수완료,접수완료,2026-08-04 09:23,2026-08-04 09:23:00,가족보조,기능사,상시CBT,,필기,경력,,,,,,,,,,,
국가기술,DN2026882212,장명자,1929-02-20,1929-02-20,여,여,010-1443-9980,010-1443-9980,고등학교졸업,지게차운전기능사,강원,춘천시험장,2026-09-05,2026-09-05,2,14500,없음,없음,0,14500,신용카드,신용카드,완료,완료,접수완료,접수완료,2026-08-17 17:08,2026-08-17 17:08:00,가족보조,기능사,상시CBT,,필기,경력,,,,,,,,,,,
국가기술,DN2026524066,전경자,1942-02-27,1942-02-27,여,여,010-9314-1620,010-9314-1620,초등학교졸업,전기기능사,충남,천안시험장,2026-09-16,2026-09-16,5,14500,기초생활수급자,기초생활수급자,7250,7250,가상계좌,가상계좌,완료,완료,접수완료,접수완료,2026-08-12 21:47,2026-08-12 21:47:00,복지관,기능사,정기,1,필기,경력,,,,,,,,,,,
국가기술,DN2026666364,김태호,1953-12-24,1953-12-24,남,남,010-1731-4607,010-1731-4607,중학교졸업,한식조리기능사,서울,서울2시험장,2026-11-25,2026-11-25,4,14500,없음,없음,0,14500,신용카드,신용카드,완료,완료,접수완료,접수완료,2026-08-05 22:58,2026-08-05 22:58:00,복지관,기능사,상시CBT,,필기,비전공자,,,,,,,,,,,
국가기술,DN2026412566,양운순,1928-01-25,1928-01-25,여,여,010-9163-3231,010-9163-3231,중학교졸업,한식조리기능사,부산,부산남부시험장,2026-09-22,2026-09-22,2,14500,없음,없음,0,14500,계좌이체,계좌이체,완료,완료,접수완료,접수완료,2026-08-02 21:21,2026-08-02 21:21:00,복지관,기능사,상시CBT,,필기,경력,,,,,,,,,,,
국가기술,DN2026741436,백갑순,1954-11-14,1954-11-14,여,여,010-5264-5969,010-5264-5969,고등학교졸업,지게차운전기능사,경기,수원시험장,2026-10-27,2026-10-27,2,14500,없음,없음,0,14500,계좌이체,계좌이체,완료,완료,접수완료,접수완료,2026-08-01 20:16,2026-08-01 20:16:00,본인단독,기능사,상시CBT,,필기,비전공자,,,,,,,,,,,
국가기술,DN2026927176,안정호,1965-03-17,1965-03-17,남,남,010-3718-1099,010-3718-1099,중학교졸업,굴착기운전기능사,세종,세종시험장,2026-10-12,2026-10-12,4,14500,없음,없음,0,14500,신용카드,신용카드,완료,완료,접수완료,접수완료,2026-08-16 19:20,2026-08-16 19:20:00,복지관,기능사,상시CBT,,필기,경력,,,,,,,,,,,
국가기술,DN2026489781,신병수,1957-12-20,1957-12-20,남,남,010-2928-7500,010-2928-7500,대학원졸,한식조리기능사,부산,부산남부시험장,2026-11-05,2026-11-05,5,14500,없음,없음,0,14500,신용카드,신용카드,완료,완료,접수완료,접수완료,2026-08-07 20:04,2026-08-07 20:04:00,본인단독,기능사,상시CBT,,필기,경력,,,,,,,,,,,
국가기술,DN2026062428,최동석,1951-07-06,1951-07-06,남,남,010-8712-7221,010-8712-7221,중학교졸업,굴착기운전기능사,세종,세종시험장,2026-09-11,2026-09-11,4,14500,국가유공자,국가유공자,7250,7250,신용카드,신용카드,완료,완료,접수완료,접수완료,2026-08-01 11:41,2026-08-01 11:41:00,복지관,기능사,상시CBT,,필기,경력,,,,,,,,,,,
국가기술,DN2026506968,유봉숙,1939-06-09,1939-06-09,여,여,010-4002-8448,010-4002-8448,전문대졸,지게차운전기능사,대전,대전시험장,2026-10-23,2026-10-23,5,14500,없음,없음,0,14500,계좌이체,계좌이체,완료,완료,접수완료,접수완료,2026-08-18 16:39,2026-08-18 16:39:00,가족보조,기능사,상시CBT,,필기,경력,,,,,,,,,,,
국가기술,DN2026764521,서철수,1937-04-04,1937-04-04,남,남,010-2994-9975,010-2994-9975,고등학교졸업,전기기능사,충남,천안시험장,2026-10-11,2026-10-11,2,14500,없음,없음,0,14500,계좌이체,계좌이체,완료,완료,접수완료,접수완료,2026-08-07 11:14,2026-08-07 11:14:00,가족보조,기능사,정기,1,필기,관련학과졸업,,,,,,,,,,,
국가기술,DN2026789949,김용기,1963-01-25,1963-01-25,남,남,010-8557-5331,010-8557-5331,고등학교졸업,한식조리기능사,울산,울산시험장,2026-11-07,2026-11-07,3,14500,없음,없음,0,14500,가상계좌,가상계좌,완료,완료,접수완료,접수완료,2026-08-11 12:18,2026-08-11 12:18:00,본인단독,기능사,상시CBT,,필기,경력,,,,,,,,,,,
국가기술,DN2026386709,고미자,1929-01-27,1929-01-27,여,여,010-8714-6476,010-8714-6476,전문대졸,한식조리기능사,울산,울산시험장,2026-10-25,2026-10-25,4,14500,국가유공자,국가유공자,7250,7250,계좌이체,계좌이체,완료,완료,접수완료,접수완료,2026-08-01 16:01,2026-08-01 16:01:00,가족보조,기능사,상시CBT,,필기,비전공자,,,,,,,,,,,
국가기술,DN2026706857,송영수,1965-07-23,1965-07-23,남,남,010-5346-7391,010-5346-7391,중학교졸업,한식조리기능사,충남,천안시험장,2026-10-12,2026-10-12,3,14500,없음,없음,0,14500,계좌이체,계좌이체,완료,완료,접수완료,접수완료,2026-08-18 10:05,2026-08-18 10:05:00,복지관,기능사,상시CBT,,필기,관련학과졸업,,,,,,,,,,,
국가기술,DN2026056321,장점순,1961-11-07,1961-11-07,여,여,010-5115-7497,010-5115-7497,중학교졸업,한식조리기능사,인천,인천시험장,2026-10-08,2026-10-08,1,14500,없음,없음,0,14500,가상계좌,가상계좌,환불,환불,취소,취소,2026-08-11 12:24,2026-08-11 12:24:00,가족보조,기능사,상시CBT,,필기,비전공자,,,,,,,,,,,
국가기술,DN2026492108,임순자,1955-03-23,1955-03-23,여,여,010-3242-5712,010-3242-5712,전문대졸,지게차운전기능사,서울,서울남부시험장,2026-09-10,2026-09-10,3,14500,없음,없음,0,14500,신용카드,신용카드,대기,대기,결제대기,결제대기,2026-08-08 09:15,2026-08-08 09:15:00,가족보조,기능사,상시CBT,,필기,비전공자,,,,,,,,,,,
국가기술,DN2026403144,양정순,1928-02-26,1928-02-26,여,여,010-4812-4517,010-4812-4517,대학교졸,굴착기운전기능사,대전,대전시험장,2026-11-07,2026-11-07,4,14500,없음,없음,0,14500,신용카드,신용카드,완료,완료,접수완료,접수완료,2026-08-07 16:14,2026-08-07 16:14:00,가족보조,기능사,상시CBT,,필기,비전공자,,,,,,,,,,,
국가기술,DN2026207514,송만복,1945-08-26,1945-08-26,남,남,010-1241-2158,010-1241-2158,초등학교졸업,지게차운전기능사,울산,울산시험장,2026-11-02,2026-11-02,2,14500,없음,없음,0,14500,신용카드,신용카드,완료,완료,접수완료,접수완료,2026-08-03 10:05,2026-08-03 10:05:00,본인단독,기능사,상시CBT,,필기,관련학과졸업,,,,,,,,,,,
국가기술,DN2026537477,남영자,1943-06-06,1943-06-06,여,여,010-2248-6807,010-2248-6807,중학교졸업,굴착기운전기능사,경북,포항시험장,2026-10-06,2026-10-06,3,14500,없음,없음,0,14500,계좌이체,계좌이체,완료,완료,접수완료,접수완료,2026-08-07 19:12,2026-08-07 19:12:00,본인단독,기능사,상시CBT,,필기,경력,,,,,,,,,,,
국가기술,DN2026035334,한금순,1951-10-15,1951-10-15,여,여,010-2952-3993,010-2952-3993,중학교졸업,지게차운전기능사,인천,인천시험장,2026-10-24,2026-10-24,4,14500,기초생활수급자,기초생활수급자,7250,7250,계좌이체,계좌이체,완료,완료,접수완료,접수완료,2026-08-19 22:16,2026-08-19 22:16:00,본인단독,기능사,상시CBT,,필기,관련학과졸업,,,,,,,,,,,
국가기술,DN2026544233,유철수,1933-09-01,1933-09-01,남,남,010-8613-9802,010-8613-9802,고등학교졸업,한식조리기능사,경북,포항시험장,2026-11-19,2026-11-19,2,14500,없음,없음,0,14500,계좌이체,계좌이체,대기,대기,결제대기,결제대기,2026-08-04 11:04,2026-08-04 11:04:00,복지관,기능사,상시CBT,,필기,경력,,,,,,,,,,,
국가기술,DN2026403866,오일남,1951-09-05,1951-09-05,남,남,010-6918-1856,010-6918-1856,초등학교졸업,한식조리기능사,제주,제주시험장,2026-10-26,2026-10-26,5,14500,장애인,장애인,7250,7250,계좌이체,계좌이체,완료,완료,접수완료,접수완료,2026-08-12 11:09,2026-08-12 11:09:00,복지관,기능사,상시CBT,,필기,관련학과졸업,,,,,,,,,,,
국가기술,DN2026531770,우춘희,1937-03-11,1937-03-11,여,여,010-8904-3050,010-8904-3050,고등학교졸업,한식조리기능사,충남,천안시험장,2026-10-09,2026-10-09,3,14500,없음,없음,0,14500,신용카드,신용카드,완료,완료,접수완료,접수완료,2026-08-06 12:59,2026-08-06 12:59:00,복지관,기능사,상시CBT,,필기,비전공자,,,,,,,,,,,
국가기술,DN2026562748,송점순,1933-08-09,1933-08-09,여,여,010-2476-3277,010-2476-3277,고등학교졸업,굴착기운전기능사,서울,서울2시험장,2026-10-25,2026-10-25,5,14500,없음,없음,0,14500,계좌이체,계좌이체,완료,완료,접수완료,접수완료,2026-08-18 14:12,2026-08-18 14:12:00,본인단독,기능사,상시CBT,,필기,비전공자,,,,,,,,,,,
국가기술,DN2026544933,노영호,1960-08-04,1960-08-04,남,남,010-2373-8454,010-2373-8454,고등학교졸업,굴착기운전기능사,전남,순천시험장,2026-10-25,2026-10-25,5,14500,없음,없음,0,14500,신용카드,신용카드,완료,완료,접수완료,접수완료,2026-08-12 14:06,2026-08-12 14:06:00,복지관,기능사,상시CBT,,필기,비전공자,,,,,,,,,,,
국가기술,DN2026500276,박광수,1959-03-24,1959-03-24,남,남,010-4578-7271,010-4578-7271,대학교졸,지게차운전기능사,세종,세종시험장,2026-09-26,2026-09-26,3,14500,기초생활수급자,기초생활수급자,7250,7250,가상계좌,가상계좌,완료,완료,접수완료,접수완료,2026-08-02 11:13,2026-08-02 11:13:00,복지관,기능사,상시CBT,,필기,경력,,,,,,,,,,,
국가기술,DN2026933372,정영수,1955-09-14,1955-09-14,남,남,010-8998-3363,010-8998-3363,중학교졸업,한식조리기능사,광주,광주시험장,2026-10-26,2026-10-26,1,14500,없음,없음,0,14500,신용카드,신용카드,완료,완료,접수완료,접수완료,2026-08-08 17:18,2026-08-08 17:18:00,가족보조,기능사,상시CBT,,필기,비전공자,,,,,,,,,,,
국가기술,DN2026486707,심복남,1945-10-14,1945-10-14,남,남,010-7123-7218,010-7123-7218,고등학교졸업,굴착기운전기능사,충북,청주시험장,2026-11-08,2026-11-08,5,14500,없음,없음,0,14500,신용카드,신용카드,완료,완료,접수완료,접수완료,2026-08-16 17:43,2026-08-16 17:43:00,복지관,기능사,상시CBT,,필기,비전공자,,,,,,,,,,,
국가기술,DN2026196657,권동석,1939-09-02,1939-09-02,남,남,010-5065-9729,010-5065-9729,고등학교졸업,전기기능사,울산,울산시험장,2026-11-14,2026-11-14,2,14500,없음,없음,0,14500,신용카드,신용카드,완료,완료,접수완료,접수완료,2026-08-12 20:04,2026-08-12 20:04:00,복지관,기능사,정기,2,필기,관련학과졸업,,,,,,,,,,,
국가기술,DN2026282661,양춘희,1954-07-18,1954-07-18,여,여,010-5039-8742,010-5039-8742,중학교졸업,한식조리기능사,전북,전주시험장,2026-10-18,2026-10-18,5,14500,없음,없음,0,14500,계좌이체,계좌이체,완료,완료,접수완료,접수완료,2026-08-06 09:04,2026-08-06 09:04:00,복지관,기능사,상시CBT,,필기,경력,,,,,,,,,,,
국가기술,DN2026164294,류삼석,1946-09-27,1946-09-27,남,남,010-7170-6382,010-7170-6382,무학,지게차운전기능사,강원,춘천시험장,2026-11-02,2026-11-02,3,14500,없음,없음,0,14500,계좌이체,계좌이체,완료,완료,접수완료,접수완료,2026-08-19 18:37,2026-08-19 18:37:00,복지관,기능사,상시CBT,,필기,비전공자,,,,,,,,,,,
국가기술,DN2026122974,심인순,1928-02-16,1928-02-16,여,여,010-2801-8402,010-2801-8402,대학원졸,한식조리기능사,제주,제주시험장,2026-11-25,2026-11-25,5,14500,없음,없음,0,14500,가상계좌,가상계좌,완료,완료,접수완료,접수완료,2026-08-02 21:33,2026-08-02 21:33:00,본인단독,기능사,상시CBT,,필기,비전공자,,,,,,,,,,,
국가기술,DN2026208353,손봉숙,1952-05-24,1952-05-24,여,여,010-6087-2577,010-6087-2577,고등학교졸업,한식조리기능사,광주,광주시험장,2026-10-12,2026-10-12,1,14500,없음,없음,0,14500,계좌이체,계좌이체,완료,완료,접수완료,접수완료,2026-08-08 19:51,2026-08-08 19:51:00,본인단독,기능사,상시CBT,,필기,비전공자,,,,,,,,,,,
국가기술,DN2026389199,권운순,1958-07-17,1958-07-17,여,여,010-2101-6652,010-2101-6652,고등학교졸업,한식조리기능사,서울,서울2시험장,2026-10-24,2026-10-24,5,14500,없음,없음,0,14500,가상계좌,가상계좌,환불,환불,취소,취소,2026-08-04 21:02,2026-08-04 21:02:00,복지관,기능사,상시CBT,,필기,관련학과졸업,,,,,,,,,,,
국가기술,DN2026101844,성옥분,1946-12-10,1946-12-10,여,여,010-8160-9544,010-8160-9544,초등학교졸업,전기기능사,경기,수원시험장,2026-09-22,2026-09-22,2,14500,없음,없음,0,14500,신용카드,신용카드,완료,완료,접수완료,접수완료,2026-08-05 22:23,2026-08-05 22:23:00,복지관,기능사,정기,1,필기,경력,,,,,,,,,,,
국가기술,DN2026196054,문삼석,1934-05-27,1934-05-27,남,남,010-9884-5413,010-9884-5413,대학교졸,한식조리기능사,전남,순천시험장,2026-11-25,2026-11-25,1,14500,없음,없음,0,14500,계좌이체,계좌이체,완료,완료,접수완료,접수완료,2026-08-06 18:02,2026-08-06 18:02:00,본인단독,기능사,상시CBT,,필기,경력,,,,,,,,,,,
국가기술,DN2026855782,유만수,1938-09-07,1938-09-07,남,남,010-1014-1779,010-1014-1779,고등학교졸업,한식조리기능사,전북,전주시험장,2026-10-20,2026-10-20,2,14500,없음,없음,0,14500,신용카드,신용카드,완료,완료,접수완료,접수완료,2026-08-03 11:37,2026-08-03 11:37:00,본인단독,기능사,상시CBT,,필기,경력,,,,,,,,,,,
국가기술,DN2026612664,박두만,1930-06-19,1930-06-19,남,남,010-1052-6314,010-1052-6314,무학,한식조리기능사,울산,울산시험장,2026-10-06,2026-10-06,4,14500,없음,없음,0,14500,신용카드,신용카드,완료,완료,접수완료,접수완료,2026-08-12 12:34,2026-08-12 12:34:00,본인단독,기능사,상시CBT,,필기,경력,,,,,,,,,,,
국가기술,DN2026078890,구정자,1929-05-22,1929-05-22,여,여,010-1787-7524,010-1787-7524,중학교졸업,한식조리기능사,세종,세종시험장,2026-09-01,2026-09-01,5,14500,없음,없음,0,14500,가상계좌,가상계좌,완료,완료,접수완료,접수완료,2026-08-08 14:28,2026-08-08 14:28:00,복지관,기능사,상시CBT,,필기,비전공자,,,,,,,,,,,
국가기술,DN2026991573,구말자,1941-04-15,1941-04-15,여,여,010-9520-4604,010-9520-4604,전문대졸,한식조리기능사,강원,춘천시험장,2026-10-12,2026-10-12,5,14500,없음,없음,0,14500,신용카드,신용카드,완료,완료,접수완료,접수완료,2026-08-07 18:46,2026-08-07 18:46:00,복지관,기능사,상시CBT,,필기,비전공자,,,,,,,,,,,
국가기술,DN2026301775,조명자,1950-08-17,1950-08-17,여,여,010-1820-5845,010-1820-5845,대학원졸,굴착기운전기능사,강원,춘천시험장,2026-10-07,2026-10-07,5,14500,기초생활수급자,기초생활수급자,7250,7250,신용카드,신용카드,완료,완료,접수완료,접수완료,2026-08-15 22:53,2026-08-15 22:53:00,본인단독,기능사,상시CBT,,필기,비전공자,,,,,,,,,,,
국가기술,DN2026717864,구선옥,1960-08-20,1960-08-20,여,여,010-1564-2754,010-1564-2754,초등학교졸업,한식조리기능사,경북,포항시험장,2026-11-16,2026-11-16,5,14500,없음,없음,0,14500,신용카드,신용카드,완료,완료,접수완료,접수완료,2026-08-10 12:43,2026-08-10 12:43:00,가족보조,기능사,상시CBT,,필기,경력,,,,,,,,,,,
국가기술,DN2026659248,김정순,1941-02-04,1941-02-04,여,여,010-9726-9319,010-9726-9319,중학교졸업,지게차운전기능사,인천,인천시험장,2026-09-18,2026-09-18,2,14500,없음,없음,0,14500,신용카드,신용카드,완료,완료,접수완료,접수완료,2026-08-01 14:21,2026-08-01 14:21:00,가족보조,기능사,상시CBT,,필기,경력,,,,,,,,,,,
국가기술,DN2026402462,송재호,1933-06-21,1933-06-21,남,남,010-2416-7608,010-2416-7608,고등학교졸업,한식조리기능사,강원,춘천시험장,2026-11-07,2026-11-07,5,14500,국가유공자,국가유공자,7250,7250,신용카드,신용카드,완료,완료,접수완료,접수완료,2026-08-18 10:53,2026-08-18 10:53:00,가족보조,기능사,상시CBT,,필기,경력,,,,,,,,,,,
국가기술,DN2026639081,허태호,1939-08-12,1939-08-12,남,남,010-8909-5270,010-8909-5270,초등학교졸업,한식조리기능사,대구,대구시험장,2026-10-13,2026-10-13,5,14500,없음,없음,0,14500,계좌이체,계좌이체,완료,완료,접수완료,접수완료,2026-08-05 16:54,2026-08-05 16:54:00,가족보조,기능사,상시CBT,,필기,관련학과졸업,,,,,,,,,,,
국가기술,DN2026070621,우영호,1938-09-13,1938-09-13,남,남,010-1855-7968,010-1855-7968,고등학교졸업,굴착기운전기능사,인천,인천시험장,2026-10-02,2026-10-02,5,14500,없음,없음,0,14500,신용카드,신용카드,완료,완료,접수완료,접수완료,2026-08-13 10:34,2026-08-13 10:34:00,복지관,기능사,상시CBT,,필기,경력,,,,,,,,,,,
국가기술,DN2026039851,정성호,1959-07-15,1959-07-15,남,남,010-7461-3864,010-7461-3864,무학,전기기능사,울산,울산시험장,2026-10-01,2026-10-01,2,14500,없음,없음,0,14500,계좌이체,계좌이체,환불,환불,취소,취소,2026-08-08 19:22,2026-08-08 19:22:00,복지관,기능사,정기,1,필기,경력,,,,,,,,,,,
국가기술,DN2026634641,김봉숙,1959-09-09,1959-09-09,여,여,010-8778-9953,010-8778-9953,중학교졸업,굴착기운전기능사,서울,서울1시험장,2026-11-05,2026-11-05,1,14500,없음,없음,0,14500,신용카드,신용카드,완료,완료,접수완료,접수완료,2026-08-09 21:10,2026-08-09 21:10:00,복지관,기능사,상시CBT,,필기,관련학과졸업,,,,,,,,,,,
국가기술,DN2026407713,최성호,1937-07-07,1937-07-07,남,남,010-2882-9682,010-2882-9682,고등학교졸업,굴착기운전기능사,충남,천안시험장,2026-10-08,2026-10-08,5,14500,없음,없음,0,14500,계좌이체,계좌이체,완료,완료,접수완료,접수완료,2026-08-02 11:23,2026-08-02 11:23:00,가족보조,기능사,상시CBT,,필기,비전공자,,,,,,,,,,,
국가기술,DN2026965185,송금순,1943-02-04,1943-02-04,여,여,010-9279-1229,010-9279-1229,초등학교졸업,한식조리기능사,광주,광주시험장,2026-09-22,2026-09-22,4,14500,없음,없음,0,14500,신용카드,신용카드,완료,완료,접수완료,접수완료,2026-08-11 09:25,2026-08-11 09:25:00,복지관,기능사,상시CBT,,필기,관련학과졸업,,,,,,,,,,,
국가기술,DN2026720126,조상원,1941-07-07,1941-07-07,남,남,010-6736-7582,010-6736-7582,대학교졸,지게차운전기능사,인천,인천시험장,2026-11-14,2026-11-14,3,14500,없음,없음,0,14500,신용카드,신용카드,완료,완료,접수완료,접수완료,2026-08-08 18:25,2026-08-08 18:25:00,복지관,기능사,상시CBT,,필기,관련학과졸업,,,,,,,,,,,
국가기술,DN2026035962,하영자,1940-01-17,1940-01-17,여,여,010-1128-6194,010-1128-6194,대학교졸,굴착기운전기능사,제주,제주시험장,2026-09-04,2026-09-04,2,14500,없음,없음,0,14500,신용카드,신용카드,완료,완료,접수완료,접수완료,2026-08-07 16:13,2026-08-07 16:13:00,본인단독,기능사,상시CBT,,필기,비전공자,,,,,,,,,,,
국가기술,DN2026722614,임철수,1954-08-12,1954-08-12,남,남,010-1370-5657,010-1370-5657,고등학교졸업,전기기능사,세종,세종시험장,2026-10-26,2026-10-26,5,14500,없음,없음,0,14500,신용카드,신용카드,완료,완료,접수완료,접수완료,2026-08-09 19:48,2026-08-09 19:48:00,본인단독,기능사,정기,3,필기,관련학과졸업,,,,,,,,,,,
국가기술,DN2026856335,유동석,1961-08-28,1961-08-28,남,남,010-7151-4373,010-7151-4373,고등학교졸업,전기기능사,울산,울산시험장,2026-09-23,2026-09-23,1,14500,없음,없음,0,14500,신용카드,신용카드,완료,완료,접수완료,접수완료,2026-08-06 14:20,2026-08-06 14:20:00,본인단독,기능사,정기,3,필기,경력,,,,,,,,,,,
국가기술,DN2026561293,정정순,1952-12-22,1952-12-22,여,여,010-2206-2078,010-2206-2078,전문대졸,전기기능사,전남,순천시험장,2026-10-04,2026-10-04,3,14500,없음,없음,0,14500,계좌이체,계좌이체,완료,완료,접수완료,접수완료,2026-08-12 22:59,2026-08-12 22:59:00,본인단독,기능사,정기,2,필기,경력,,,,,,,,,,,
국가기술,DN2026443662,심귀순,1933-04-08,1933-04-08,여,여,010-4126-5944,010-4126-5944,전문대졸,한식조리기능사,서울,서울1시험장,2026-11-22,2026-11-22,3,14500,없음,없음,0,14500,계좌이체,계좌이체,완료,완료,접수완료,접수완료,2026-08-02 21:06,2026-08-02 21:06:00,본인단독,기능사,상시CBT,,필기,비전공자,,,,,,,,,,,
국가기술,DN2026026378,전순옥,1930-12-19,1930-12-19,여,여,010-1693-8034,010-1693-8034,고등학교졸업,굴착기운전기능사,충북,청주시험장,2026-11-13,2026-11-13,4,14500,없음,없음,0,14500,신용카드,신용카드,완료,완료,접수완료,접수완료,2026-08-06 21:19,2026-08-06 21:19:00,가족보조,기능사,상시CBT,,필기,경력,,,,,,,,,,,
국가기술,DN2026564493,문순옥,1954-07-21,1954-07-21,여,여,010-8690-4048,010-8690-4048,전문대졸,전기기능사,경남,창원시험장,2026-11-15,2026-11-15,5,14500,없음,없음,0,14500,신용카드,신용카드,완료,완료,접수완료,접수완료,2026-08-08 15:07,2026-08-08 15:07:00,가족보조,기능사,정기,2,필기,관련학과졸업,,,,,,,,,,,
국가기술,DN2026123061,유원호,1962-01-27,1962-01-27,남,남,010-5907-4482,010-5907-4482,고등학교졸업,전기기능사,경기,수원시험장,2026-10-20,2026-10-20,1,14500,차상위계층,차상위계층,7250,7250,가상계좌,가상계좌,완료,완료,접수완료,접수완료,2026-08-16 11:07,2026-08-16 11:07:00,본인단독,기능사,정기,1,필기,관련학과졸업,,,,,,,,,,,
국가기술,DN2026329614,홍재호,1933-03-19,1933-03-19,남,남,010-3761-4561,010-3761-4561,중학교졸업,전기기능사,경기,고양시험장,2026-09-02,2026-09-02,5,14500,장애인,장애인,7250,7250,신용카드,신용카드,완료,완료,접수완료,접수완료,2026-08-15 22:36,2026-08-15 22:36:00,복지관,기능사,정기,2,필기,비전공자,,,,,,,,,,,
국가기술,DN2026097481,백영호,1934-01-26,1934-01-26,남,남,010-9773-2894,010-9773-2894,고등학교졸업,한식조리기능사,제주,제주시험장,2026-11-02,2026-11-02,1,14500,없음,없음,0,14500,신용카드,신용카드,완료,완료,접수완료,접수완료,2026-08-10 10:52,2026-08-10 10:52:00,본인단독,기능사,상시CBT,,필기,경력,,,,,,,,,,,
국가기술,DN2026236474,오필순,1935-04-27,1935-04-27,여,여,010-8914-8722,010-8914-8722,고등학교졸업,한식조리기능사,세종,세종시험장,2026-11-01,2026-11-01,1,14500,없음,없음,0,14500,계좌이체,계좌이체,완료,완료,접수완료,접수완료,2026-08-12 17:13,2026-08-12 17:13:00,본인단독,기능사,상시CBT,,필기,관련학과졸업,,,,,,,,,,,
국가기술,DN2026693175,성순옥,1954-02-01,1954-02-01,여,여,010-5913-1092,010-5913-1092,중학교졸업,전기기능사,제주,제주시험장,2026-09-24,2026-09-24,2,14500,없음,없음,0,14500,계좌이체,계좌이체,완료,완료,접수완료,접수완료,2026-08-12 12:35,2026-08-12 12:35:00,복지관,기능사,정기,1,필기,비전공자,,,,,,,,,,,
국가기술,DN2026573159,고일남,1941-08-10,1941-08-10,남,남,010-5182-4499,010-5182-4499,대학교졸,지게차운전기능사,제주,제주시험장,2026-10-14,2026-10-14,3,14500,없음,없음,0,14500,계좌이체,계좌이체,대기,대기,결제대기,결제대기,2026-08-14 09:31,2026-08-14 09:31:00,가족보조,기능사,상시CBT,,필기,관련학과졸업,,,,,,,,,,,
국가기술,DN2026535018,안순옥,1938-01-25,1938-01-25,여,여,010-7634-8156,010-7634-8156,대학원졸,굴착기운전기능사,광주,광주시험장,2026-11-08,2026-11-08,3,14500,없음,없음,0,14500,가상계좌,가상계좌,완료,완료,접수완료,접수완료,2026-08-07 11:52,2026-08-07 11:52:00,복지관,기능사,상시CBT,,필기,경력,,,,,,,,,,,
국가기술,DN2026632530,최말순,1933-12-05,1933-12-05,여,여,010-7654-8168,010-7654-8168,고등학교졸업,지게차운전기능사,경북,포항시험장,2026-11-15,2026-11-15,4,14500,장애인,장애인,7250,7250,신용카드,신용카드,완료,완료,접수완료,접수완료,2026-08-19 11:17,2026-08-19 11:17:00,본인단독,기능사,상시CBT,,필기,비전공자,,,,,,,,,,,
국가기술,DN2026606107,문영수,1950-06-08,1950-06-08,남,남,010-8258-9524,010-8258-9524,중학교졸업,한식조리기능사,서울,서울남부시험장,2026-11-05,2026-11-05,1,14500,차상위계층,차상위계층,7250,7250,신용카드,신용카드,완료,완료,접수완료,접수완료,2026-08-13 14:18,2026-08-13 14:18:00,본인단독,기능사,상시CBT,,필기,관련학과졸업,,,,,,,,,,,
국가기술,DN2026387287,오만수,1952-01-09,1952-01-09,남,남,010-9167-3995,010-9167-3995,고등학교졸업,전기기능사,충북,청주시험장,2026-09-17,2026-09-17,4,14500,없음,없음,0,14500,계좌이체,계좌이체,완료,완료,접수완료,접수완료,2026-08-06 19:59,2026-08-06 19:59:00,본인단독,기능사,정기,1,필기,경력,,,,,,,,,,,
국가기술,DN2026557916,우말순,1937-09-25,1937-09-25,여,여,010-8124-6969,010-8124-6969,대학교졸,한식조리기능사,경기,고양시험장,2026-10-23,2026-10-23,1,14500,차상위계층,차상위계층,7250,7250,신용카드,신용카드,환불,환불,취소,취소,2026-08-17 18:51,2026-08-17 18:51:00,본인단독,기능사,상시CBT,,필기,관련학과졸업,,,,,,,,,,,
국가기술,DN2026334239,박복남,1952-06-10,1952-06-10,남,남,010-5075-2852,010-5075-2852,고등학교졸업,지게차운전기능사,경남,창원시험장,2026-11-16,2026-11-16,2,14500,없음,없음,0,14500,신용카드,신용카드,완료,완료,접수완료,접수완료,2026-08-04 12:29,2026-08-04 12:29:00,가족보조,기능사,상시CBT,,필기,관련학과졸업,,,,,,,,,,,
국가기술,DN2026221272,장복순,1964-09-07,1964-09-07,여,여,010-5960-6354,010-5960-6354,초등학교졸업,굴착기운전기능사,경남,창원시험장,2026-09-04,2026-09-04,3,14500,장애인,장애인,7250,7250,신용카드,신용카드,완료,완료,접수완료,접수완료,2026-08-05 19:31,2026-08-05 19:31:00,복지관,기능사,상시CBT,,필기,비전공자,,,,,,,,,,,
국가기술,DN2026515599,류두만,1949-10-14,1949-10-14,남,남,010-9584-9948,010-9584-9948,대학교졸,지게차운전기능사,대구,대구시험장,2026-09-22,2026-09-22,2,14500,없음,없음,0,14500,계좌이체,계좌이체,완료,완료,접수완료,접수완료,2026-08-14 09:31,2026-08-14 09:31:00,복지관,기능사,상시CBT,,필기,비전공자,,,,,,,,,,,
국가기술,DN2026431281,구상길,1965-09-08,1965-09-08,남,남,010-2114-2035,010-2114-2035,초등학교졸업,굴착기운전기능사,부산,부산시험장,2026-09-15,2026-09-15,4,14500,기초생활수급자,기초생활수급자,7250,7250,계좌이체,계좌이체,완료,완료,접수완료,접수완료,2026-08-18 13:17,2026-08-18 13:17:00,가족보조,기능사,상시CBT,,필기,관련학과졸업,,,,,,,,,,,
국가기술,DN2026063514,최점순,1945-07-18,1945-07-18,여,여,010-5658-7661,010-5658-7661,고등학교졸업,굴착기운전기능사,경기,고양시험장,2026-10-10,2026-10-10,4,14500,없음,없음,0,14500,계좌이체,계좌이체,환불,환불,취소,취소,2026-08-18 18:08,2026-08-18 18:08:00,본인단독,기능사,상시CBT,,필기,관련학과졸업,,,,,,,,,,,
국가기술,DN2026122222,장갑수,1962-04-23,1962-04-23,남,남,010-1162-3377,010-1162-3377,대학교졸,지게차운전기능사,전남,순천시험장,2026-10-12,2026-10-12,1,14500,없음,없음,0,14500,계좌이체,계좌이체,완료,완료,접수완료,접수완료,2026-08-19 15:40,2026-08-19 15:40:00,가족보조,기능사,상시CBT,,필기,경력,,,,,,,,,,,
국가기술,DN2026075315,임정자,1933-11-20,1933-11-20,여,여,010-3972-1330,010-3972-1330,고등학교졸업,전기기능사,울산,울산시험장,2026-09-13,2026-09-13,4,14500,없음,없음,0,14500,신용카드,신용카드,완료,완료,접수완료,접수완료,2026-08-04 19:14,2026-08-04 19:14:00,복지관,기능사,정기,1,필기,경력,,,,,,,,,,,
국가기술,DN2026369477,양필호,1933-07-20,1933-07-20,남,남,010-5871-3836,010-5871-3836,전문대졸,지게차운전기능사,충남,천안시험장,2026-09-04,2026-09-04,2,14500,없음,없음,0,14500,계좌이체,계좌이체,완료,완료,접수완료,접수완료,2026-08-05 20:27,2026-08-05 20:27:00,복지관,기능사,상시CBT,,필기,경력,,,,,,,,,,,
국가기술,DN2026940736,최상원,1953-07-26,1953-07-26,남,남,010-2873-8530,010-2873-8530,중학교졸업,지게차운전기능사,인천,인천시험장,2026-10-08,2026-10-08,4,14500,장애인,장애인,7250,7250,신용카드,신용카드,완료,완료,접수완료,접수완료,2026-08-04 22:11,2026-08-04 22:11:00,복지관,기능사,상시CBT,,필기,관련학과졸업,,,,,,,,,,,
국가기술,DN2026422673,오복남,1966-02-03,1966-02-03,남,남,010-4780-1338,010-4780-1338,초등학교졸업,전기기능사,충남,천안시험장,2026-11-02,2026-11-02,5,14500,차상위계층,차상위계층,7250,7250,신용카드,신용카드,완료,완료,접수완료,접수완료,2026-08-15 16:57,2026-08-15 16:57:00,가족보조,기능사,정기,1,필기,경력,,,,,,,,,,,
국가기술,DN2026058951,박갑수,1954-11-15,1954-11-15,남,남,010-5878-3858,010-5878-3858,고등학교졸업,한식조리기능사,대전,대전시험장,2026-11-26,2026-11-26,5,14500,없음,없음,0,14500,신용카드,신용카드,완료,완료,접수완료,접수완료,2026-08-03 13:33,2026-08-03 13:33:00,가족보조,기능사,상시CBT,,필기,경력,,,,,,,,,,,
국가기술,DN2026461055,김영호,1931-04-10,1931-04-10,남,남,010-2227-3617,010-2227-3617,중학교졸업,지게차운전기능사,인천,인천시험장,2026-11-18,2026-11-18,5,14500,없음,없음,0,14500,가상계좌,가상계좌,완료,완료,접수완료,접수완료,2026-08-03 13:39,2026-08-03 13:39:00,가족보조,기능사,상시CBT,,필기,경력,,,,,,,,,,,
국가기술,DN2026044398,우복남,1933-10-25,1933-10-25,남,남,010-3981-1847,010-3981-1847,대학교졸,한식조리기능사,경북,포항시험장,2026-09-15,2026-09-15,4,14500,장애인,장애인,7250,7250,계좌이체,계좌이체,완료,완료,접수완료,접수완료,2026-08-11 20:10,2026-08-11 20:10:00,가족보조,기능사,상시CBT,,필기,경력,,,,,,,,,,,
국가기술,DN2026691979,남갑수,1935-10-07,1935-10-07,남,남,010-3102-4684,010-3102-4684,중학교졸업,전기기능사,대구,대구시험장,2026-10-16,2026-10-16,5,14500,없음,없음,0,14500,신용카드,신용카드,완료,완료,접수완료,접수완료,2026-08-08 15:30,2026-08-08 15:30:00,복지관,기능사,정기,3,필기,비전공자,,,,,,,,,,,
국가기술,DN2026976955,손병수,1963-10-07,1963-10-07,남,남,010-7762-1226,010-7762-1226,대학교졸,한식조리기능사,경기,고양시험장,2026-11-03,2026-11-03,1,14500,없음,없음,0,14500,가상계좌,가상계좌,완료,완료,접수완료,접수완료,2026-08-11 10:33,2026-08-11 10:33:00,본인단독,기능사,상시CBT,,필기,비전공자,,,,,,,,,,,
국가기술,DN2026886002,류명자,1940-02-19,1940-02-19,여,여,010-2099-7562,010-2099-7562,무학,굴착기운전기능사,충북,청주시험장,2026-11-21,2026-11-21,2,14500,없음,없음,0,14500,신용카드,신용카드,완료,완료,접수완료,접수완료,2026-08-19 14:04,2026-08-19 14:04:00,본인단독,기능사,상시CBT,,필기,비전공자,,,,,,,,,,,
국가기술,DN2026765922,노만복,1942-01-26,1942-01-26,남,남,010-1196-1290,010-1196-1290,대학교졸,굴착기운전기능사,부산,부산남부시험장,2026-09-21,2026-09-21,2,14500,없음,없음,0,14500,신용카드,신용카드,완료,완료,접수완료,접수완료,2026-08-03 21:57,2026-08-03 21:57:00,가족보조,기능사,상시CBT,,필기,경력,,,,,,,,,,,
국가기술,DN2026500103,곽계순,1965-09-23,1965-09-23,여,여,010-3966-4314,010-3966-4314,전문대졸,한식조리기능사,경기,수원시험장,2026-10-18,2026-10-18,5,14500,국가유공자,국가유공자,7250,7250,신용카드,신용카드,완료,완료,접수완료,접수완료,2026-08-19 18:28,2026-08-19 18:28:00,가족보조,기능사,상시CBT,,필기,비전공자,,,,,,,,,,,
국가기술,DN2026045674,노필순,1966-12-16,1966-12-16,여,여,010-4830-7592,010-4830-7592,고등학교졸업,굴착기운전기능사,울산,울산시험장,2026-09-23,2026-09-23,5,14500,없음,없음,0,14500,계좌이체,계좌이체,완료,완료,접수완료,접수완료,2026-08-09 12:56,2026-08-09 12:56:00,본인단독,기능사,상시CBT,,필기,비전공자,,,,,,,,,,,
국가기술,DN2026547921,홍광수,1945-07-13,1945-07-13,남,남,010-1343-8304,010-1343-8304,고등학교졸업,전기기능사,강원,춘천시험장,2026-10-26,2026-10-26,3,14500,없음,없음,0,14500,계좌이체,계좌이체,대기,대기,결제대기,결제대기,2026-08-03 21:47,2026-08-03 21:47:00,가족보조,기능사,정기,4,필기,경력,,,,,,,,,,,
국가기술,DN2026474890,송경자,1964-12-13,1964-12-13,여,여,010-7043-2984,010-7043-2984,무학,지게차운전기능사,전남,순천시험장,2026-10-24,2026-10-24,2,14500,없음,없음,0,14500,계좌이체,계좌이체,완료,완료,접수완료,접수완료,2026-08-19 15:26,2026-08-19 15:26:00,가족보조,기능사,상시CBT,,필기,관련학과졸업,,,,,,,,,,,
국가기술,DN2026000561,민운순,1949-06-05,1949-06-05,여,여,010-7674-3064,010-7674-3064,중학교졸업,전기기능사,제주,제주시험장,2026-09-23,2026-09-23,2,14500,없음,없음,0,14500,계좌이체,계좌이체,대기,대기,결제대기,결제대기,2026-08-18 21:34,2026-08-18 21:34:00,복지관,기능사,정기,1,필기,비전공자,,,,,,,,,,,
국가기술,DN2026212019,유운순,1939-10-02,1939-10-02,여,여,010-7916-4352,010-7916-4352,고등학교졸업,지게차운전기능사,서울,서울1시험장,2026-11-24,2026-11-24,4,14500,없음,없음,0,14500,신용카드,신용카드,환불,환불,취소,취소,2026-08-17 10:52,2026-08-17 10:52:00,복지관,기능사,상시CBT,,필기,경력,,,,,,,,,,,
국가기술,DN2026817344,성동석,1939-03-20,1939-03-20,남,남,010-4063-5603,010-4063-5603,중학교졸업,지게차운전기능사,전북,전주시험장,2026-09-23,2026-09-23,4,14500,국가유공자,국가유공자,7250,7250,계좌이체,계좌이체,완료,완료,접수완료,접수완료,2026-08-16 18:09,2026-08-16 18:09:00,복지관,기능사,상시CBT,,필기,경력,,,,,,,,,,,
국가기술,DN2026019546,남봉숙,1959-04-17,1959-04-17,여,여,010-8212-1837,010-8212-1837,대학원졸,지게차운전기능사,제주,제주시험장,2026-10-19,2026-10-19,1,14500,없음,없음,0,14500,신용카드,신용카드,완료,완료,접수완료,접수완료,2026-08-06 16:37,2026-08-06 16:37:00,복지관,기능사,상시CBT,,필기,경력,,,,,,,,,,,
국가기술,DN2026246680,김영수,1935-12-20,1935-12-20,남,남,010-7430-3472,010-7430-3472,고등학교졸업,지게차운전기능사,제주,제주시험장,2026-09-06,2026-09-06,1,14500,없음,없음,0,14500,신용카드,신용카드,완료,완료,접수완료,접수완료,2026-08-17 11:34,2026-08-17 11:34:00,가족보조,기능사,상시CBT,,필기,비전공자,,,,,,,,,,,
국가기술,DN2026985483,하정자,1958-09-10,1958-09-10,여,여,010-3564-8337,010-3564-8337,전문대졸,지게차운전기능사,경기,성남시험장,2026-11-27,2026-11-27,1,14500,없음,없음,0,14500,신용카드,신용카드,완료,완료,접수완료,접수완료,2026-08-17 16:59,2026-08-17 16:59:00,본인단독,기능사,상시CBT,,필기,경력,,,,,,,,,,,
국가기술,DN2026810069,박운순,1948-03-15,1948-03-15,여,여,010-1557-4243,010-1557-4243,대학교졸,지게차운전기능사,충북,청주시험장,2026-09-13,2026-09-13,3,14500,없음,없음,0,14500,신용카드,신용카드,완료,완료,접수완료,접수완료,2026-08-10 22:20,2026-08-10 22:20:00,본인단독,기능사,상시CBT,,필기,경력,,,,,,,,,,,
국가기술,DN2026111006,차인순,1934-09-11,1934-09-11,여,여,010-4431-6799,010-4431-6799,고등학교졸업,한식조리기능사,대전,대전시험장,2026-11-16,2026-11-16,5,14500,없음,없음,0,14500,계좌이체,계좌이체,완료,완료,접수완료,접수완료,2026-08-13 18:18,2026-08-13 18:18:00,복지관,기능사,상시CBT,,필기,관련학과졸업,,,,,,,,,,,
국가기술,DN2026537064,한귀순,1953-11-03,1953-11-03,여,여,010-1688-6139,010-1688-6139,중학교졸업,전기기능사,충남,천안시험장,2026-09-02,2026-09-02,4,14500,없음,없음,0,14500,계좌이체,계좌이체,완료,완료,접수완료,접수완료,2026-08-15 09:22,2026-08-15 09:22:00,복지관,기능사,정기,3,필기,관련학과졸업,,,,,,,,,,,
국가기술,DN2026097997,구순자,1938-09-12,1938-09-12,여,여,010-1556-8185,010-1556-8185,고등학교졸업,전기기능사,충북,청주시험장,2026-11-27,2026-11-27,5,14500,기초생활수급자,기초생활수급자,7250,7250,신용카드,신용카드,완료,완료,접수완료,접수완료,2026-08-02 10:14,2026-08-02 10:14:00,복지관,기능사,정기,3,필기,비전공자,,,,,,,,,,,
국가기술,DN2026602332,백두만,1930-09-26,1930-09-26,남,남,010-5276-6653,010-5276-6653,고등학교졸업,한식조리기능사,충남,천안시험장,2026-11-07,2026-11-07,5,14500,없음,없음,0,14500,가상계좌,가상계좌,완료,완료,접수완료,접수완료,2026-08-13 12:33,2026-08-13 12:33:00,가족보조,기능사,상시CBT,,필기,관련학과졸업,,,,,,,,,,,
국가기술,DN2026241796,성만복,1937-07-12,1937-07-12,남,남,010-1494-4582,010-1494-4582,고등학교졸업,한식조리기능사,부산,부산남부시험장,2026-11-10,2026-11-10,1,14500,기초생활수급자,기초생활수급자,7250,7250,신용카드,신용카드,완료,완료,접수완료,접수완료,2026-08-08 15:24,2026-08-08 15:24:00,복지관,기능사,상시CBT,,필기,관련학과졸업,,,,,,,,,,,
국가기술,DN2026906312,노영숙,1945-12-25,1945-12-25,여,여,010-3209-9609,010-3209-9609,대학원졸,전기기능사,경기,성남시험장,2026-09-15,2026-09-15,5,14500,없음,없음,0,14500,가상계좌,가상계좌,완료,완료,접수완료,접수완료,2026-08-02 12:24,2026-08-02 12:24:00,가족보조,기능사,정기,1,필기,경력,,,,,,,,,,,
국가기술,DN2026121665,장상길,1930-05-28,1930-05-28,남,남,010-7022-5170,010-7022-5170,고등학교졸업,한식조리기능사,광주,광주시험장,2026-11-08,2026-11-08,3,14500,기초생활수급자,기초생활수급자,7250,7250,계좌이체,계좌이체,대기,대기,결제대기,결제대기,2026-08-14 19:32,2026-08-14 19:32:00,복지관,기능사,상시CBT,,필기,관련학과졸업,,,,,,,,,,,
국가기술,DN2026499326,곽상길,1951-01-22,1951-01-22,남,남,010-2268-2767,010-2268-2767,고등학교졸업,한식조리기능사,강원,춘천시험장,2026-09-04,2026-09-04,2,14500,없음,없음,0,14500,신용카드,신용카드,완료,완료,접수완료,접수완료,2026-08-19 10:33,2026-08-19 10:33:00,복지관,기능사,상시CBT,,필기,경력,,,,,,,,,,,
국가기술,DN2026622540,안만수,1940-01-12,1940-01-12,남,남,010-3541-5450,010-3541-5450,고등학교졸업,한식조리기능사,부산,부산남부시험장,2026-10-12,2026-10-12,3,14500,없음,없음,0,14500,신용카드,신용카드,완료,완료,접수완료,접수완료,2026-08-03 10:28,2026-08-03 10:28:00,복지관,기능사,상시CBT,,필기,경력,,,,,,,,,,,
국가기술,DN2026453178,백삼석,1938-11-06,1938-11-06,남,남,010-8931-7078,010-8931-7078,고등학교졸업,지게차운전기능사,충남,천안시험장,2026-09-22,2026-09-22,4,14500,없음,없음,0,14500,계좌이체,계좌이체,완료,완료,접수완료,접수완료,2026-08-14 11:31,2026-08-14 11:31:00,복지관,기능사,상시CBT,,필기,비전공자,,,,,,,,,,,
국가기술,DN2026077960,신기철,1957-08-02,1957-08-02,남,남,010-2880-4829,010-2880-4829,고등학교졸업,지게차운전기능사,경기,수원시험장,2026-11-24,2026-11-24,2,14500,없음,없음,0,14500,신용카드,신용카드,환불,환불,취소,취소,2026-08-02 20:23,2026-08-02 20:23:00,본인단독,기능사,상시CBT,,필기,관련학과졸업,,,,,,,,,,,
국가기술,DN2026345117,구선옥,1949-05-28,1949-05-28,여,여,010-7530-8178,010-7530-8178,대학원졸,굴착기운전기능사,대전,대전시험장,2026-10-28,2026-10-28,5,14500,차상위계층,차상위계층,7250,7250,가상계좌,가상계좌,완료,완료,접수완료,접수완료,2026-08-07 10:47,2026-08-07 10:47:00,가족보조,기능사,상시CBT,,필기,관련학과졸업,,,,,,,,,,,
국가기술,DN2026100483,오복남,1946-09-23,1946-09-23,남,남,010-5331-7047,010-5331-7047,대학교졸,한식조리기능사,충남,천안시험장,2026-09-12,2026-09-12,2,14500,없음,없음,0,14500,계좌이체,계좌이체,완료,완료,접수완료,접수완료,2026-08-10 17:54,2026-08-10 17:54:00,복지관,기능사,상시CBT,,필기,경력,,,,,,,,,,,
국가기술,DN2026277830,강복순,1943-08-23,1943-08-23,여,여,010-8631-4627,010-8631-4627,고등학교졸업,한식조리기능사,세종,세종시험장,2026-10-21,2026-10-21,3,14500,없음,없음,0,14500,계좌이체,계좌이체,완료,완료,접수완료,접수완료,2026-08-07 15:16,2026-08-07 15:16:00,가족보조,기능사,상시CBT,,필기,경력,,,,,,,,,,,
국가기술,DN2026990894,민철수,1929-04-07,1929-04-07,남,남,010-7035-2124,010-7035-2124,대학원졸,전기기능사,경남,창원시험장,2026-10-02,2026-10-02,2,14500,없음,없음,0,14500,계좌이체,계좌이체,완료,완료,접수완료,접수완료,2026-08-06 20:01,2026-08-06 20:01:00,복지관,기능사,정기,4,필기,관련학과졸업,,,,,,,,,,,
국가기술,DN2026296070,유두만,1959-02-02,1959-02-02,남,남,010-4523-8232,010-4523-8232,고등학교졸업,전기기능사,충남,천안시험장,2026-11-26,2026-11-26,1,14500,없음,없음,0,14500,계좌이체,계좌이체,완료,완료,접수완료,접수완료,2026-08-13 19:16,2026-08-13 19:16:00,복지관,기능사,정기,1,필기,경력,,,,,,,,,,,
국가기술,DN2026185639,허경자,1955-08-01,1955-08-01,여,여,010-9958-1062,010-9958-1062,고등학교졸업,지게차운전기능사,전북,전주시험장,2026-09-09,2026-09-09,1,14500,없음,없음,0,14500,가상계좌,가상계좌,완료,완료,접수완료,접수완료,2026-08-07 12:50,2026-08-07 12:50:00,복지관,기능사,상시CBT,,필기,비전공자,,,,,,,,,,,
국가기술,DN2026015178,한말자,1950-03-26,1950-03-26,여,여,010-9461-9935,010-9461-9935,대학원졸,굴착기운전기능사,경기,수원시험장,2026-09-24,2026-09-24,3,14500,없음,없음,0,14500,계좌이체,계좌이체,완료,완료,접수완료,접수완료,2026-08-02 17:57,2026-08-02 17:57:00,본인단독,기능사,상시CBT,,필기,경력,,,,,,,,,,,
국가기술,DN2026635143,권재호,1933-12-03,1933-12-03,남,남,010-3309-4677,010-3309-4677,고등학교졸업,전기기능사,부산,부산시험장,2026-11-25,2026-11-25,3,14500,없음,없음,0,14500,신용카드,신용카드,완료,완료,접수완료,접수완료,2026-08-09 11:48,2026-08-09 11:48:00,가족보조,기능사,정기,1,필기,비전공자,,,,,,,,,,,
국가기술,DN2026527339,고계순,1946-04-27,1946-04-27,여,여,010-9317-5011,010-9317-5011,대학교졸,굴착기운전기능사,울산,울산시험장,2026-11-26,2026-11-26,4,14500,없음,없음,0,14500,신용카드,신용카드,완료,완료,접수완료,접수완료,2026-08-10 12:56,2026-08-10 12:56:00,복지관,기능사,상시CBT,,필기,경력,,,,,,,,,,,
국가기술,DN2026794054,성갑순,1930-03-25,1930-03-25,여,여,010-3401-9990,010-3401-9990,고등학교졸업,한식조리기능사,경북,포항시험장,2026-09-22,2026-09-22,2,14500,없음,없음,0,14500,신용카드,신용카드,완료,완료,접수완료,접수완료,2026-08-01 22:14,2026-08-01 22:14:00,복지관,기능사,상시CBT,,필기,경력,,,,,,,,,,,
국가기술,DN2026182185,문영숙,1955-10-03,1955-10-03,여,여,010-3495-9792,010-3495-9792,대학교졸,한식조리기능사,경북,포항시험장,2026-10-22,2026-10-22,2,14500,없음,없음,0,14500,신용카드,신용카드,완료,완료,접수완료,접수완료,2026-08-19 11:21,2026-08-19 11:21:00,가족보조,기능사,상시CBT,,필기,경력,,,,,,,,,,,
국가기술,DN2026545725,장점순,1966-10-26,1966-10-26,여,여,010-7216-1210,010-7216-1210,무학,지게차운전기능사,광주,광주시험장,2026-10-26,2026-10-26,4,14500,없음,없음,0,14500,계좌이체,계좌이체,완료,완료,접수완료,접수완료,2026-08-11 09:56,2026-08-11 09:56:00,가족보조,기능사,상시CBT,,필기,관련학과졸업,,,,,,,,,,,
국가기술,DN2026374621,배동호,1947-03-07,1947-03-07,남,남,010-2339-4150,010-2339-4150,초등학교졸업,굴착기운전기능사,경남,창원시험장,2026-10-14,2026-10-14,5,14500,없음,없음,0,14500,신용카드,신용카드,환불,환불,취소,취소,2026-08-04 13:25,2026-08-04 13:25:00,본인단독,기능사,상시CBT,,필기,경력,,,,,,,,,,,
국가기술,DN2026441911,양일남,1963-02-16,1963-02-16,남,남,010-6758-2141,010-6758-2141,고등학교졸업,한식조리기능사,인천,인천시험장,2026-11-24,2026-11-24,3,14500,없음,없음,0,14500,계좌이체,계좌이체,완료,완료,접수완료,접수완료,2026-08-19 12:21,2026-08-19 12:21:00,가족보조,기능사,상시CBT,,필기,경력,,,,,,,,,,,
국가기술,DN2026419865,성경자,1966-12-07,1966-12-07,여,여,010-8731-5584,010-8731-5584,중학교졸업,굴착기운전기능사,대전,대전시험장,2026-11-12,2026-11-12,1,14500,없음,없음,0,14500,가상계좌,가상계좌,완료,완료,접수완료,접수완료,2026-08-10 11:54,2026-08-10 11:54:00,본인단독,기능사,상시CBT,,필기,비전공자,,,,,,,,,,,
국가기술,DN2026565785,김점순,1963-11-15,1963-11-15,여,여,010-5171-6994,010-5171-6994,고등학교졸업,전기기능사,대전,대전시험장,2026-11-19,2026-11-19,5,14500,없음,없음,0,14500,계좌이체,계좌이체,완료,완료,접수완료,접수완료,2026-08-16 19:29,2026-08-16 19:29:00,가족보조,기능사,정기,1,필기,관련학과졸업,,,,,,,,,,,
국가기술,DN2026732313,윤순자,1941-11-03,1941-11-03,여,여,010-3242-5034,010-3242-5034,대학교졸,굴착기운전기능사,대전,대전시험장,2026-11-20,2026-11-20,5,14500,없음,없음,0,14500,신용카드,신용카드,완료,완료,접수완료,접수완료,2026-08-08 10:00,2026-08-08 10:00:00,가족보조,기능사,상시CBT,,필기,경력,,,,,,,,,,,
국가기술,DN2026354774,양귀순,1965-12-04,1965-12-04,여,여,010-5711-8526,010-5711-8526,중학교졸업,지게차운전기능사,세종,세종시험장,2026-11-27,2026-11-27,1,14500,없음,없음,0,14500,신용카드,신용카드,대기,대기,결제대기,결제대기,2026-08-06 11:36,2026-08-06 11:36:00,본인단독,기능사,상시CBT,,필기,경력,,,,,,,,,,,
국가기술,DN2026058382,장정순,1941-09-12,1941-09-12,여,여,010-8482-4684,010-8482-4684,대학교졸,한식조리기능사,세종,세종시험장,2026-10-05,2026-10-05,2,14500,없음,없음,0,14500,신용카드,신용카드,완료,완료,접수완료,접수완료,2026-08-01 11:53,2026-08-01 11:53:00,본인단독,기능사,상시CBT,,필기,관련학과졸업,,,,,,,,,,,
국가기술,DN2026472156,조귀순,1934-11-15,1934-11-15,여,여,010-9216-9519,010-9216-9519,대학교졸,한식조리기능사,광주,광주시험장,2026-11-08,2026-11-08,3,14500,장애인,장애인,7250,7250,계좌이체,계좌이체,환불,환불,취소,취소,2026-08-07 12:18,2026-08-07 12:18:00,가족보조,기능사,상시CBT,,필기,비전공자,,,,,,,,,,,
국가기술,DN2026412371,고일남,1951-09-22,1951-09-22,남,남,010-7584-8679,010-7584-8679,대학교졸,지게차운전기능사,강원,춘천시험장,2026-10-13,2026-10-13,5,14500,없음,없음,0,14500,계좌이체,계좌이체,완료,완료,접수완료,접수완료,2026-08-08 20:02,2026-08-08 20:02:00,가족보조,기능사,상시CBT,,필기,관련학과졸업,,,,,,,,,,,
국가기술,DN2026515482,민삼석,1956-07-24,1956-07-24,남,남,010-3070-8915,010-3070-8915,전문대졸,한식조리기능사,부산,부산시험장,2026-10-28,2026-10-28,2,14500,국가유공자,국가유공자,7250,7250,가상계좌,가상계좌,완료,완료,접수완료,접수완료,2026-08-04 22:32,2026-08-04 22:32:00,본인단독,기능사,상시CBT,,필기,경력,,,,,,,,,,,
국가기술,DN2026341226,안말순,1934-07-08,1934-07-08,여,여,010-3224-5176,010-3224-5176,대학원졸,한식조리기능사,경남,창원시험장,2026-10-21,2026-10-21,4,14500,없음,없음,0,14500,가상계좌,가상계좌,완료,완료,접수완료,접수완료,2026-08-06 13:22,2026-08-06 13:22:00,본인단독,기능사,상시CBT,,필기,비전공자,,,,,,,,,,,
국가기술,DN2026503597,구정호,1940-08-15,1940-08-15,남,남,010-7888-3565,010-7888-3565,중학교졸업,한식조리기능사,부산,부산남부시험장,2026-09-22,2026-09-22,1,14500,없음,없음,0,14500,계좌이체,계좌이체,완료,완료,접수완료,접수완료,2026-08-01 12:30,2026-08-01 12:30:00,가족보조,기능사,상시CBT,,필기,관련학과졸업,,,,,,,,,,,
국가기술,DN2026314189,정만복,1963-11-06,1963-11-06,남,남,010-2583-9520,010-2583-9520,전문대졸,지게차운전기능사,강원,춘천시험장,2026-10-12,2026-10-12,3,14500,없음,없음,0,14500,계좌이체,계좌이체,완료,완료,접수완료,접수완료,2026-08-11 15:28,2026-08-11 15:28:00,본인단독,기능사,상시CBT,,필기,비전공자,,,,,,,,,,,
국가기술,DN2026507780,양정자,1938-08-17,1938-08-17,여,여,010-6228-4982,010-6228-4982,전문대졸,한식조리기능사,경기,성남시험장,2026-10-09,2026-10-09,2,14500,기초생활수급자,기초생활수급자,7250,7250,신용카드,신용카드,완료,완료,접수완료,접수완료,2026-08-15 15:19,2026-08-15 15:19:00,본인단독,기능사,상시CBT,,필기,경력,,,,,,,,,,,
국가기술,DN2026286496,강태호,1929-05-13,1929-05-13,남,남,010-8397-2477,010-8397-2477,고등학교졸업,굴착기운전기능사,경기,수원시험장,2026-10-22,2026-10-22,1,14500,없음,없음,0,14500,계좌이체,계좌이체,완료,완료,접수완료,접수완료,2026-08-05 12:25,2026-08-05 12:25:00,본인단독,기능사,상시CBT,,필기,관련학과졸업,,,,,,,,,,,
국가기술,DN2026970011,양영호,1962-06-27,1962-06-27,남,남,010-3819-1764,010-3819-1764,중학교졸업,전기기능사,경남,창원시험장,2026-09-07,2026-09-07,4,14500,장애인,장애인,7250,7250,신용카드,신용카드,완료,완료,접수완료,접수완료,2026-08-18 18:04,2026-08-18 18:04:00,가족보조,기능사,정기,3,필기,경력,,,,,,,,,,,
국가기술,DN2026317515,안영자,1935-11-21,1935-11-21,여,여,010-4839-9473,010-4839-9473,고등학교졸업,지게차운전기능사,경북,포항시험장,2026-09-09,2026-09-09,4,14500,기초생활수급자,기초생활수급자,7250,7250,계좌이체,계좌이체,완료,완료,접수완료,접수완료,2026-08-03 13:37,2026-08-03 13:37:00,본인단독,기능사,상시CBT,,필기,경력,,,,,,,,,,,
국가기술,DN2026800513,정말순,1944-08-08,1944-08-08,여,여,010-6777-9933,010-6777-9933,중학교졸업,한식조리기능사,제주,제주시험장,2026-09-23,2026-09-23,2,14500,없음,없음,0,14500,신용카드,신용카드,완료,완료,접수완료,접수완료,2026-08-14 19:10,2026-08-14 19:10:00,복지관,기능사,상시CBT,,필기,관련학과졸업,,,,,,,,,,,
국가기술,DN2026212303,고영자,1948-03-09,1948-03-09,여,여,010-8475-7725,010-8475-7725,고등학교졸업,한식조리기능사,세종,세종시험장,2026-11-19,2026-11-19,3,14500,없음,없음,0,14500,신용카드,신용카드,완료,완료,접수완료,접수완료,2026-08-13 12:41,2026-08-13 12:41:00,복지관,기능사,상시CBT,,필기,관련학과졸업,,,,,,,,,,,
국가기술,DN2026271173,안선옥,1956-02-27,1956-02-27,여,여,010-9042-3927,010-9042-3927,고등학교졸업,지게차운전기능사,전북,전주시험장,2026-09-23,2026-09-23,5,14500,없음,없음,0,14500,신용카드,신용카드,완료,완료,접수완료,접수완료,2026-08-15 11:03,2026-08-15 11:03:00,가족보조,기능사,상시CBT,,필기,비전공자,,,,,,,,,,,
국가기술,DN2026251338,안근호,1948-10-21,1948-10-21,남,남,010-2164-8086,010-2164-8086,중학교졸업,지게차운전기능사,광주,광주시험장,2026-09-07,2026-09-07,4,14500,국가유공자,국가유공자,7250,7250,가상계좌,가상계좌,환불,환불,취소,취소,2026-08-15 16:40,2026-08-15 16:40:00,복지관,기능사,상시CBT,,필기,비전공자,,,,,,,,,,,
국가기술,DN2026521435,김순옥,1950-08-04,1950-08-04,여,여,010-4092-3263,010-4092-3263,대학원졸,지게차운전기능사,경기,수원시험장,2026-09-11,2026-09-11,3,14500,없음,없음,0,14500,신용카드,신용카드,완료,완료,접수완료,접수완료,2026-08-05 11:04,2026-08-05 11:04:00,복지관,기능사,상시CBT,,필기,비전공자,,,,,,,,,,,
국가기술,DN2026186140,이만수,1959-05-11,1959-05-11,남,남,010-3068-7931,010-3068-7931,중학교졸업,굴착기운전기능사,대전,대전시험장,2026-09-10,2026-09-10,3,14500,없음,없음,0,14500,계좌이체,계좌이체,완료,완료,접수완료,접수완료,2026-08-11 10:23,2026-08-11 10:23:00,가족보조,기능사,상시CBT,,필기,관련학과졸업,,,,,,,,,,,
국가기술,DN2026518957,김경자,1956-12-21,1956-12-21,여,여,010-3236-9286,010-3236-9286,고등학교졸업,한식조리기능사,전북,전주시험장,2026-09-07,2026-09-07,5,14500,없음,없음,0,14500,신용카드,신용카드,완료,완료,접수완료,접수완료,2026-08-07 17:40,2026-08-07 17:40:00,가족보조,기능사,상시CBT,,필기,관련학과졸업,,,,,,,,,,,
국가기술,DN2026340194,곽광수,1931-11-17,1931-11-17,남,남,010-6345-7608,010-6345-7608,대학교졸,지게차운전기능사,경남,창원시험장,2026-09-15,2026-09-15,4,14500,없음,없음,0,14500,가상계좌,가상계좌,완료,완료,접수완료,접수완료,2026-08-18 14:25,2026-08-18 14:25:00,가족보조,기능사,상시CBT,,필기,관련학과졸업,,,,,,,,,,,
국가기술,DN2026206087,양정호,1948-03-24,1948-03-24,남,남,010-8313-4710,010-8313-4710,고등학교졸업,지게차운전기능사,경남,창원시험장,2026-09-05,2026-09-05,5,14500,없음,없음,0,14500,신용카드,신용카드,완료,완료,접수완료,접수완료,2026-08-03 13:42,2026-08-03 13:42:00,복지관,기능사,상시CBT,,필기,비전공자,,,,,,,,,,,
국가기술,DN2026177906,우원호,1955-09-22,1955-09-22,남,남,010-3771-3184,010-3771-3184,고등학교졸업,한식조리기능사,전북,전주시험장,2026-11-15,2026-11-15,5,14500,없음,없음,0,14500,신용카드,신용카드,완료,완료,접수완료,접수완료,2026-08-02 12:17,2026-08-02 12:17:00,복지관,기능사,상시CBT,,필기,경력,,,,,,,,,,,
국가기술,DN2026612353,홍계순,1947-11-10,1947-11-10,여,여,010-4869-1362,010-4869-1362,대학원졸,지게차운전기능사,인천,인천시험장,2026-11-15,2026-11-15,4,14500,없음,없음,0,14500,계좌이체,계좌이체,완료,완료,접수완료,접수완료,2026-08-07 15:34,2026-08-07 15:34:00,본인단독,기능사,상시CBT,,필기,경력,,,,,,,,,,,
국가기술,DN2026287736,민말순,1932-11-14,1932-11-14,여,여,010-3874-2302,010-3874-2302,초등학교졸업,전기기능사,광주,광주시험장,2026-10-10,2026-10-10,5,14500,없음,없음,0,14500,신용카드,신용카드,완료,완료,접수완료,접수완료,2026-08-04 20:40,2026-08-04 20:40:00,가족보조,기능사,정기,1,필기,경력,,,,,,,,,,,
국가기술,DN2026411230,안필호,1943-10-24,1943-10-24,남,남,010-9682-7833,010-9682-7833,대학원졸,전기기능사,광주,광주시험장,2026-11-12,2026-11-12,3,14500,없음,없음,0,14500,신용카드,신용카드,완료,완료,접수완료,접수완료,2026-08-12 18:51,2026-08-12 18:51:00,가족보조,기능사,정기,3,필기,관련학과졸업,,,,,,,,,,,
국가기술,DN2026365012,이영자,1945-09-28,1945-09-28,여,여,010-7023-7315,010-7023-7315,대학교졸,지게차운전기능사,울산,울산시험장,2026-09-14,2026-09-14,2,14500,기초생활수급자,기초생활수급자,7250,7250,신용카드,신용카드,환불,환불,취소,취소,2026-08-19 13:22,2026-08-19 13:22:00,복지관,기능사,상시CBT,,필기,비전공자,,,,,,,,,,,
국가기술,DN2026107646,안영호,1937-05-15,1937-05-15,남,남,010-5469-3103,010-5469-3103,고등학교졸업,지게차운전기능사,충북,청주시험장,2026-10-10,2026-10-10,2,14500,없음,없음,0,14500,계좌이체,계좌이체,완료,완료,접수완료,접수완료,2026-08-05 13:54,2026-08-05 13:54:00,가족보조,기능사,상시CBT,,필기,경력,,,,,,,,,,,
국가기술,DN2026305386,신명자,1953-07-04,1953-07-04,여,여,010-6808-9541,010-6808-9541,고등학교졸업,굴착기운전기능사,경북,포항시험장,2026-11-20,2026-11-20,5,14500,없음,없음,0,14500,신용카드,신용카드,완료,완료,접수완료,접수완료,2026-08-02 16:52,2026-08-02 16:52:00,본인단독,기능사,상시CBT,,필기,경력,,,,,,,,,,,
국가기술,DN2026835292,주계순,1928-04-22,1928-04-22,여,여,010-7324-7121,010-7324-7121,전문대졸,한식조리기능사,충북,청주시험장,2026-09-27,2026-09-27,2,14500,없음,없음,0,14500,계좌이체,계좌이체,완료,완료,접수완료,접수완료,2026-08-16 11:57,2026-08-16 11:57:00,가족보조,기능사,상시CBT,,필기,경력,,,,,,,,,,,
국가기술,DN2026606902,권용기,1945-12-06,1945-12-06,남,남,010-2469-3715,010-2469-3715,초등학교졸업,굴착기운전기능사,대구,대구시험장,2026-10-12,2026-10-12,4,14500,없음,없음,0,14500,신용카드,신용카드,대기,대기,결제대기,결제대기,2026-08-11 11:09,2026-08-11 11:09:00,가족보조,기능사,상시CBT,,필기,관련학과졸업,,,,,,,,,,,
국가기술,DN2026845710,최삼석,1931-12-07,1931-12-07,남,남,010-6115-4348,010-6115-4348,고등학교졸업,굴착기운전기능사,충북,청주시험장,2026-11-09,2026-11-09,1,14500,없음,없음,0,14500,신용카드,신용카드,완료,완료,접수완료,접수완료,2026-08-14 15:11,2026-08-14 15:11:00,본인단독,기능사,상시CBT,,필기,비전공자,,,,,,,,,,,
국가기술,DN2026201142,허종수,1951-12-20,1951-12-20,남,남,010-5502-2456,010-5502-2456,무학,전기기능사,광주,광주시험장,2026-10-22,2026-10-22,2,14500,기초생활수급자,기초생활수급자,7250,7250,계좌이체,계좌이체,완료,완료,접수완료,접수완료,2026-08-08 12:58,2026-08-08 12:58:00,복지관,기능사,정기,4,필기,경력,,,,,,,,,,,
국가기술,DN2026024052,한복남,1961-06-28,1961-06-28,남,남,010-2720-1573,010-2720-1573,고등학교졸업,한식조리기능사,경북,포항시험장,2026-10-17,2026-10-17,2,14500,없음,없음,0,14500,신용카드,신용카드,완료,완료,접수완료,접수완료,2026-08-05 13:05,2026-08-05 13:05:00,복지관,기능사,상시CBT,,필기,관련학과졸업,,,,,,,,,,,
국가기술,DN2026359018,윤순자,1932-02-20,1932-02-20,여,여,010-3666-8021,010-3666-8021,중학교졸업,굴착기운전기능사,서울,서울남부시험장,2026-10-08,2026-10-08,1,14500,없음,없음,0,14500,계좌이체,계좌이체,완료,완료,접수완료,접수완료,2026-08-15 17:47,2026-08-15 17:47:00,본인단독,기능사,상시CBT,,필기,경력,,,,,,,,,,,
국가기술,DN2026987781,구영숙,1954-05-11,1954-05-11,여,여,010-5155-2553,010-5155-2553,대학원졸,굴착기운전기능사,울산,울산시험장,2026-09-01,2026-09-01,3,14500,장애인,장애인,7250,7250,신용카드,신용카드,완료,완료,접수완료,접수완료,2026-08-18 13:08,2026-08-18 13:08:00,복지관,기능사,상시CBT,,필기,관련학과졸업,,,,,,,,,,,
국가기술,DN2026617624,성종수,1931-10-07,1931-10-07,남,남,010-1392-9593,010-1392-9593,고등학교졸업,굴착기운전기능사,충남,천안시험장,2026-10-22,2026-10-22,5,14500,없음,없음,0,14500,가상계좌,가상계좌,환불,환불,취소,취소,2026-08-16 13:34,2026-08-16 13:34:00,가족보조,기능사,상시CBT,,필기,비전공자,,,,,,,,,,,
국가기술,DN2026987037,신순옥,1942-06-25,1942-06-25,여,여,010-9532-4362,010-9532-4362,초등학교졸업,지게차운전기능사,대구,대구시험장,2026-10-11,2026-10-11,1,14500,없음,없음,0,14500,계좌이체,계좌이체,완료,완료,접수완료,접수완료,2026-08-09 20:23,2026-08-09 20:23:00,복지관,기능사,상시CBT,,필기,관련학과졸업,,,,,,,,,,,
국가기술,DN2026949131,주재호,1936-09-04,1936-09-04,남,남,010-5349-8276,010-5349-8276,고등학교졸업,한식조리기능사,세종,세종시험장,2026-10-08,2026-10-08,5,14500,없음,없음,0,14500,신용카드,신용카드,환불,환불,취소,취소,2026-08-12 14:11,2026-08-12 14:11:00,본인단독,기능사,상시CBT,,필기,관련학과졸업,,,,,,,,,,,
국가기술,DN2026699624,허순옥,1955-03-16,1955-03-16,여,여,010-8200-3787,010-8200-3787,초등학교졸업,지게차운전기능사,경남,창원시험장,2026-09-13,2026-09-13,1,14500,없음,없음,0,14500,신용카드,신용카드,완료,완료,접수완료,접수완료,2026-08-08 15:05,2026-08-08 15:05:00,가족보조,기능사,상시CBT,,필기,관련학과졸업,,,,,,,,,,,
국가기술,DN2026079285,차일남,1948-04-13,1948-04-13,남,남,010-9574-2859,010-9574-2859,고등학교졸업,한식조리기능사,광주,광주시험장,2026-09-20,2026-09-20,3,14500,없음,없음,0,14500,계좌이체,계좌이체,완료,완료,접수완료,접수완료,2026-08-14 11:17,2026-08-14 11:17:00,본인단독,기능사,상시CBT,,필기,비전공자,,,,,,,,,,,
국가기술,DN2026439005,남정호,1930-02-21,1930-02-21,남,남,010-5072-7517,010-5072-7517,무학,지게차운전기능사,제주,제주시험장,2026-11-16,2026-11-16,4,14500,차상위계층,차상위계층,7250,7250,가상계좌,가상계좌,완료,완료,접수완료,접수완료,2026-08-04 16:20,2026-08-04 16:20:00,본인단독,기능사,상시CBT,,필기,관련학과졸업,,,,,,,,,,,
국가기술,DN2026963957,차선옥,1932-08-27,1932-08-27,여,여,010-5758-1495,010-5758-1495,대학교졸,굴착기운전기능사,세종,세종시험장,2026-09-11,2026-09-11,2,14500,없음,없음,0,14500,가상계좌,가상계좌,완료,완료,접수완료,접수완료,2026-08-11 21:22,2026-08-11 21:22:00,가족보조,기능사,상시CBT,,필기,경력,,,,,,,,,,,
국가기술,DN2026169578,양영호,1944-05-05,1944-05-05,남,남,010-2855-4947,010-2855-4947,대학원졸,한식조리기능사,대전,대전시험장,2026-11-28,2026-11-28,5,14500,없음,없음,0,14500,가상계좌,가상계좌,완료,완료,접수완료,접수완료,2026-08-18 18:39,2026-08-18 18:39:00,복지관,기능사,상시CBT,,필기,경력,,,,,,,,,,,
국가기술,DN2026551726,정광수,1933-02-21,1933-02-21,남,남,010-6946-7554,010-6946-7554,고등학교졸업,한식조리기능사,경북,포항시험장,2026-11-15,2026-11-15,3,14500,없음,없음,0,14500,신용카드,신용카드,완료,완료,접수완료,접수완료,2026-08-09 11:20,2026-08-09 11:20:00,가족보조,기능사,상시CBT,,필기,경력,,,,,,,,,,,
국가기술,DN2026837906,서옥분,1945-04-20,1945-04-20,여,여,010-8916-9180,010-8916-9180,중학교졸업,굴착기운전기능사,부산,부산시험장,2026-10-12,2026-10-12,5,14500,없음,없음,0,14500,신용카드,신용카드,완료,완료,접수완료,접수완료,2026-08-15 13:15,2026-08-15 13:15:00,복지관,기능사,상시CBT,,필기,비전공자,,,,,,,,,,,
국가기술,DN2026669797,윤명자,1945-05-01,1945-05-01,여,여,010-6654-3120,010-6654-3120,고등학교졸업,한식조리기능사,충남,천안시험장,2026-10-28,2026-10-28,1,14500,기초생활수급자,기초생활수급자,7250,7250,가상계좌,가상계좌,완료,완료,접수완료,접수완료,2026-08-11 19:40,2026-08-11 19:40:00,복지관,기능사,상시CBT,,필기,경력,,,,,,,,,,,
국가기술,DN2026489356,남동호,1960-11-26,1960-11-26,남,남,010-6239-6534,010-6239-6534,중학교졸업,한식조리기능사,경기,수원시험장,2026-11-27,2026-11-27,3,14500,장애인,장애인,7250,7250,계좌이체,계좌이체,완료,완료,접수완료,접수완료,2026-08-18 15:48,2026-08-18 15:48:00,본인단독,기능사,상시CBT,,필기,경력,,,,,,,,,,,
국가기술,DN2026298644,전옥분,1949-06-01,1949-06-01,여,여,010-5034-2437,010-5034-2437,대학교졸,굴착기운전기능사,부산,부산시험장,2026-11-25,2026-11-25,2,14500,없음,없음,0,14500,신용카드,신용카드,완료,완료,접수완료,접수완료,2026-08-12 14:18,2026-08-12 14:18:00,가족보조,기능사,상시CBT,,필기,비전공자,,,,,,,,,,,
국가기술,DN2026908817,곽점순,1950-07-26,1950-07-26,여,여,010-2373-4823,010-2373-4823,대학교졸,굴착기운전기능사,충북,청주시험장,2026-10-21,2026-10-21,3,14500,없음,없음,0,14500,계좌이체,계좌이체,완료,완료,접수완료,접수완료,2026-08-04 18:04,2026-08-04 18:04:00,복지관,기능사,상시CBT,,필기,경력,,,,,,,,,,,
국가기술,DN2026937710,류경자,1965-03-22,1965-03-22,여,여,010-6751-4149,010-6751-4149,대학원졸,지게차운전기능사,제주,제주시험장,2026-11-25,2026-11-25,1,14500,없음,없음,0,14500,신용카드,신용카드,완료,완료,접수완료,접수완료,2026-08-16 11:27,2026-08-16 11:27:00,복지관,기능사,상시CBT,,필기,비전공자,,,,,,,,,,,
국가기술,DN2026353781,권명자,1954-03-11,1954-03-11,여,여,010-3376-9369,010-3376-9369,대학교졸,전기기능사,광주,광주시험장,2026-11-04,2026-11-04,4,14500,기초생활수급자,기초생활수급자,7250,7250,신용카드,신용카드,완료,완료,접수완료,접수완료,2026-08-02 22:51,2026-08-02 22:51:00,복지관,기능사,정기,1,필기,비전공자,,,,,,,,,,,
국가기술,DN2026935195,허정자,1940-01-06,1940-01-06,여,여,010-6365-8624,010-6365-8624,대학교졸,굴착기운전기능사,경남,창원시험장,2026-11-17,2026-11-17,1,14500,기초생활수급자,기초생활수급자,7250,7250,계좌이체,계좌이체,완료,완료,접수완료,접수완료,2026-08-05 19:04,2026-08-05 19:04:00,가족보조,기능사,상시CBT,,필기,비전공자,,,,,,,,,,,
국가기술,DN2026237773,정경자,1928-06-01,1928-06-01,여,여,010-3352-4582,010-3352-4582,대학교졸,굴착기운전기능사,제주,제주시험장,2026-11-25,2026-11-25,4,14500,없음,없음,0,14500,계좌이체,계좌이체,완료,완료,접수완료,접수완료,2026-08-07 18:41,2026-08-07 18:41:00,복지관,기능사,상시CBT,,필기,관련학과졸업,,,,,,,,,,,
국가기술,DN2026728020,오복남,1943-08-23,1943-08-23,남,남,010-4440-4398,010-4440-4398,고등학교졸업,지게차운전기능사,경남,창원시험장,2026-10-21,2026-10-21,4,14500,기초생활수급자,기초생활수급자,7250,7250,가상계좌,가상계좌,완료,완료,접수완료,접수완료,2026-08-04 21:04,2026-08-04 21:04:00,복지관,기능사,상시CBT,,필기,경력,,,,,,,,,,,
국가기술,DN2026206360,이동호,1930-03-09,1930-03-09,남,남,010-7863-5193,010-7863-5193,초등학교졸업,한식조리기능사,전북,전주시험장,2026-10-17,2026-10-17,1,14500,기초생활수급자,기초생활수급자,7250,7250,계좌이체,계좌이체,완료,완료,접수완료,접수완료,2026-08-07 12:39,2026-08-07 12:39:00,본인단독,기능사,상시CBT,,필기,경력,,,,,,,,,,,
국가기술,DN2026621749,전복순,1960-03-02,1960-03-02,여,여,010-9738-8616,010-9738-8616,고등학교졸업,한식조리기능사,광주,광주시험장,2026-11-23,2026-11-23,3,14500,없음,없음,0,14500,신용카드,신용카드,완료,완료,접수완료,접수완료,2026-08-17 13:18,2026-08-17 13:18:00,복지관,기능사,상시CBT,,필기,비전공자,,,,,,,,,,,
국가기술,DN2026105163,이용기,1960-06-17,1960-06-17,남,남,010-4004-3462,010-4004-3462,초등학교졸업,한식조리기능사,경기,성남시험장,2026-09-28,2026-09-28,5,14500,없음,없음,0,14500,신용카드,신용카드,완료,완료,접수완료,접수완료,2026-08-08 18:30,2026-08-08 18:30:00,가족보조,기능사,상시CBT,,필기,경력,,,,,,,,,,,
국가기술,DN2026337737,최정호,1956-07-27,1956-07-27,남,남,010-6174-2465,010-6174-2465,고등학교졸업,지게차운전기능사,서울,서울2시험장,2026-11-13,2026-11-13,1,14500,없음,없음,0,14500,계좌이체,계좌이체,완료,완료,접수완료,접수완료,2026-08-11 11:00,2026-08-11 11:00:00,가족보조,기능사,상시CBT,,필기,비전공자,,,,,,,,,,,
국가기술,DN2026994325,조영숙,1940-04-14,1940-04-14,여,여,010-1522-1282,010-1522-1282,고등학교졸업,한식조리기능사,울산,울산시험장,2026-11-18,2026-11-18,3,14500,없음,없음,0,14500,신용카드,신용카드,완료,완료,접수완료,접수완료,2026-08-14 18:19,2026-08-14 18:19:00,복지관,기능사,상시CBT,,필기,비전공자,,,,,,,,,,,
국가기술,DN2026893385,안미자,1954-03-25,1954-03-25,여,여,010-8818-4792,010-8818-4792,전문대졸,한식조리기능사,서울,서울남부시험장,2026-09-21,2026-09-21,1,14500,없음,없음,0,14500,신용카드,신용카드,완료,완료,접수완료,접수완료,2026-08-11 14:24,2026-08-11 14:24:00,복지관,기능사,상시CBT,,필기,비전공자,,,,,,,,,,,
국가기술,DN2026421902,한영수,1940-03-10,1940-03-10,남,남,010-9691-8401,010-9691-8401,초등학교졸업,한식조리기능사,충북,청주시험장,2026-09-22,2026-09-22,5,14500,없음,없음,0,14500,계좌이체,계좌이체,완료,완료,접수완료,접수완료,2026-08-08 21:34,2026-08-08 21:34:00,가족보조,기능사,상시CBT,,필기,비전공자,,,,,,,,,,,
국가기술,DN2026908257,유필호,1933-07-22,1933-07-22,남,남,010-4897-5309,010-4897-5309,고등학교졸업,전기기능사,부산,부산남부시험장,2026-10-08,2026-10-08,3,14500,없음,없음,0,14500,신용카드,신용카드,완료,완료,접수완료,접수완료,2026-08-16 20:58,2026-08-16 20:58:00,복지관,기능사,정기,2,필기,비전공자,,,,,,,,,,,
국가기술,DN2026970177,곽두만,1952-05-08,1952-05-08,남,남,010-5657-3069,010-5657-3069,고등학교졸업,전기기능사,제주,제주시험장,2026-09-01,2026-09-01,3,14500,차상위계층,차상위계층,7250,7250,계좌이체,계좌이체,완료,완료,접수완료,접수완료,2026-08-04 13:42,2026-08-04 13:42:00,가족보조,기능사,정기,2,필기,관련학과졸업,,,,,,,,,,,
국가기술,DN2026395787,강복남,1963-04-01,1963-04-01,남,남,010-4400-3151,010-4400-3151,전문대졸,지게차운전기능사,전북,전주시험장,2026-11-23,2026-11-23,1,14500,없음,없음,0,14500,신용카드,신용카드,완료,완료,접수완료,접수완료,2026-08-18 11:43,2026-08-18 11:43:00,복지관,기능사,상시CBT,,필기,비전공자,,,,,,,,,,,
국가기술,DN2026979457,최영자,1944-09-20,1944-09-20,여,여,010-6479-9788,010-6479-9788,전문대졸,한식조리기능사,서울,서울남부시험장,2026-11-18,2026-11-18,4,14500,없음,없음,0,14500,신용카드,신용카드,완료,완료,접수완료,접수완료,2026-08-16 09:37,2026-08-16 09:37:00,복지관,기능사,상시CBT,,필기,비전공자,,,,,,,,,,,
국가기술,DN2026922160,구재호,1953-05-19,1953-05-19,남,남,010-8944-5208,010-8944-5208,대학교졸,한식조리기능사,강원,춘천시험장,2026-09-04,2026-09-04,3,14500,없음,없음,0,14500,가상계좌,가상계좌,완료,완료,접수완료,접수완료,2026-08-09 22:51,2026-08-09 22:51:00,가족보조,기능사,상시CBT,,필기,관련학과졸업,,,,,,,,,,,
국가기술,DN2026149238,임만복,1938-11-22,1938-11-22,남,남,010-5707-8037,010-5707-8037,무학,굴착기운전기능사,대전,대전시험장,2026-09-01,2026-09-01,4,14500,없음,없음,0,14500,계좌이체,계좌이체,완료,완료,접수완료,접수완료,2026-08-06 11:53,2026-08-06 11:53:00,본인단독,기능사,상시CBT,,필기,비전공자,,,,,,,,,,,
국가기술,DN2026695028,신영자,1964-07-26,1964-07-26,여,여,010-4958-2313,010-4958-2313,대학교졸,굴착기운전기능사,경기,고양시험장,2026-09-08,2026-09-08,2,14500,없음,없음,0,14500,신용카드,신용카드,완료,완료,접수완료,접수완료,2026-08-12 15:02,2026-08-12 15:02:00,복지관,기능사,상시CBT,,필기,경력,,,,,,,,,,,
국가기술,DN2026893976,전복순,1938-04-06,1938-04-06,여,여,010-1046-5978,010-1046-5978,전문대졸,굴착기운전기능사,경북,포항시험장,2026-11-16,2026-11-16,5,14500,없음,없음,0,14500,가상계좌,가상계좌,완료,완료,접수완료,접수완료,2026-08-07 11:49,2026-08-07 11:49:00,본인단독,기능사,상시CBT,,필기,관련학과졸업,,,,,,,,,,,
국가기술,DN2026139002,류영호,1938-02-08,1938-02-08,남,남,010-6982-9129,010-6982-9129,고등학교졸업,한식조리기능사,대전,대전시험장,2026-11-10,2026-11-10,4,14500,기초생활수급자,기초생활수급자,7250,7250,가상계좌,가상계좌,완료,완료,접수완료,접수완료,2026-08-02 21:10,2026-08-02 21:10:00,가족보조,기능사,상시CBT,,필기,관련학과졸업,,,,,,,,,,,
국가기술,DN2026551218,고말자,1944-04-28,1944-04-28,여,여,010-9190-7714,010-9190-7714,고등학교졸업,지게차운전기능사,부산,부산시험장,2026-11-13,2026-11-13,4,14500,기초생활수급자,기초생활수급자,7250,7250,신용카드,신용카드,완료,완료,접수완료,접수완료,2026-08-15 14:55,2026-08-15 14:55:00,가족보조,기능사,상시CBT,,필기,경력,,,,,,,,,,,
국가기술,DN2026021550,이운순,1934-10-26,1934-10-26,여,여,010-5526-7410,010-5526-7410,고등학교졸업,지게차운전기능사,전북,전주시험장,2026-09-08,2026-09-08,5,14500,없음,없음,0,14500,계좌이체,계좌이체,완료,완료,접수완료,접수완료,2026-08-09 14:46,2026-08-09 14:46:00,본인단독,기능사,상시CBT,,필기,비전공자,,,,,,,,,,,
국가기술,DN2026255357,한말순,1966-07-08,1966-07-08,여,여,010-1338-5209,010-1338-5209,전문대졸,지게차운전기능사,광주,광주시험장,2026-11-17,2026-11-17,4,14500,장애인,장애인,7250,7250,신용카드,신용카드,대기,대기,결제대기,결제대기,2026-08-15 10:34,2026-08-15 10:34:00,본인단독,기능사,상시CBT,,필기,비전공자,,,,,,,,,,,
국가기술,DN2026035589,최갑수,1931-07-20,1931-07-20,남,남,010-1190-6244,010-1190-6244,초등학교졸업,굴착기운전기능사,대구,대구시험장,2026-10-16,2026-10-16,3,14500,없음,없음,0,14500,신용카드,신용카드,완료,완료,접수완료,접수완료,2026-08-16 21:14,2026-08-16 21:14:00,가족보조,기능사,상시CBT,,필기,경력,,,,,,,,,,,
국가기술,DN2026149695,손영숙,1933-02-22,1933-02-22,여,여,010-5723-9716,010-5723-9716,대학교졸,지게차운전기능사,충남,천안시험장,2026-10-05,2026-10-05,1,14500,없음,없음,0,14500,신용카드,신용카드,완료,완료,접수완료,접수완료,2026-08-02 14:40,2026-08-02 14:40:00,본인단독,기능사,상시CBT,,필기,경력,,,,,,,,,,,
국가기술,DN2026113845,심두만,1957-08-27,1957-08-27,남,남,010-8968-8428,010-8968-8428,대학교졸,한식조리기능사,광주,광주시험장,2026-10-13,2026-10-13,3,14500,없음,없음,0,14500,신용카드,신용카드,완료,완료,접수완료,접수완료,2026-08-07 19:02,2026-08-07 19:02:00,가족보조,기능사,상시CBT,,필기,비전공자,,,,,,,,,,,
국가기술,DN2026112214,장기철,1953-12-22,1953-12-22,남,남,010-2522-3883,010-2522-3883,초등학교졸업,한식조리기능사,경남,창원시험장,2026-09-04,2026-09-04,1,14500,없음,없음,0,14500,가상계좌,가상계좌,완료,완료,접수완료,접수완료,2026-08-17 18:45,2026-08-17 18:45:00,가족보조,기능사,상시CBT,,필기,경력,,,,,,,,,,,
국가기술,DN2026378449,남일남,1957-03-15,1957-03-15,남,남,010-2467-5871,010-2467-5871,초등학교졸업,한식조리기능사,경기,성남시험장,2026-11-13,2026-11-13,4,14500,없음,없음,0,14500,계좌이체,계좌이체,대기,대기,결제대기,결제대기,2026-08-01 16:17,2026-08-01 16:17:00,본인단독,기능사,상시CBT,,필기,비전공자,,,,,,,,,,,
국가기술,DN2026725696,박동호,1937-06-09,1937-06-09,남,남,010-6662-2144,010-6662-2144,무학,한식조리기능사,경남,창원시험장,2026-10-08,2026-10-08,2,14500,없음,없음,0,14500,신용카드,신용카드,완료,완료,접수완료,접수완료,2026-08-03 12:44,2026-08-03 12:44:00,가족보조,기능사,상시CBT,,필기,비전공자,,,,,,,,,,,
국가기술,DN2026697947,송삼석,1937-10-15,1937-10-15,남,남,010-5431-5422,010-5431-5422,무학,굴착기운전기능사,충남,천안시험장,2026-11-06,2026-11-06,5,14500,없음,없음,0,14500,신용카드,신용카드,완료,완료,접수완료,접수완료,2026-08-03 15:14,2026-08-03 15:14:00,본인단독,기능사,상시CBT,,필기,비전공자,,,,,,,,,,,
국가기술,DN2026491595,정말자,1934-07-05,1934-07-05,여,여,010-8235-5538,010-8235-5538,대학교졸,한식조리기능사,세종,세종시험장,2026-11-18,2026-11-18,3,14500,없음,없음,0,14500,신용카드,신용카드,완료,완료,접수완료,접수완료,2026-08-03 18:17,2026-08-03 18:17:00,가족보조,기능사,상시CBT,,필기,관련학과졸업,,,,,,,,,,,
국가기술,DN2026751949,하순옥,1962-05-19,1962-05-19,여,여,010-5567-7120,010-5567-7120,고등학교졸업,굴착기운전기능사,인천,인천시험장,2026-10-09,2026-10-09,1,14500,없음,없음,0,14500,계좌이체,계좌이체,완료,완료,접수완료,접수완료,2026-08-15 12:27,2026-08-15 12:27:00,복지관,기능사,상시CBT,,필기,관련학과졸업,,,,,,,,,,,
국가기술,DN2026670351,오선옥,1938-02-11,1938-02-11,여,여,010-3796-3969,010-3796-3969,전문대졸,한식조리기능사,울산,울산시험장,2026-09-09,2026-09-09,2,14500,국가유공자,국가유공자,7250,7250,계좌이체,계좌이체,완료,완료,접수완료,접수완료,2026-08-07 10:46,2026-08-07 10:46:00,복지관,기능사,상시CBT,,필기,관련학과졸업,,,,,,,,,,,
국가기술,DN2026693701,이운순,1959-09-15,1959-09-15,여,여,010-4471-9622,010-4471-9622,중학교졸업,한식조리기능사,세종,세종시험장,2026-10-13,2026-10-13,3,14500,없음,없음,0,14500,가상계좌,가상계좌,완료,완료,접수완료,접수완료,2026-08-05 18:57,2026-08-05 18:57:00,본인단독,기능사,상시CBT,,필기,경력,,,,,,,,,,,
국가기술,DN2026902461,홍만수,1933-10-11,1933-10-11,남,남,010-3374-3968,010-3374-3968,고등학교졸업,굴착기운전기능사,강원,춘천시험장,2026-09-17,2026-09-17,1,14500,없음,없음,0,14500,신용카드,신용카드,완료,완료,접수완료,접수완료,2026-08-09 16:09,2026-08-09 16:09:00,복지관,기능사,상시CBT,,필기,비전공자,,,,,,,,,,,
국가기술,DN2026751849,고상원,1928-06-11,1928-06-11,남,남,010-1611-2044,010-1611-2044,전문대졸,한식조리기능사,경남,창원시험장,2026-09-11,2026-09-11,1,14500,없음,없음,0,14500,신용카드,신용카드,완료,완료,접수완료,접수완료,2026-08-03 18:09,2026-08-03 18:09:00,가족보조,기능사,상시CBT,,필기,관련학과졸업,,,,,,,,,,,
국가기술,DN2026069780,유경자,1952-05-11,1952-05-11,여,여,010-9769-7707,010-9769-7707,고등학교졸업,전기기능사,제주,제주시험장,2026-11-23,2026-11-23,4,14500,없음,없음,0,14500,신용카드,신용카드,완료,완료,접수완료,접수완료,2026-08-14 13:38,2026-08-14 13:38:00,가족보조,기능사,정기,4,필기,경력,,,,,,,,,,,
국가기술,DN2026848787,강필호,1946-05-17,1946-05-17,남,남,010-1017-8073,010-1017-8073,고등학교졸업,전기기능사,전북,전주시험장,2026-10-07,2026-10-07,2,14500,없음,없음,0,14500,가상계좌,가상계좌,완료,완료,접수완료,접수완료,2026-08-18 10:24,2026-08-18 10:24:00,가족보조,기능사,정기,1,필기,관련학과졸업,,,,,,,,,,,
국가기술,DN2026374925,오계순,1948-11-20,1948-11-20,여,여,010-2250-3283,010-2250-3283,대학교졸,굴착기운전기능사,충북,청주시험장,2026-11-21,2026-11-21,3,14500,없음,없음,0,14500,가상계좌,가상계좌,환불,환불,취소,취소,2026-08-18 20:21,2026-08-18 20:21:00,가족보조,기능사,상시CBT,,필기,경력,,,,,,,,,,,
국가기술,DN2026764477,김성호,1939-02-08,1939-02-08,남,남,010-9790-2340,010-9790-2340,고등학교졸업,굴착기운전기능사,전남,순천시험장,2026-10-12,2026-10-12,3,14500,장애인,장애인,7250,7250,계좌이체,계좌이체,완료,완료,접수완료,접수완료,2026-08-17 18:04,2026-08-17 18:04:00,가족보조,기능사,상시CBT,,필기,비전공자,,,,,,,,,,,
국가기술,DN2026005202,홍동호,1965-10-13,1965-10-13,남,남,010-2044-9681,010-2044-9681,중학교졸업,전기기능사,서울,서울1시험장,2026-10-24,2026-10-24,5,14500,기초생활수급자,기초생활수급자,7250,7250,계좌이체,계좌이체,완료,완료,접수완료,접수완료,2026-08-13 17:24,2026-08-13 17:24:00,가족보조,기능사,정기,4,필기,비전공자,,,,,,,,,,,
국가기술,DN2026475001,우복순,1936-07-27,1936-07-27,여,여,010-8197-4353,010-8197-4353,고등학교졸업,굴착기운전기능사,광주,광주시험장,2026-09-20,2026-09-20,4,14500,없음,없음,0,14500,계좌이체,계좌이체,완료,완료,접수완료,접수완료,2026-08-10 10:29,2026-08-10 10:29:00,가족보조,기능사,상시CBT,,필기,경력,,,,,,,,,,,
국가기술,DN2026350438,류순자,1953-03-15,1953-03-15,여,여,010-6183-5512,010-6183-5512,고등학교졸업,전기기능사,전북,전주시험장,2026-10-06,2026-10-06,2,14500,기초생활수급자,기초생활수급자,7250,7250,신용카드,신용카드,완료,완료,접수완료,접수완료,2026-08-14 22:07,2026-08-14 22:07:00,복지관,기능사,정기,4,필기,경력,,,,,,,,,,,
국가기술,DN2026683436,김점순,1928-02-21,1928-02-21,여,여,010-7732-5216,010-7732-5216,대학원졸,굴착기운전기능사,충남,천안시험장,2026-10-08,2026-10-08,5,14500,없음,없음,0,14500,가상계좌,가상계좌,완료,완료,접수완료,접수완료,2026-08-03 16:23,2026-08-03 16:23:00,본인단독,기능사,상시CBT,,필기,경력,,,,,,,,,,,
국가기술,DN2026908040,윤기철,1933-12-17,1933-12-17,남,남,010-4400-4804,010-4400-4804,고등학교졸업,굴착기운전기능사,강원,춘천시험장,2026-10-06,2026-10-06,5,14500,없음,없음,0,14500,계좌이체,계좌이체,완료,완료,접수완료,접수완료,2026-08-04 21:34,2026-08-04 21:34:00,본인단독,기능사,상시CBT,,필기,비전공자,,,,,,,,,,,
국가기술,DN2026545905,고점순,1931-08-27,1931-08-27,여,여,010-5092-8450,010-5092-8450,전문대졸,굴착기운전기능사,서울,서울2시험장,2026-11-23,2026-11-23,2,14500,없음,없음,0,14500,신용카드,신용카드,환불,환불,취소,취소,2026-08-02 21:50,2026-08-02 21:50:00,복지관,기능사,상시CBT,,필기,비전공자,,,,,,,,,,,
국가기술,DN2026005523,신필호,1944-10-11,1944-10-11,남,남,010-2925-5748,010-2925-5748,중학교졸업,굴착기운전기능사,충북,청주시험장,2026-10-17,2026-10-17,1,14500,없음,없음,0,14500,계좌이체,계좌이체,완료,완료,접수완료,접수완료,2026-08-09 10:23,2026-08-09 10:23:00,가족보조,기능사,상시CBT,,필기,비전공자,,,,,,,,,,,
국가기술,DN2026326246,곽복순,1945-09-07,1945-09-07,여,여,010-2219-2113,010-2219-2113,고등학교졸업,전기기능사,경북,포항시험장,2026-09-15,2026-09-15,1,14500,없음,없음,0,14500,계좌이체,계좌이체,완료,완료,접수완료,접수완료,2026-08-13 16:30,2026-08-13 16:30:00,본인단독,기능사,정기,2,필기,경력,,,,,,,,,,,
국가기술,DN2026107758,유봉숙,1964-03-09,1964-03-09,여,여,010-4953-7042,010-4953-7042,전문대졸,전기기능사,제주,제주시험장,2026-10-27,2026-10-27,2,14500,없음,없음,0,14500,가상계좌,가상계좌,완료,완료,접수완료,접수완료,2026-08-03 15:10,2026-08-03 15:10:00,가족보조,기능사,정기,3,필기,비전공자,,,,,,,,,,,
국가기술,DN2026200461,차미자,1929-09-23,1929-09-23,여,여,010-2500-1961,010-2500-1961,전문대졸,지게차운전기능사,서울,서울2시험장,2026-09-24,2026-09-24,1,14500,장애인,장애인,7250,7250,가상계좌,가상계좌,완료,완료,접수완료,접수완료,2026-08-03 17:58,2026-08-03 17:58:00,복지관,기능사,상시CBT,,필기,비전공자,,,,,,,,,,,
국가기술,DN2026222769,송만복,1961-10-12,1961-10-12,남,남,010-3296-8107,010-3296-8107,고등학교졸업,한식조리기능사,세종,세종시험장,2026-11-08,2026-11-08,2,14500,없음,없음,0,14500,신용카드,신용카드,완료,완료,접수완료,접수완료,2026-08-18 22:30,2026-08-18 22:30:00,가족보조,기능사,상시CBT,,필기,관련학과졸업,,,,,,,,,,,
국가기술,DN2026524577,권갑수,1962-01-15,1962-01-15,남,남,010-2285-4809,010-2285-4809,전문대졸,전기기능사,광주,광주시험장,2026-10-12,2026-10-12,5,14500,국가유공자,국가유공자,7250,7250,신용카드,신용카드,완료,완료,접수완료,접수완료,2026-08-10 19:31,2026-08-10 19:31:00,복지관,기능사,정기,1,필기,경력,,,,,,,,,,,
국가기술,DN2026797268,송재호,1955-06-10,1955-06-10,남,남,010-7989-1654,010-7989-1654,중학교졸업,한식조리기능사,부산,부산남부시험장,2026-10-03,2026-10-03,1,14500,없음,없음,0,14500,계좌이체,계좌이체,완료,완료,접수완료,접수완료,2026-08-15 13:04,2026-08-15 13:04:00,복지관,기능사,상시CBT,,필기,경력,,,,,,,,,,,
국가기술,DN2026217348,정순자,1941-08-04,1941-08-04,여,여,010-7062-2327,010-7062-2327,고등학교졸업,굴착기운전기능사,강원,춘천시험장,2026-11-15,2026-11-15,1,14500,없음,없음,0,14500,신용카드,신용카드,완료,완료,접수완료,접수완료,2026-08-17 17:19,2026-08-17 17:19:00,복지관,기능사,상시CBT,,필기,비전공자,,,,,,,,,,,
국가기술,DN2026894685,성옥분,1950-11-03,1950-11-03,여,여,010-7964-8840,010-7964-8840,고등학교졸업,굴착기운전기능사,충북,청주시험장,2026-10-17,2026-10-17,2,14500,없음,없음,0,14500,계좌이체,계좌이체,완료,완료,접수완료,접수완료,2026-08-10 15:23,2026-08-10 15:23:00,본인단독,기능사,상시CBT,,필기,경력,,,,,,,,,,,
국가기술,DN2026568509,전필호,1935-07-08,1935-07-08,남,남,010-1048-5648,010-1048-5648,중학교졸업,굴착기운전기능사,세종,세종시험장,2026-10-23,2026-10-23,3,14500,없음,없음,0,14500,계좌이체,계좌이체,완료,완료,접수완료,접수완료,2026-08-16 19:05,2026-08-16 19:05:00,가족보조,기능사,상시CBT,,필기,경력,,,,,,,,,,,
국가기술,DN2026014610,박영숙,1931-10-04,1931-10-04,여,여,010-4634-3805,010-4634-3805,중학교졸업,한식조리기능사,충남,천안시험장,2026-09-18,2026-09-18,2,14500,없음,없음,0,14500,가상계좌,가상계좌,완료,완료,접수완료,접수완료,2026-08-18 17:47,2026-08-18 17:47:00,본인단독,기능사,상시CBT,,필기,관련학과졸업,,,,,,,,,,,
국가기술,DN2026218626,고순옥,1941-09-25,1941-09-25,여,여,010-7504-8975,010-7504-8975,대학교졸,지게차운전기능사,울산,울산시험장,2026-11-13,2026-11-13,3,14500,없음,없음,0,14500,계좌이체,계좌이체,완료,완료,접수완료,접수완료,2026-08-17 15:38,2026-08-17 15:38:00,본인단독,기능사,상시CBT,,필기,경력,,,,,,,,,,,
국가기술,DN2026831060,차선옥,1944-08-19,1944-08-19,여,여,010-8100-9897,010-8100-9897,고등학교졸업,전기기능사,경남,창원시험장,2026-10-19,2026-10-19,1,14500,없음,없음,0,14500,신용카드,신용카드,완료,완료,접수완료,접수완료,2026-08-18 21:47,2026-08-18 21:47:00,가족보조,기능사,정기,3,필기,관련학과졸업,,,,,,,,,,,
국가기술,DN2026724749,임일남,1939-05-06,1939-05-06,남,남,010-7101-2754,010-7101-2754,전문대졸,지게차운전기능사,대구,대구시험장,2026-10-11,2026-10-11,1,14500,없음,없음,0,14500,신용카드,신용카드,환불,환불,취소,취소,2026-08-09 13:42,2026-08-09 13:42:00,복지관,기능사,상시CBT,,필기,관련학과졸업,,,,,,,,,,,
국가기술,DN2026853069,유정호,1964-04-03,1964-04-03,남,남,010-6600-8177,010-6600-8177,고등학교졸업,한식조리기능사,제주,제주시험장,2026-11-26,2026-11-26,5,14500,없음,없음,0,14500,계좌이체,계좌이체,완료,완료,접수완료,접수완료,2026-08-16 10:27,2026-08-16 10:27:00,본인단독,기능사,상시CBT,,필기,비전공자,,,,,,,,,,,
국가기술,DN2026546035,백만복,1961-08-22,1961-08-22,남,남,010-7650-9988,010-7650-9988,고등학교졸업,굴착기운전기능사,충북,청주시험장,2026-09-27,2026-09-27,5,14500,없음,없음,0,14500,신용카드,신용카드,완료,완료,접수완료,접수완료,2026-08-05 20:53,2026-08-05 20:53:00,복지관,기능사,상시CBT,,필기,비전공자,,,,,,,,,,,
국가기술,DN2026405134,고용기,1964-02-11,1964-02-11,남,남,010-7242-4944,010-7242-4944,고등학교졸업,한식조리기능사,인천,인천시험장,2026-11-08,2026-11-08,4,14500,국가유공자,국가유공자,7250,7250,신용카드,신용카드,완료,완료,접수완료,접수완료,2026-08-08 21:31,2026-08-08 21:31:00,가족보조,기능사,상시CBT,,필기,경력,,,,,,,,,,,
국가기술,DN2026270198,서경자,1955-02-10,1955-02-10,여,여,010-8734-2179,010-8734-2179,고등학교졸업,지게차운전기능사,제주,제주시험장,2026-10-21,2026-10-21,5,14500,없음,없음,0,14500,계좌이체,계좌이체,완료,완료,접수완료,접수완료,2026-08-01 09:57,2026-08-01 09:57:00,복지관,기능사,상시CBT,,필기,경력,,,,,,,,,,,
국가기술,DN2026933777,차필호,1955-12-11,1955-12-11,남,남,010-8023-3245,010-8023-3245,대학교졸,전기기능사,대구,대구시험장,2026-09-17,2026-09-17,1,14500,없음,없음,0,14500,신용카드,신용카드,완료,완료,접수완료,접수완료,2026-08-08 13:45,2026-08-08 13:45:00,본인단독,기능사,정기,1,필기,관련학과졸업,,,,,,,,,,,
국가기술,DN2026057408,성두만,1953-02-26,1953-02-26,남,남,010-6516-4933,010-6516-4933,고등학교졸업,전기기능사,세종,세종시험장,2026-11-27,2026-11-27,3,14500,없음,없음,0,14500,신용카드,신용카드,완료,완료,접수완료,접수완료,2026-08-08 18:18,2026-08-08 18:18:00,본인단독,기능사,정기,2,필기,관련학과졸업,,,,,,,,,,,
국가기술,DN2026762794,김동석,1929-01-05,1929-01-05,남,남,010-4911-4933,010-4911-4933,고등학교졸업,굴착기운전기능사,부산,부산시험장,2026-11-08,2026-11-08,5,14500,없음,없음,0,14500,가상계좌,가상계좌,완료,완료,접수완료,접수완료,2026-08-11 15:09,2026-08-11 15:09:00,본인단독,기능사,상시CBT,,필기,비전공자,,,,,,,,,,,
국가기술,DN2026853114,안만수,1941-01-20,1941-01-20,남,남,010-8023-3375,010-8023-3375,대학교졸,한식조리기능사,광주,광주시험장,2026-09-19,2026-09-19,2,14500,없음,없음,0,14500,가상계좌,가상계좌,완료,완료,접수완료,접수완료,2026-08-09 16:44,2026-08-09 16:44:00,본인단독,기능사,상시CBT,,필기,관련학과졸업,,,,,,,,,,,
국가기술,DN2026662154,조귀순,1938-10-16,1938-10-16,여,여,010-9236-2534,010-9236-2534,고등학교졸업,전기기능사,경기,고양시험장,2026-10-18,2026-10-18,5,14500,없음,없음,0,14500,신용카드,신용카드,완료,완료,접수완료,접수완료,2026-08-14 18:00,2026-08-14 18:00:00,가족보조,기능사,정기,1,필기,비전공자,,,,,,,,,,,
국가기술,DN2026764076,권복순,1964-05-06,1964-05-06,여,여,010-2978-1123,010-2978-1123,중학교졸업,한식조리기능사,울산,울산시험장,2026-10-22,2026-10-22,1,14500,없음,없음,0,14500,신용카드,신용카드,환불,환불,취소,취소,2026-08-17 17:18,2026-08-17 17:18:00,복지관,기능사,상시CBT,,필기,관련학과졸업,,,,,,,,,,,
국가기술,DN2026092496,우두만,1930-06-13,1930-06-13,남,남,010-9044-1632,010-9044-1632,초등학교졸업,굴착기운전기능사,세종,세종시험장,2026-10-01,2026-10-01,1,14500,국가유공자,국가유공자,7250,7250,신용카드,신용카드,완료,완료,접수완료,접수완료,2026-08-15 13:54,2026-08-15 13:54:00,복지관,기능사,상시CBT,,필기,비전공자,,,,,,,,,,,
국가기술,DN2026603308,서말순,1964-11-01,1964-11-01,여,여,010-4092-8411,010-4092-8411,중학교졸업,전기기능사,인천,인천시험장,2026-11-08,2026-11-08,2,14500,없음,없음,0,14500,신용카드,신용카드,완료,완료,접수완료,접수완료,2026-08-14 16:44,2026-08-14 16:44:00,본인단독,기능사,정기,4,필기,경력,,,,,,,,,,,
국가기술,DN2026194629,노귀순,1946-11-10,1946-11-10,여,여,010-9580-8194,010-9580-8194,초등학교졸업,굴착기운전기능사,경남,창원시험장,2026-11-26,2026-11-26,5,14500,없음,없음,0,14500,계좌이체,계좌이체,완료,완료,접수완료,접수완료,2026-08-02 22:18,2026-08-02 22:18:00,복지관,기능사,상시CBT,,필기,관련학과졸업,,,,,,,,,,,
국가기술,DN2026342666,권광수,1949-11-11,1949-11-11,남,남,010-1352-2429,010-1352-2429,대학원졸,한식조리기능사,광주,광주시험장,2026-09-10,2026-09-10,2,14500,없음,없음,0,14500,신용카드,신용카드,완료,완료,접수완료,접수완료,2026-08-03 21:29,2026-08-03 21:29:00,본인단독,기능사,상시CBT,,필기,경력,,,,,,,,,,,
국가기술,DN2026753827,권철수,1944-01-14,1944-01-14,남,남,010-3014-8713,010-3014-8713,대학원졸,지게차운전기능사,충남,천안시험장,2026-10-16,2026-10-16,5,14500,없음,없음,0,14500,계좌이체,계좌이체,완료,완료,접수완료,접수완료,2026-08-04 14:51,2026-08-04 14:51:00,가족보조,기능사,상시CBT,,필기,경력,,,,,,,,,,,
국가기술,DN2026490680,윤영호,1939-06-15,1939-06-15,남,남,010-1451-3059,010-1451-3059,전문대졸,한식조리기능사,세종,세종시험장,2026-10-11,2026-10-11,1,14500,국가유공자,국가유공자,7250,7250,계좌이체,계좌이체,완료,완료,접수완료,접수완료,2026-08-04 22:26,2026-08-04 22:26:00,본인단독,기능사,상시CBT,,필기,비전공자,,,,,,,,,,,
국가기술,DN2026341848,양정순,1941-02-07,1941-02-07,여,여,010-3789-9801,010-3789-9801,전문대졸,지게차운전기능사,충북,청주시험장,2026-11-05,2026-11-05,4,14500,없음,없음,0,14500,신용카드,신용카드,완료,완료,접수완료,접수완료,2026-08-08 09:14,2026-08-08 09:14:00,본인단독,기능사,상시CBT,,필기,경력,,,,,,,,,,,
국가기술,DN2026308695,한영호,1940-09-03,1940-09-03,남,남,010-6917-7587,010-6917-7587,대학교졸,전기기능사,전북,전주시험장,2026-11-18,2026-11-18,2,14500,없음,없음,0,14500,가상계좌,가상계좌,완료,완료,접수완료,접수완료,2026-08-04 14:00,2026-08-04 14:00:00,복지관,기능사,정기,2,필기,관련학과졸업,,,,,,,,,,,
국가기술,DN2026570942,장순자,1951-04-21,1951-04-21,여,여,010-8643-9003,010-8643-9003,고등학교졸업,한식조리기능사,경남,창원시험장,2026-09-25,2026-09-25,5,14500,국가유공자,국가유공자,7250,7250,신용카드,신용카드,완료,완료,접수완료,접수완료,2026-08-03 11:06,2026-08-03 11:06:00,본인단독,기능사,상시CBT,,필기,비전공자,,,,,,,,,,,
국가기술,DN2026816107,정성호,1943-10-02,1943-10-02,남,남,010-8341-1911,010-8341-1911,대학교졸,지게차운전기능사,세종,세종시험장,2026-09-04,2026-09-04,3,14500,없음,없음,0,14500,계좌이체,계좌이체,완료,완료,접수완료,접수완료,2026-08-01 19:08,2026-08-01 19:08:00,가족보조,기능사,상시CBT,,필기,관련학과졸업,,,,,,,,,,,
국가기술,DN2026979510,전동호,1965-12-03,1965-12-03,남,남,010-5190-3550,010-5190-3550,전문대졸,전기기능사,세종,세종시험장,2026-10-15,2026-10-15,5,14500,없음,없음,0,14500,신용카드,신용카드,환불,환불,취소,취소,2026-08-10 10:36,2026-08-10 10:36:00,복지관,기능사,정기,4,필기,관련학과졸업,,,,,,,,,,,
국가기술,DN2026293630,고옥분,1939-06-12,1939-06-12,여,여,010-2523-4138,010-2523-4138,중학교졸업,지게차운전기능사,충남,천안시험장,2026-11-18,2026-11-18,5,14500,없음,없음,0,14500,신용카드,신용카드,완료,완료,접수완료,접수완료,2026-08-14 09:08,2026-08-14 09:08:00,본인단독,기능사,상시CBT,,필기,경력,,,,,,,,,,,
국가기술,DN2026043234,우복남,1948-06-13,1948-06-13,남,남,010-2456-2055,010-2456-2055,전문대졸,굴착기운전기능사,경북,포항시험장,2026-10-11,2026-10-11,2,14500,없음,없음,0,14500,가상계좌,가상계좌,완료,완료,접수완료,접수완료,2026-08-01 12:53,2026-08-01 12:53:00,가족보조,기능사,상시CBT,,필기,관련학과졸업,,,,,,,,,,,
국가기술,DN2026257635,구철수,1944-12-04,1944-12-04,남,남,010-1085-9808,010-1085-9808,대학교졸,지게차운전기능사,인천,인천시험장,2026-11-19,2026-11-19,2,14500,없음,없음,0,14500,계좌이체,계좌이체,완료,완료,접수완료,접수완료,2026-08-09 18:15,2026-08-09 18:15:00,복지관,기능사,상시CBT,,필기,경력,,,,,,,,,,,
국가기술,DN2026748191,홍경자,1953-11-22,1953-11-22,여,여,010-2150-2167,010-2150-2167,중학교졸업,한식조리기능사,제주,제주시험장,2026-09-12,2026-09-12,5,14500,기초생활수급자,기초생활수급자,7250,7250,가상계좌,가상계좌,완료,완료,접수완료,접수완료,2026-08-15 09:45,2026-08-15 09:45:00,가족보조,기능사,상시CBT,,필기,비전공자,,,,,,,,,,,
국가기술,DN2026975902,차삼석,1965-04-13,1965-04-13,남,남,010-9038-3385,010-9038-3385,고등학교졸업,지게차운전기능사,경북,포항시험장,2026-10-12,2026-10-12,3,14500,없음,없음,0,14500,신용카드,신용카드,완료,완료,접수완료,접수완료,2026-08-06 22:12,2026-08-06 22:12:00,가족보조,기능사,상시CBT,,필기,경력,,,,,,,,,,,
국가기술,DN2026063004,하복남,1947-08-26,1947-08-26,남,남,010-9033-1683,010-9033-1683,중학교졸업,굴착기운전기능사,전남,순천시험장,2026-09-05,2026-09-05,5,14500,없음,없음,0,14500,계좌이체,계좌이체,완료,완료,접수완료,접수완료,2026-08-05 11:09,2026-08-05 11:09:00,복지관,기능사,상시CBT,,필기,경력,,,,,,,,,,,
국가기술,DN2026640231,양정순,1946-03-05,1946-03-05,여,여,010-4808-8255,010-4808-8255,대학원졸,굴착기운전기능사,대전,대전시험장,2026-09-26,2026-09-26,1,14500,없음,없음,0,14500,계좌이체,계좌이체,완료,완료,접수완료,접수완료,2026-08-12 18:16,2026-08-12 18:16:00,본인단독,기능사,상시CBT,,필기,관련학과졸업,,,,,,,,,,,
국가기술,DN2026899340,황복남,1944-10-11,1944-10-11,남,남,010-3350-4304,010-3350-4304,대학교졸,한식조리기능사,부산,부산남부시험장,2026-10-14,2026-10-14,4,14500,없음,없음,0,14500,신용카드,신용카드,완료,완료,접수완료,접수완료,2026-08-07 16:32,2026-08-07 16:32:00,본인단독,기능사,상시CBT,,필기,비전공자,,,,,,,,,,,
국가기술,DN2026090429,고계순,1963-10-16,1963-10-16,여,여,010-7243-7607,010-7243-7607,고등학교졸업,한식조리기능사,충남,천안시험장,2026-09-06,2026-09-06,2,14500,없음,없음,0,14500,신용카드,신용카드,완료,완료,접수완료,접수완료,2026-08-15 17:50,2026-08-15 17:50:00,본인단독,기능사,상시CBT,,필기,비전공자,,,,,,,,,,,
국가기술,DN2026452274,신두만,1947-05-26,1947-05-26,남,남,010-3801-6127,010-3801-6127,대학교졸,한식조리기능사,인천,인천시험장,2026-09-18,2026-09-18,5,14500,장애인,장애인,7250,7250,가상계좌,가상계좌,완료,완료,접수완료,접수완료,2026-08-16 15:39,2026-08-16 15:39:00,본인단독,기능사,상시CBT,,필기,비전공자,,,,,,,,,,,
국가기술,DN2026063113,유봉숙,1952-07-06,1952-07-06,여,여,010-8695-5921,010-8695-5921,전문대졸,한식조리기능사,충남,천안시험장,2026-09-11,2026-09-11,3,14500,기초생활수급자,기초생활수급자,7250,7250,가상계좌,가상계좌,완료,완료,접수완료,접수완료,2026-08-11 20:53,2026-08-11 20:53:00,본인단독,기능사,상시CBT,,필기,관련학과졸업,,,,,,,,,,,
국가기술,DN2026562059,윤일남,1938-03-24,1938-03-24,남,남,010-6845-6901,010-6845-6901,중학교졸업,전기기능사,충북,청주시험장,2026-10-02,2026-10-02,5,14500,없음,없음,0,14500,신용카드,신용카드,완료,완료,접수완료,접수완료,2026-08-04 11:43,2026-08-04 11:43:00,가족보조,기능사,정기,3,필기,관련학과졸업,,,,,,,,,,,
국가기술,DN2026673867,홍상길,1961-08-20,1961-08-20,남,남,010-2190-7109,010-2190-7109,고등학교졸업,한식조리기능사,대전,대전시험장,2026-11-11,2026-11-11,2,14500,없음,없음,0,14500,가상계좌,가상계좌,대기,대기,결제대기,결제대기,2026-08-02 17:14,2026-08-02 17:14:00,가족보조,기능사,상시CBT,,필기,비전공자,,,,,,,,,,,
국가기술,DN2026684736,김영수,1931-09-20,1931-09-20,남,남,010-7402-8652,010-7402-8652,전문대졸,지게차운전기능사,충남,천안시험장,2026-11-16,2026-11-16,5,14500,없음,없음,0,14500,계좌이체,계좌이체,완료,완료,접수완료,접수완료,2026-08-10 10:04,2026-08-10 10:04:00,복지관,기능사,상시CBT,,필기,비전공자,,,,,,,,,,,
국가기술,DN2026297907,노순옥,1947-09-17,1947-09-17,여,여,010-3949-5742,010-3949-5742,고등학교졸업,한식조리기능사,부산,부산남부시험장,2026-11-27,2026-11-27,5,14500,없음,없음,0,14500,계좌이체,계좌이체,환불,환불,취소,취소,2026-08-06 21:06,2026-08-06 21:06:00,본인단독,기능사,상시CBT,,필기,비전공자,,,,,,,,,,,
국가기술,DN2026590127,곽복순,1957-04-15,1957-04-15,여,여,010-9919-7968,010-9919-7968,중학교졸업,전기기능사,부산,부산시험장,2026-11-10,2026-11-10,2,14500,없음,없음,0,14500,계좌이체,계좌이체,환불,환불,취소,취소,2026-08-07 11:05,2026-08-07 11:05:00,본인단독,기능사,정기,2,필기,경력,,,,,,,,,,,
국가기술,DN2026622897,차삼석,1953-02-22,1953-02-22,남,남,010-5968-5850,010-5968-5850,고등학교졸업,지게차운전기능사,경기,성남시험장,2026-10-07,2026-10-07,3,14500,없음,없음,0,14500,계좌이체,계좌이체,완료,완료,접수완료,접수완료,2026-08-06 16:35,2026-08-06 16:35:00,복지관,기능사,상시CBT,,필기,비전공자,,,,,,,,,,,
국가기술,DN2026776605,신근호,1957-07-13,1957-07-13,남,남,010-8162-8847,010-8162-8847,고등학교졸업,굴착기운전기능사,경기,고양시험장,2026-11-15,2026-11-15,2,14500,없음,없음,0,14500,계좌이체,계좌이체,완료,완료,접수완료,접수완료,2026-08-12 22:26,2026-08-12 22:26:00,가족보조,기능사,상시CBT,,필기,경력,,,,,,,,,,,
국가기술,DN2026803656,최필순,1929-02-14,1929-02-14,여,여,010-2859-8877,010-2859-8877,전문대졸,한식조리기능사,강원,춘천시험장,2026-10-18,2026-10-18,5,14500,없음,없음,0,14500,신용카드,신용카드,환불,환불,취소,취소,2026-08-07 16:20,2026-08-07 16:20:00,복지관,기능사,상시CBT,,필기,비전공자,,,,,,,,,,,
국가기술,DN2026018685,박광수,1958-09-28,1958-09-28,남,남,010-3778-1511,010-3778-1511,고등학교졸업,지게차운전기능사,경북,포항시험장,2026-10-17,2026-10-17,4,14500,없음,없음,0,14500,가상계좌,가상계좌,완료,완료,접수완료,접수완료,2026-08-06 10:37,2026-08-06 10:37:00,복지관,기능사,상시CBT,,필기,비전공자,,,,,,,,,,,
국가기술,DN2026223474,손정순,1951-04-16,1951-04-16,여,여,010-5691-6298,010-5691-6298,고등학교졸업,굴착기운전기능사,세종,세종시험장,2026-10-23,2026-10-23,2,14500,없음,없음,0,14500,계좌이체,계좌이체,완료,완료,접수완료,접수완료,2026-08-08 10:43,2026-08-08 10:43:00,복지관,기능사,상시CBT,,필기,비전공자,,,,,,,,,,,
국가기술,DN2026498386,곽종수,1961-03-22,1961-03-22,남,남,010-7117-1133,010-7117-1133,고등학교졸업,지게차운전기능사,울산,울산시험장,2026-11-22,2026-11-22,2,14500,차상위계층,차상위계층,7250,7250,계좌이체,계좌이체,완료,완료,접수완료,접수완료,2026-08-10 20:29,2026-08-10 20:29:00,가족보조,기능사,상시CBT,,필기,비전공자,,,,,,,,,,,
국가기술,DN2026778762,신말자,1937-04-18,1937-04-18,여,여,010-1941-4494,010-1941-4494,중학교졸업,지게차운전기능사,경기,성남시험장,2026-09-04,2026-09-04,3,14500,없음,없음,0,14500,계좌이체,계좌이체,대기,대기,결제대기,결제대기,2026-08-19 15:35,2026-08-19 15:35:00,복지관,기능사,상시CBT,,필기,비전공자,,,,,,,,,,,
국가기술,DN2026875788,임원호,1958-08-16,1958-08-16,남,남,010-9152-7243,010-9152-7243,중학교졸업,한식조리기능사,울산,울산시험장,2026-09-17,2026-09-17,2,14500,없음,없음,0,14500,신용카드,신용카드,완료,완료,접수완료,접수완료,2026-08-13 17:23,2026-08-13 17:23:00,본인단독,기능사,상시CBT,,필기,관련학과졸업,,,,,,,,,,,
국가기술,DN2026721563,박재호,1965-06-27,1965-06-27,남,남,010-7884-9857,010-7884-9857,고등학교졸업,한식조리기능사,경기,수원시험장,2026-09-13,2026-09-13,3,14500,없음,없음,0,14500,신용카드,신용카드,완료,완료,접수완료,접수완료,2026-08-11 12:09,2026-08-11 12:09:00,복지관,기능사,상시CBT,,필기,비전공자,,,,,,,,,,,
국가기술,DN2026433532,민순자,1953-11-06,1953-11-06,여,여,010-1989-9987,010-1989-9987,전문대졸,전기기능사,대구,대구시험장,2026-11-12,2026-11-12,2,14500,기초생활수급자,기초생활수급자,7250,7250,신용카드,신용카드,환불,환불,취소,취소,2026-08-16 10:01,2026-08-16 10:01:00,복지관,기능사,정기,2,필기,관련학과졸업,,,,,,,,,,,
국가기술,DN2026624645,허영숙,1928-01-23,1928-01-23,여,여,010-5190-5690,010-5190-5690,고등학교졸업,한식조리기능사,광주,광주시험장,2026-10-15,2026-10-15,3,14500,차상위계층,차상위계층,7250,7250,계좌이체,계좌이체,완료,완료,접수완료,접수완료,2026-08-04 13:07,2026-08-04 13:07:00,가족보조,기능사,상시CBT,,필기,관련학과졸업,,,,,,,,,,,
국가기술,DN2026715866,권영호,1931-03-25,1931-03-25,남,남,010-4998-5546,010-4998-5546,대학교졸,한식조리기능사,인천,인천시험장,2026-11-02,2026-11-02,2,14500,없음,없음,0,14500,신용카드,신용카드,환불,환불,취소,취소,2026-08-08 13:52,2026-08-08 13:52:00,가족보조,기능사,상시CBT,,필기,경력,,,,,,,,,,,
국가기술,DN2026444042,송인순,1946-10-15,1946-10-15,여,여,010-5806-5285,010-5806-5285,고등학교졸업,한식조리기능사,충남,천안시험장,2026-10-22,2026-10-22,5,14500,없음,없음,0,14500,가상계좌,가상계좌,완료,완료,접수완료,접수완료,2026-08-08 20:56,2026-08-08 20:56:00,복지관,기능사,상시CBT,,필기,관련학과졸업,,,,,,,,,,,
국가기술,DN2026015286,주복남,1955-10-21,1955-10-21,남,남,010-8260-6803,010-8260-6803,고등학교졸업,굴착기운전기능사,인천,인천시험장,2026-11-27,2026-11-27,1,14500,없음,없음,0,14500,신용카드,신용카드,완료,완료,접수완료,접수완료,2026-08-14 19:47,2026-08-14 19:47:00,본인단독,기능사,상시CBT,,필기,비전공자,,,,,,,,,,,
국가기술,DN2026688179,이운순,1948-09-08,1948-09-08,여,여,010-8545-1301,010-8545-1301,고등학교졸업,한식조리기능사,전남,순천시험장,2026-10-13,2026-10-13,5,14500,없음,없음,0,14500,계좌이체,계좌이체,완료,완료,접수완료,접수완료,2026-08-14 21:15,2026-08-14 21:15:00,가족보조,기능사,상시CBT,,필기,관련학과졸업,,,,,,,,,,,
국가기술,DN2026780095,강영호,1931-06-10,1931-06-10,남,남,010-2614-3722,010-2614-3722,고등학교졸업,전기기능사,대전,대전시험장,2026-10-10,2026-10-10,2,14500,없음,없음,0,14500,계좌이체,계좌이체,완료,완료,접수완료,접수완료,2026-08-03 19:53,2026-08-03 19:53:00,복지관,기능사,정기,1,필기,경력,,,,,,,,,,,
국가기술,DN2026069711,우말순,1943-01-27,1943-01-27,여,여,010-7927-3739,010-7927-3739,중학교졸업,굴착기운전기능사,전남,순천시험장,2026-09-18,2026-09-18,3,14500,없음,없음,0,14500,신용카드,신용카드,완료,완료,접수완료,접수완료,2026-08-17 18:13,2026-08-17 18:13:00,본인단독,기능사,상시CBT,,필기,관련학과졸업,,,,,,,,,,,
국가기술,DN2026546468,정만수,1931-12-20,1931-12-20,남,남,010-4186-8840,010-4186-8840,대학교졸,굴착기운전기능사,인천,인천시험장,2026-11-27,2026-11-27,3,14500,차상위계층,차상위계층,7250,7250,신용카드,신용카드,대기,대기,결제대기,결제대기,2026-08-04 09:17,2026-08-04 09:17:00,본인단독,기능사,상시CBT,,필기,경력,,,,,,,,,,,
국가기술,DN2026797730,신정호,1938-10-18,1938-10-18,남,남,010-4953-5380,010-4953-5380,대학교졸,전기기능사,인천,인천시험장,2026-10-07,2026-10-07,3,14500,기초생활수급자,기초생활수급자,7250,7250,신용카드,신용카드,완료,완료,접수완료,접수완료,2026-08-18 12:54,2026-08-18 12:54:00,본인단독,기능사,정기,2,필기,비전공자,,,,,,,,,,,
국가기술,DN2026272819,신영숙,1958-09-14,1958-09-14,여,여,010-3140-2828,010-3140-2828,대학교졸,한식조리기능사,경남,창원시험장,2026-09-04,2026-09-04,4,14500,기초생활수급자,기초생활수급자,7250,7250,계좌이체,계좌이체,완료,완료,접수완료,접수완료,2026-08-15 10:55,2026-08-15 10:55:00,본인단독,기능사,상시CBT,,필기,비전공자,,,,,,,,,,,
국가기술,DN2026918150,안영호,1965-02-26,1965-02-26,남,남,010-3637-2938,010-3637-2938,전문대졸,한식조리기능사,충북,청주시험장,2026-09-23,2026-09-23,4,14500,없음,없음,0,14500,계좌이체,계좌이체,완료,완료,접수완료,접수완료,2026-08-10 12:27,2026-08-10 12:27:00,본인단독,기능사,상시CBT,,필기,관련학과졸업,,,,,,,,,,,
국가기술,DN2026810993,안만수,1935-10-28,1935-10-28,남,남,010-6743-5714,010-6743-5714,대학원졸,한식조리기능사,대구,대구시험장,2026-11-27,2026-11-27,1,14500,없음,없음,0,14500,계좌이체,계좌이체,대기,대기,결제대기,결제대기,2026-08-14 15:13,2026-08-14 15:13:00,본인단독,기능사,상시CBT,,필기,경력,,,,,,,,,,,
국가기술,DN2026040758,손갑수,1951-12-17,1951-12-17,남,남,010-4176-1620,010-4176-1620,전문대졸,지게차운전기능사,광주,광주시험장,2026-09-26,2026-09-26,2,14500,없음,없음,0,14500,계좌이체,계좌이체,완료,완료,접수완료,접수완료,2026-08-02 17:20,2026-08-02 17:20:00,복지관,기능사,상시CBT,,필기,비전공자,,,,,,,,,,,
국가기술,DN2026777533,전말순,1946-01-17,1946-01-17,여,여,010-4043-1979,010-4043-1979,대학교졸,지게차운전기능사,서울,서울남부시험장,2026-09-15,2026-09-15,3,14500,기초생활수급자,기초생활수급자,7250,7250,계좌이체,계좌이체,완료,완료,접수완료,접수완료,2026-08-12 12:35,2026-08-12 12:35:00,본인단독,기능사,상시CBT,,필기,경력,,,,,,,,,,,
국가기술,DN2026935207,곽정순,1966-12-19,1966-12-19,여,여,010-6034-4876,010-6034-4876,대학원졸,지게차운전기능사,경기,성남시험장,2026-11-08,2026-11-08,3,14500,차상위계층,차상위계층,7250,7250,계좌이체,계좌이체,완료,완료,접수완료,접수완료,2026-08-05 11:15,2026-08-05 11:15:00,복지관,기능사,상시CBT,,필기,경력,,,,,,,,,,,
국가기술,DN2026012622,구계순,1965-07-04,1965-07-04,여,여,010-7136-5934,010-7136-5934,고등학교졸업,굴착기운전기능사,전남,순천시험장,2026-09-07,2026-09-07,4,14500,없음,없음,0,14500,신용카드,신용카드,완료,완료,접수완료,접수완료,2026-08-01 22:41,2026-08-01 22:41:00,복지관,기능사,상시CBT,,필기,비전공자,,,,,,,,,,,
국가기술,DN2026343370,한상원,1954-02-27,1954-02-27,남,남,010-9337-5488,010-9337-5488,대학교졸,지게차운전기능사,전남,순천시험장,2026-10-12,2026-10-12,4,14500,없음,없음,0,14500,신용카드,신용카드,완료,완료,접수완료,접수완료,2026-08-19 17:56,2026-08-19 17:56:00,가족보조,기능사,상시CBT,,필기,비전공자,,,,,,,,,,,
국가기술,DN2026509314,서춘희,1945-10-01,1945-10-01,여,여,010-9508-8191,010-9508-8191,대학교졸,한식조리기능사,부산,부산남부시험장,2026-09-24,2026-09-24,4,14500,없음,없음,0,14500,계좌이체,계좌이체,완료,완료,접수완료,접수완료,2026-08-05 17:24,2026-08-05 17:24:00,본인단독,기능사,상시CBT,,필기,경력,,,,,,,,,,,
국가기술,DN2026229159,노갑순,1937-11-07,1937-11-07,여,여,010-7787-1798,010-7787-1798,고등학교졸업,굴착기운전기능사,서울,서울남부시험장,2026-10-05,2026-10-05,2,14500,없음,없음,0,14500,가상계좌,가상계좌,완료,완료,접수완료,접수완료,2026-08-04 15:58,2026-08-04 15:58:00,본인단독,기능사,상시CBT,,필기,비전공자,,,,,,,,,,,
국가기술,DN2026274444,허원호,1947-05-14,1947-05-14,남,남,010-6072-1660,010-6072-1660,고등학교졸업,굴착기운전기능사,인천,인천시험장,2026-09-23,2026-09-23,1,14500,없음,없음,0,14500,신용카드,신용카드,완료,완료,접수완료,접수완료,2026-08-17 15:45,2026-08-17 15:45:00,복지관,기능사,상시CBT,,필기,비전공자,,,,,,,,,,,
국가기술,DN2026947412,최근호,1951-03-28,1951-03-28,남,남,010-4601-6406,010-4601-6406,초등학교졸업,지게차운전기능사,충북,청주시험장,2026-11-14,2026-11-14,5,14500,국가유공자,국가유공자,7250,7250,신용카드,신용카드,완료,완료,접수완료,접수완료,2026-08-18 20:11,2026-08-18 20:11:00,가족보조,기능사,상시CBT,,필기,경력,,,,,,,,,,,
국가기술,DN2026478464,오일남,1928-01-10,1928-01-10,남,남,010-6105-4793,010-6105-4793,전문대졸,전기기능사,대전,대전시험장,2026-11-03,2026-11-03,3,14500,없음,없음,0,14500,계좌이체,계좌이체,환불,환불,취소,취소,2026-08-06 14:16,2026-08-06 14:16:00,본인단독,기능사,정기,3,필기,관련학과졸업,,,,,,,,,,,
국가기술,DN2026395305,황영숙,1929-08-03,1929-08-03,여,여,010-6279-1515,010-6279-1515,전문대졸,지게차운전기능사,울산,울산시험장,2026-10-12,2026-10-12,4,14500,없음,없음,0,14500,계좌이체,계좌이체,대기,대기,결제대기,결제대기,2026-08-14 17:17,2026-08-14 17:17:00,본인단독,기능사,상시CBT,,필기,관련학과졸업,,,,,,,,,,,
국가기술,DN2026800331,양동호,1958-06-19,1958-06-19,남,남,010-3029-1477,010-3029-1477,고등학교졸업,지게차운전기능사,경남,창원시험장,2026-11-04,2026-11-04,2,14500,국가유공자,국가유공자,7250,7250,신용카드,신용카드,완료,완료,접수완료,접수완료,2026-08-08 15:44,2026-08-08 15:44:00,복지관,기능사,상시CBT,,필기,경력,,,,,,,,,,,
국가기술,DN2026229901,하영자,1928-03-11,1928-03-11,여,여,010-4303-7790,010-4303-7790,전문대졸,한식조리기능사,경기,고양시험장,2026-09-20,2026-09-20,1,14500,없음,없음,0,14500,계좌이체,계좌이체,완료,완료,접수완료,접수완료,2026-08-14 18:51,2026-08-14 18:51:00,가족보조,기능사,상시CBT,,필기,관련학과졸업,,,,,,,,,,,
국가기술,DN2026427201,조춘희,1962-08-24,1962-08-24,여,여,010-6627-9993,010-6627-9993,고등학교졸업,한식조리기능사,대구,대구시험장,2026-09-16,2026-09-16,4,14500,없음,없음,0,14500,신용카드,신용카드,완료,완료,접수완료,접수완료,2026-08-14 17:41,2026-08-14 17:41:00,가족보조,기능사,상시CBT,,필기,관련학과졸업,,,,,,,,,,,
국가기술,DN2026015982,차필호,1958-07-13,1958-07-13,남,남,010-4222-9970,010-4222-9970,고등학교졸업,전기기능사,부산,부산남부시험장,2026-11-22,2026-11-22,4,14500,기초생활수급자,기초생활수급자,7250,7250,가상계좌,가상계좌,완료,완료,접수완료,접수완료,2026-08-15 21:43,2026-08-15 21:43:00,가족보조,기능사,정기,2,필기,비전공자,,,,,,,,,,,
국가기술,DN2026396106,홍옥희,1931-01-20,1931-01-20,여,여,010-1920-6426,010-1920-6426,대학원졸,지게차운전기능사,대전,대전시험장,2026-10-22,2026-10-22,4,14500,없음,없음,0,14500,계좌이체,계좌이체,완료,완료,접수완료,접수완료,2026-08-01 16:31,2026-08-01 16:31:00,복지관,기능사,상시CBT,,필기,관련학과졸업,,,,,,,,,,,
국가기술,DN2026916711,류말자,1932-10-16,1932-10-16,여,여,010-2730-3221,010-2730-3221,전문대졸,한식조리기능사,제주,제주시험장,2026-09-06,2026-09-06,4,14500,없음,없음,0,14500,가상계좌,가상계좌,완료,완료,접수완료,접수완료,2026-08-19 17:49,2026-08-19 17:49:00,복지관,기능사,상시CBT,,필기,경력,,,,,,,,,,,
국가기술,DN2026765921,남말순,1963-09-21,1963-09-21,여,여,010-4802-9391,010-4802-9391,초등학교졸업,굴착기운전기능사,세종,세종시험장,2026-09-06,2026-09-06,5,14500,없음,없음,0,14500,신용카드,신용카드,완료,완료,접수완료,접수완료,2026-08-09 12:45,2026-08-09 12:45:00,가족보조,기능사,상시CBT,,필기,비전공자,,,,,,,,,,,
국가기술,DN2026761803,최선옥,1948-01-07,1948-01-07,여,여,010-1666-9311,010-1666-9311,전문대졸,한식조리기능사,부산,부산남부시험장,2026-11-25,2026-11-25,1,14500,없음,없음,0,14500,신용카드,신용카드,완료,완료,접수완료,접수완료,2026-08-15 15:36,2026-08-15 15:36:00,본인단독,기능사,상시CBT,,필기,관련학과졸업,,,,,,,,,,,
국가기술,DN2026248955,노정순,1948-09-03,1948-09-03,여,여,010-3446-7295,010-3446-7295,고등학교졸업,지게차운전기능사,서울,서울2시험장,2026-09-10,2026-09-10,5,14500,없음,없음,0,14500,계좌이체,계좌이체,환불,환불,취소,취소,2026-08-09 17:16,2026-08-09 17:16:00,가족보조,기능사,상시CBT,,필기,비전공자,,,,,,,,,,,
국가기술,DN2026316208,백철수,1950-08-11,1950-08-11,남,남,010-9854-7324,010-9854-7324,전문대졸,굴착기운전기능사,강원,춘천시험장,2026-09-12,2026-09-12,5,14500,없음,없음,0,14500,가상계좌,가상계좌,완료,완료,접수완료,접수완료,2026-08-10 22:46,2026-08-10 22:46:00,가족보조,기능사,상시CBT,,필기,관련학과졸업,,,,,,,,,,,
국가기술,DN2026313251,강복남,1949-03-11,1949-03-11,남,남,010-4303-9001,010-4303-9001,대학교졸,한식조리기능사,울산,울산시험장,2026-10-20,2026-10-20,3,14500,없음,없음,0,14500,계좌이체,계좌이체,완료,완료,접수완료,접수완료,2026-08-07 12:42,2026-08-07 12:42:00,가족보조,기능사,상시CBT,,필기,관련학과졸업,,,,,,,,,,,
국가기술,DN2026465716,임영호,1954-12-16,1954-12-16,남,남,010-3708-9777,010-3708-9777,전문대졸,지게차운전기능사,대전,대전시험장,2026-09-26,2026-09-26,1,14500,없음,없음,0,14500,신용카드,신용카드,완료,완료,접수완료,접수완료,2026-08-13 19:27,2026-08-13 19:27:00,복지관,기능사,상시CBT,,필기,비전공자,,,,,,,,,,,
국가기술,DN2026748070,허경자,1966-01-22,1966-01-22,여,여,010-7450-8079,010-7450-8079,대학교졸,지게차운전기능사,대구,대구시험장,2026-10-13,2026-10-13,5,14500,없음,없음,0,14500,계좌이체,계좌이체,완료,완료,접수완료,접수완료,2026-08-18 18:18,2026-08-18 18:18:00,본인단독,기능사,상시CBT,,필기,비전공자,,,,,,,,,,,
국가기술,DN2026627322,이영자,1930-04-08,1930-04-08,여,여,010-6902-3094,010-6902-3094,고등학교졸업,한식조리기능사,광주,광주시험장,2026-09-18,2026-09-18,5,14500,없음,없음,0,14500,신용카드,신용카드,완료,완료,접수완료,접수완료,2026-08-15 12:48,2026-08-15 12:48:00,가족보조,기능사,상시CBT,,필기,관련학과졸업,,,,,,,,,,,
국가기술,DN2026201592,한종수,1930-07-05,1930-07-05,남,남,010-4900-1925,010-4900-1925,중학교졸업,굴착기운전기능사,전남,순천시험장,2026-11-15,2026-11-15,4,14500,없음,없음,0,14500,가상계좌,가상계좌,완료,완료,접수완료,접수완료,2026-08-05 19:17,2026-08-05 19:17:00,복지관,기능사,상시CBT,,필기,비전공자,,,,,,,,,,,
국가기술,DN2026066079,정귀순,1931-06-18,1931-06-18,여,여,010-9163-6648,010-9163-6648,무학,한식조리기능사,대전,대전시험장,2026-10-28,2026-10-28,2,14500,없음,없음,0,14500,신용카드,신용카드,완료,완료,접수완료,접수완료,2026-08-13 14:35,2026-08-13 14:35:00,가족보조,기능사,상시CBT,,필기,비전공자,,,,,,,,,,,
국가기술,DN2026381254,정병수,1960-05-04,1960-05-04,남,남,010-1331-9633,010-1331-9633,중학교졸업,굴착기운전기능사,경남,창원시험장,2026-11-28,2026-11-28,1,14500,없음,없음,0,14500,가상계좌,가상계좌,환불,환불,취소,취소,2026-08-08 17:04,2026-08-08 17:04:00,복지관,기능사,상시CBT,,필기,경력,,,,,,,,,,,
국가기술,DN2026375349,박말순,1959-10-24,1959-10-24,여,여,010-1196-7123,010-1196-7123,고등학교졸업,지게차운전기능사,제주,제주시험장,2026-11-22,2026-11-22,5,14500,없음,없음,0,14500,신용카드,신용카드,완료,완료,접수완료,접수완료,2026-08-07 16:45,2026-08-07 16:45:00,복지관,기능사,상시CBT,,필기,경력,,,,,,,,,,,
국가기술,DN2026194466,이용기,1951-10-26,1951-10-26,남,남,010-8279-8269,010-8279-8269,고등학교졸업,전기기능사,강원,춘천시험장,2026-09-08,2026-09-08,2,14500,없음,없음,0,14500,계좌이체,계좌이체,완료,완료,접수완료,접수완료,2026-08-04 15:20,2026-08-04 15:20:00,복지관,기능사,정기,3,필기,비전공자,,,,,,,,,,,
국가기술,DN2026864433,권정순,1943-06-03,1943-06-03,여,여,010-6057-9037,010-6057-9037,고등학교졸업,한식조리기능사,경기,수원시험장,2026-11-21,2026-11-21,2,14500,없음,없음,0,14500,계좌이체,계좌이체,환불,환불,취소,취소,2026-08-18 17:58,2026-08-18 17:58:00,가족보조,기능사,상시CBT,,필기,관련학과졸업,,,,,,,,,,,
국가기술,DN2026860250,허갑순,1952-07-25,1952-07-25,여,여,010-4498-7501,010-4498-7501,고등학교졸업,지게차운전기능사,경북,포항시험장,2026-10-22,2026-10-22,1,14500,장애인,장애인,7250,7250,신용카드,신용카드,완료,완료,접수완료,접수완료,2026-08-07 18:08,2026-08-07 18:08:00,복지관,기능사,상시CBT,,필기,경력,,,,,,,,,,,
국가기술,DN2026080867,정두만,1956-11-27,1956-11-27,남,남,010-1575-6311,010-1575-6311,중학교졸업,지게차운전기능사,광주,광주시험장,2026-11-08,2026-11-08,5,14500,없음,없음,0,14500,신용카드,신용카드,완료,완료,접수완료,접수완료,2026-08-19 13:10,2026-08-19 13:10:00,본인단독,기능사,상시CBT,,필기,관련학과졸업,,,,,,,,,,,
국가기술,DN2026488372,고두만,1942-11-01,1942-11-01,남,남,010-3927-3128,010-3927-3128,고등학교졸업,지게차운전기능사,광주,광주시험장,2026-10-27,2026-10-27,2,14500,장애인,장애인,7250,7250,신용카드,신용카드,완료,완료,접수완료,접수완료,2026-08-06 15:30,2026-08-06 15:30:00,가족보조,기능사,상시CBT,,필기,관련학과졸업,,,,,,,,,,,
국가기술,DN2026131017,신동호,1962-03-08,1962-03-08,남,남,010-9362-2225,010-9362-2225,대학교졸,한식조리기능사,세종,세종시험장,2026-10-23,2026-10-23,5,14500,없음,없음,0,14500,계좌이체,계좌이체,완료,완료,접수완료,접수완료,2026-08-03 09:48,2026-08-03 09:48:00,가족보조,기능사,상시CBT,,필기,비전공자,,,,,,,,,,,
국가기술,DN2026960554,권영숙,1935-05-03,1935-05-03,여,여,010-4354-3964,010-4354-3964,고등학교졸업,지게차운전기능사,대구,대구시험장,2026-10-10,2026-10-10,4,14500,없음,없음,0,14500,신용카드,신용카드,완료,완료,접수완료,접수완료,2026-08-12 15:08,2026-08-12 15:08:00,본인단독,기능사,상시CBT,,필기,관련학과졸업,,,,,,,,,,,
국가기술,DN2026128755,황상원,1960-02-12,1960-02-12,남,남,010-5830-8834,010-5830-8834,중학교졸업,지게차운전기능사,세종,세종시험장,2026-11-21,2026-11-21,3,14500,없음,없음,0,14500,신용카드,신용카드,완료,완료,접수완료,접수완료,2026-08-17 22:30,2026-08-17 22:30:00,가족보조,기능사,상시CBT,,필기,비전공자,,,,,,,,,,,
국가기술,DN2026085148,양상원,1946-07-01,1946-07-01,남,남,010-8599-6720,010-8599-6720,고등학교졸업,전기기능사,경기,고양시험장,2026-11-04,2026-11-04,5,14500,없음,없음,0,14500,계좌이체,계좌이체,완료,완료,접수완료,접수완료,2026-08-03 16:21,2026-08-03 16:21:00,가족보조,기능사,정기,3,필기,비전공자,,,,,,,,,,,
국가기술,DN2026096137,윤필순,1964-11-27,1964-11-27,여,여,010-8004-9450,010-8004-9450,고등학교졸업,지게차운전기능사,전북,전주시험장,2026-10-07,2026-10-07,2,14500,없음,없음,0,14500,계좌이체,계좌이체,완료,완료,접수완료,접수완료,2026-08-16 20:19,2026-08-16 20:19:00,본인단독,기능사,상시CBT,,필기,비전공자,,,,,,,,,,,
국가기술,DN2026733172,구병수,1955-06-02,1955-06-02,남,남,010-6870-9054,010-6870-9054,고등학교졸업,지게차운전기능사,전북,전주시험장,2026-09-05,2026-09-05,2,14500,없음,없음,0,14500,신용카드,신용카드,완료,완료,접수완료,접수완료,2026-08-07 17:40,2026-08-07 17:40:00,복지관,기능사,상시CBT,,필기,비전공자,,,,,,,,,,,
국가기술,DN2026578502,임명자,1942-01-06,1942-01-06,여,여,010-3041-8529,010-3041-8529,전문대졸,지게차운전기능사,제주,제주시험장,2026-11-24,2026-11-24,1,14500,없음,없음,0,14500,신용카드,신용카드,완료,완료,접수완료,접수완료,2026-08-03 21:29,2026-08-03 21:29:00,복지관,기능사,상시CBT,,필기,경력,,,,,,,,,,,
국가기술,DN2026100359,하옥희,1944-09-16,1944-09-16,여,여,010-1267-1232,010-1267-1232,고등학교졸업,한식조리기능사,경기,성남시험장,2026-09-13,2026-09-13,2,14500,장애인,장애인,7250,7250,계좌이체,계좌이체,완료,완료,접수완료,접수완료,2026-08-10 14:27,2026-08-10 14:27:00,가족보조,기능사,상시CBT,,필기,비전공자,,,,,,,,,,,
국가기술,DN2026440990,류태호,1965-08-18,1965-08-18,남,남,010-4655-7103,010-4655-7103,전문대졸,지게차운전기능사,세종,세종시험장,2026-10-24,2026-10-24,2,14500,기초생활수급자,기초생활수급자,7250,7250,신용카드,신용카드,완료,완료,접수완료,접수완료,2026-08-18 22:53,2026-08-18 22:53:00,가족보조,기능사,상시CBT,,필기,비전공자,,,,,,,,,,,
국가기술,DN2026363437,정동석,1929-10-13,1929-10-13,남,남,010-2134-2772,010-2134-2772,고등학교졸업,전기기능사,광주,광주시험장,2026-09-21,2026-09-21,4,14500,없음,없음,0,14500,신용카드,신용카드,대기,대기,결제대기,결제대기,2026-08-17 09:40,2026-08-17 09:40:00,가족보조,기능사,정기,2,필기,비전공자,,,,,,,,,,,
국가기술,DN2026600693,오상길,1950-10-14,1950-10-14,남,남,010-3896-5626,010-3896-5626,대학교졸,지게차운전기능사,전북,전주시험장,2026-09-17,2026-09-17,2,14500,없음,없음,0,14500,계좌이체,계좌이체,완료,완료,접수완료,접수완료,2026-08-04 21:31,2026-08-04 21:31:00,본인단독,기능사,상시CBT,,필기,경력,,,,,,,,,,,
국가기술,DN2026928182,남영호,1940-10-28,1940-10-28,남,남,010-4623-9188,010-4623-9188,전문대졸,굴착기운전기능사,충북,청주시험장,2026-11-04,2026-11-04,3,14500,기초생활수급자,기초생활수급자,7250,7250,신용카드,신용카드,완료,완료,접수완료,접수완료,2026-08-17 21:15,2026-08-17 21:15:00,가족보조,기능사,상시CBT,,필기,관련학과졸업,,,,,,,,,,,
국가기술,DN2026843400,성말순,1933-05-15,1933-05-15,여,여,010-8858-3917,010-8858-3917,전문대졸,전기기능사,전북,전주시험장,2026-10-02,2026-10-02,1,14500,없음,없음,0,14500,신용카드,신용카드,완료,완료,접수완료,접수완료,2026-08-09 18:02,2026-08-09 18:02:00,복지관,기능사,정기,2,필기,경력,,,,,,,,,,,
국가기술,DN2026494241,노말자,1954-12-07,1954-12-07,여,여,010-9944-2732,010-9944-2732,중학교졸업,굴착기운전기능사,서울,서울1시험장,2026-11-05,2026-11-05,4,14500,없음,없음,0,14500,신용카드,신용카드,완료,완료,접수완료,접수완료,2026-08-12 11:00,2026-08-12 11:00:00,가족보조,기능사,상시CBT,,필기,경력,,,,,,,,,,,
국가기술,DN2026075629,박병수,1960-12-18,1960-12-18,남,남,010-7973-1443,010-7973-1443,중학교졸업,한식조리기능사,부산,부산시험장,2026-09-06,2026-09-06,3,14500,기초생활수급자,기초생활수급자,7250,7250,계좌이체,계좌이체,완료,완료,접수완료,접수완료,2026-08-07 22:18,2026-08-07 22:18:00,본인단독,기능사,상시CBT,,필기,비전공자,,,,,,,,,,,
국가기술,DN2026026465,강명자,1950-04-22,1950-04-22,여,여,010-3730-5751,010-3730-5751,초등학교졸업,한식조리기능사,전남,순천시험장,2026-10-10,2026-10-10,1,14500,없음,없음,0,14500,신용카드,신용카드,완료,완료,접수완료,접수완료,2026-08-09 18:44,2026-08-09 18:44:00,복지관,기능사,상시CBT,,필기,비전공자,,,,,,,,,,,
국가기술,DN2026756015,임영수,1937-09-21,1937-09-21,남,남,010-7559-3533,010-7559-3533,전문대졸,전기기능사,인천,인천시험장,2026-09-15,2026-09-15,5,14500,없음,없음,0,14500,가상계좌,가상계좌,완료,완료,접수완료,접수완료,2026-08-16 22:49,2026-08-16 22:49:00,복지관,기능사,정기,3,필기,관련학과졸업,,,,,,,,,,,
국가기술,DN2026652796,전점순,1945-01-20,1945-01-20,여,여,010-7310-6228,010-7310-6228,중학교졸업,한식조리기능사,강원,춘천시험장,2026-09-12,2026-09-12,2,14500,없음,없음,0,14500,신용카드,신용카드,완료,완료,접수완료,접수완료,2026-08-18 18:31,2026-08-18 18:31:00,복지관,기능사,상시CBT,,필기,비전공자,,,,,,,,,,,
국가기술,DN2026340151,윤동호,1962-06-18,1962-06-18,남,남,010-3600-1677,010-3600-1677,전문대졸,전기기능사,부산,부산시험장,2026-11-12,2026-11-12,3,14500,없음,없음,0,14500,신용카드,신용카드,완료,완료,접수완료,접수완료,2026-08-07 17:39,2026-08-07 17:39:00,복지관,기능사,정기,1,필기,관련학과졸업,,,,,,,,,,,
국가기술,DN2026964716,백용기,1937-02-02,1937-02-02,남,남,010-4371-8223,010-4371-8223,전문대졸,굴착기운전기능사,충남,천안시험장,2026-11-26,2026-11-26,3,14500,없음,없음,0,14500,신용카드,신용카드,완료,완료,접수완료,접수완료,2026-08-16 18:25,2026-08-16 18:25:00,복지관,기능사,상시CBT,,필기,경력,,,,,,,,,,,
국가기술,DN2026723770,남경자,1950-06-25,1950-06-25,여,여,010-1012-3090,010-1012-3090,전문대졸,한식조리기능사,경기,성남시험장,2026-09-11,2026-09-11,2,14500,없음,없음,0,14500,신용카드,신용카드,완료,완료,접수완료,접수완료,2026-08-01 10:23,2026-08-01 10:23:00,가족보조,기능사,상시CBT,,필기,비전공자,,,,,,,,,,,
국가기술,DN2026253429,성상길,1934-01-09,1934-01-09,남,남,010-2624-7283,010-2624-7283,대학교졸,전기기능사,전남,순천시험장,2026-11-16,2026-11-16,3,14500,없음,없음,0,14500,신용카드,신용카드,완료,완료,접수완료,접수완료,2026-08-08 17:01,2026-08-08 17:01:00,본인단독,기능사,정기,4,필기,비전공자,,,,,,,,,,,
국가기술,DN2026475832,임성호,1936-06-11,1936-06-11,남,남,010-3796-5378,010-3796-5378,대학원졸,굴착기운전기능사,제주,제주시험장,2026-11-24,2026-11-24,5,14500,차상위계층,차상위계층,7250,7250,신용카드,신용카드,완료,완료,접수완료,접수완료,2026-08-11 09:40,2026-08-11 09:40:00,복지관,기능사,상시CBT,,필기,관련학과졸업,,,,,,,,,,,
국가기술,DN2026459977,문철수,1937-09-23,1937-09-23,남,남,010-8887-2757,010-8887-2757,고등학교졸업,한식조리기능사,충북,청주시험장,2026-09-13,2026-09-13,4,14500,없음,없음,0,14500,신용카드,신용카드,완료,완료,접수완료,접수완료,2026-08-07 15:19,2026-08-07 15:19:00,복지관,기능사,상시CBT,,필기,관련학과졸업,,,,,,,,,,,
국가기술,DN2026299479,한재호,1950-01-16,1950-01-16,남,남,010-6341-1185,010-6341-1185,고등학교졸업,전기기능사,강원,춘천시험장,2026-10-04,2026-10-04,4,14500,없음,없음,0,14500,신용카드,신용카드,완료,완료,접수완료,접수완료,2026-08-03 11:20,2026-08-03 11:20:00,가족보조,기능사,정기,1,필기,관련학과졸업,,,,,,,,,,,
국가기술,DN2026641530,민용기,1961-03-17,1961-03-17,남,남,010-1081-4353,010-1081-4353,대학교졸,굴착기운전기능사,경기,수원시험장,2026-09-21,2026-09-21,1,14500,장애인,장애인,7250,7250,신용카드,신용카드,대기,대기,결제대기,결제대기,2026-08-01 09:22,2026-08-01 09:22:00,본인단독,기능사,상시CBT,,필기,비전공자,,,,,,,,,,,
국가기술,DN2026944266,이근호,1963-05-24,1963-05-24,남,남,010-9967-5161,010-9967-5161,초등학교졸업,전기기능사,전남,순천시험장,2026-10-10,2026-10-10,5,14500,장애인,장애인,7250,7250,가상계좌,가상계좌,환불,환불,취소,취소,2026-08-07 14:00,2026-08-07 14:00:00,가족보조,기능사,정기,4,필기,경력,,,,,,,,,,,
국가기술,DN2026914092,노말순,1937-03-05,1937-03-05,여,여,010-9890-6004,010-9890-6004,대학원졸,한식조리기능사,전남,순천시험장,2026-11-14,2026-11-14,4,14500,없음,없음,0,14500,가상계좌,가상계좌,완료,완료,접수완료,접수완료,2026-08-07 13:13,2026-08-07 13:13:00,가족보조,기능사,상시CBT,,필기,비전공자,,,,,,,,,,,
국가기술,DN2026775417,전필호,1945-03-05,1945-03-05,남,남,010-3480-2958,010-3480-2958,중학교졸업,굴착기운전기능사,세종,세종시험장,2026-09-17,2026-09-17,5,14500,없음,없음,0,14500,계좌이체,계좌이체,완료,완료,접수완료,접수완료,2026-08-03 20:20,2026-08-03 20:20:00,복지관,기능사,상시CBT,,필기,경력,,,,,,,,,,,
국가기술,DN2026446777,심말자,1958-12-16,1958-12-16,여,여,010-6689-2608,010-6689-2608,대학원졸,지게차운전기능사,경북,포항시험장,2026-09-08,2026-09-08,2,14500,장애인,장애인,7250,7250,신용카드,신용카드,완료,완료,접수완료,접수완료,2026-08-13 12:28,2026-08-13 12:28:00,본인단독,기능사,상시CBT,,필기,관련학과졸업,,,,,,,,,,,
국가기술,DN2026514531,김일남,1946-03-04,1946-03-04,남,남,010-5550-6345,010-5550-6345,초등학교졸업,한식조리기능사,광주,광주시험장,2026-11-07,2026-11-07,5,14500,없음,없음,0,14500,계좌이체,계좌이체,완료,완료,접수완료,접수완료,2026-08-17 20:47,2026-08-17 20:47:00,본인단독,기능사,상시CBT,,필기,관련학과졸업,,,,,,,,,,,
국가기술,DN2026999965,조금순,1942-03-23,1942-03-23,여,여,010-4011-9339,010-4011-9339,무학,전기기능사,세종,세종시험장,2026-09-26,2026-09-26,3,14500,국가유공자,국가유공자,7250,7250,계좌이체,계좌이체,환불,환불,취소,취소,2026-08-13 18:23,2026-08-13 18:23:00,가족보조,기능사,정기,2,필기,경력,,,,,,,,,,,
국가기술,DN2026979061,양광수,1930-11-04,1930-11-04,남,남,010-6930-5691,010-6930-5691,대학교졸,굴착기운전기능사,서울,서울남부시험장,2026-10-06,2026-10-06,1,14500,장애인,장애인,7250,7250,신용카드,신용카드,완료,완료,접수완료,접수완료,2026-08-02 13:32,2026-08-02 13:32:00,가족보조,기능사,상시CBT,,필기,경력,,,,,,,,,,,
국가기술,DN2026552646,하춘자,1948-03-26,1948-03-26,여,여,010-2899-7602,010-2899-7602,고등학교졸업,굴착기운전기능사,인천,인천시험장,2026-11-11,2026-11-11,2,14500,없음,없음,0,14500,가상계좌,가상계좌,완료,완료,접수완료,접수완료,2026-08-17 19:02,2026-08-17 19:02:00,본인단독,기능사,상시CBT,,필기,경력,,,,,,,,,,,
국가기술,DN2026359441,우선옥,1934-02-16,1934-02-16,여,여,010-6170-1608,010-6170-1608,고등학교졸업,한식조리기능사,부산,부산남부시험장,2026-10-09,2026-10-09,2,14500,없음,없음,0,14500,계좌이체,계좌이체,완료,완료,접수완료,접수완료,2026-08-10 20:44,2026-08-10 20:44:00,가족보조,기능사,상시CBT,,필기,관련학과졸업,,,,,,,,,,,
국가기술,DN2026958488,강철수,1941-05-07,1941-05-07,남,남,010-8074-8826,010-8074-8826,전문대졸,전기기능사,부산,부산시험장,2026-09-04,2026-09-04,4,14500,없음,없음,0,14500,가상계좌,가상계좌,완료,완료,접수완료,접수완료,2026-08-13 22:47,2026-08-13 22:47:00,본인단독,기능사,정기,2,필기,경력,,,,,,,,,,,
국가기술,DN2026210537,곽계순,1948-12-09,1948-12-09,여,여,010-5231-1145,010-5231-1145,중학교졸업,한식조리기능사,전북,전주시험장,2026-10-01,2026-10-01,4,14500,없음,없음,0,14500,계좌이체,계좌이체,완료,완료,접수완료,접수완료,2026-08-05 20:53,2026-08-05 20:53:00,복지관,기능사,상시CBT,,필기,비전공자,,,,,,,,,,,
국가기술,DN2026775474,신상원,1951-05-21,1951-05-21,남,남,010-4931-6505,010-4931-6505,대학교졸,전기기능사,대전,대전시험장,2026-09-02,2026-09-02,2,14500,없음,없음,0,14500,계좌이체,계좌이체,완료,완료,접수완료,접수완료,2026-08-02 13:35,2026-08-02 13:35:00,복지관,기능사,정기,3,필기,관련학과졸업,,,,,,,,,,,
국가기술,DN2026044196,최용기,1947-01-01,1947-01-01,남,남,010-1155-5509,010-1155-5509,초등학교졸업,한식조리기능사,경기,성남시험장,2026-10-03,2026-10-03,2,14500,장애인,장애인,7250,7250,신용카드,신용카드,완료,완료,접수완료,접수완료,2026-08-02 21:38,2026-08-02 21:38:00,가족보조,기능사,상시CBT,,필기,경력,,,,,,,,,,,
국가기술,DN2026999183,고복남,1931-04-22,1931-04-22,남,남,010-9856-4321,010-9856-4321,고등학교졸업,전기기능사,대전,대전시험장,2026-11-17,2026-11-17,3,14500,없음,없음,0,14500,계좌이체,계좌이체,완료,완료,접수완료,접수완료,2026-08-13 21:36,2026-08-13 21:36:00,복지관,기능사,정기,2,필기,비전공자,,,,,,,,,,,
국가기술,DN2026102780,권병수,1931-10-06,1931-10-06,남,남,010-4754-9882,010-4754-9882,전문대졸,한식조리기능사,경기,수원시험장,2026-11-04,2026-11-04,5,14500,없음,없음,0,14500,계좌이체,계좌이체,완료,완료,접수완료,접수완료,2026-08-15 15:08,2026-08-15 15:08:00,복지관,기능사,상시CBT,,필기,비전공자,,,,,,,,,,,
국가기술,DN2026284422,서철수,1954-12-20,1954-12-20,남,남,010-8106-1976,010-8106-1976,대학교졸,한식조리기능사,경남,창원시험장,2026-09-24,2026-09-24,4,14500,없음,없음,0,14500,신용카드,신용카드,완료,완료,접수완료,접수완료,2026-08-14 10:11,2026-08-14 10:11:00,복지관,기능사,상시CBT,,필기,관련학과졸업,,,,,,,,,,,
국가기술,DN2026983276,민영호,1960-04-18,1960-04-18,남,남,010-2969-5452,010-2969-5452,중학교졸업,전기기능사,제주,제주시험장,2026-11-13,2026-11-13,3,14500,없음,없음,0,14500,계좌이체,계좌이체,완료,완료,접수완료,접수완료,2026-08-08 17:52,2026-08-08 17:52:00,복지관,기능사,정기,1,필기,비전공자,,,,,,,,,,,
국가기술,DN2026466413,서옥희,1965-07-27,1965-07-27,여,여,010-1306-7092,010-1306-7092,고등학교졸업,한식조리기능사,제주,제주시험장,2026-10-26,2026-10-26,5,14500,없음,없음,0,14500,신용카드,신용카드,환불,환불,취소,취소,2026-08-03 10:12,2026-08-03 10:12:00,복지관,기능사,상시CBT,,필기,관련학과졸업,,,,,,,,,,,
국가기술,DN2026482735,허봉숙,1939-03-11,1939-03-11,여,여,010-2755-2091,010-2755-2091,중학교졸업,한식조리기능사,전남,순천시험장,2026-11-08,2026-11-08,4,14500,없음,없음,0,14500,계좌이체,계좌이체,환불,환불,취소,취소,2026-08-11 12:00,2026-08-11 12:00:00,가족보조,기능사,상시CBT,,필기,관련학과졸업,,,,,,,,,,,
국가기술,DN2026679001,민순옥,1941-09-02,1941-09-02,여,여,010-1149-2899,010-1149-2899,고등학교졸업,한식조리기능사,충북,청주시험장,2026-09-07,2026-09-07,4,14500,없음,없음,0,14500,가상계좌,가상계좌,완료,완료,접수완료,접수완료,2026-08-02 17:49,2026-08-02 17:49:00,복지관,기능사,상시CBT,,필기,비전공자,,,,,,,,,,,
국가기술,DN2026634364,차선옥,1931-10-27,1931-10-27,여,여,010-1191-2702,010-1191-2702,중학교졸업,전기기능사,강원,춘천시험장,2026-09-15,2026-09-15,2,14500,없음,없음,0,14500,계좌이체,계좌이체,완료,완료,접수완료,접수완료,2026-08-13 12:30,2026-08-13 12:30:00,가족보조,기능사,정기,4,필기,관련학과졸업,,,,,,,,,,,
국가기술,DN2026301700,민계순,1928-01-27,1928-01-27,여,여,010-6363-2007,010-6363-2007,고등학교졸업,전기기능사,경기,고양시험장,2026-09-24,2026-09-24,3,14500,장애인,장애인,7250,7250,가상계좌,가상계좌,완료,완료,접수완료,접수완료,2026-08-02 18:37,2026-08-02 18:37:00,가족보조,기능사,정기,2,필기,관련학과졸업,,,,,,,,,,,
국가기술,DN2026520635,차영호,1938-09-11,1938-09-11,남,남,010-7314-6077,010-7314-6077,고등학교졸업,지게차운전기능사,광주,광주시험장,2026-11-25,2026-11-25,3,14500,없음,없음,0,14500,신용카드,신용카드,환불,환불,취소,취소,2026-08-14 11:44,2026-08-14 11:44:00,복지관,기능사,상시CBT,,필기,경력,,,,,,,,,,,
국가기술,DN2026298279,최필순,1966-04-27,1966-04-27,여,여,010-4050-1078,010-4050-1078,중학교졸업,굴착기운전기능사,서울,서울1시험장,2026-11-28,2026-11-28,5,14500,없음,없음,0,14500,가상계좌,가상계좌,완료,완료,접수완료,접수완료,2026-08-02 22:33,2026-08-02 22:33:00,가족보조,기능사,상시CBT,,필기,경력,,,,,,,,,,,
국가기술,DN2026297362,주갑수,1933-09-11,1933-09-11,남,남,010-2941-3790,010-2941-3790,전문대졸,굴착기운전기능사,세종,세종시험장,2026-11-09,2026-11-09,4,14500,없음,없음,0,14500,신용카드,신용카드,환불,환불,취소,취소,2026-08-11 18:34,2026-08-11 18:34:00,가족보조,기능사,상시CBT,,필기,관련학과졸업,,,,,,,,,,,
국가기술,DN2026601370,오갑순,1963-05-27,1963-05-27,여,여,010-4985-5541,010-4985-5541,전문대졸,한식조리기능사,충남,천안시험장,2026-10-23,2026-10-23,5,14500,없음,없음,0,14500,계좌이체,계좌이체,완료,완료,접수완료,접수완료,2026-08-09 10:54,2026-08-09 10:54:00,복지관,기능사,상시CBT,,필기,비전공자,,,,,,,,,,,
국가기술,DN2026695371,류병수,1934-03-23,1934-03-23,남,남,010-1764-5564,010-1764-5564,고등학교졸업,굴착기운전기능사,전남,순천시험장,2026-10-09,2026-10-09,4,14500,장애인,장애인,7250,7250,계좌이체,계좌이체,완료,완료,접수완료,접수완료,2026-08-19 22:21,2026-08-19 22:21:00,본인단독,기능사,상시CBT,,필기,관련학과졸업,,,,,,,,,,,
국가기술,DN2026052322,유복순,1947-12-04,1947-12-04,여,여,010-8019-3634,010-8019-3634,고등학교졸업,굴착기운전기능사,전남,순천시험장,2026-09-23,2026-09-23,4,14500,기초생활수급자,기초생활수급자,7250,7250,신용카드,신용카드,완료,완료,접수완료,접수완료,2026-08-17 22:16,2026-08-17 22:16:00,복지관,기능사,상시CBT,,필기,경력,,,,,,,,,,,
국가기술,DN2026935242,송복순,1946-09-25,1946-09-25,여,여,010-1907-3880,010-1907-3880,고등학교졸업,한식조리기능사,전남,순천시험장,2026-11-08,2026-11-08,1,14500,기초생활수급자,기초생활수급자,7250,7250,계좌이체,계좌이체,완료,완료,접수완료,접수완료,2026-08-05 11:34,2026-08-05 11:34:00,가족보조,기능사,상시CBT,,필기,경력,,,,,,,,,,,
국가기술,DN2026473595,권일남,1932-04-26,1932-04-26,남,남,010-7543-6927,010-7543-6927,대학원졸,지게차운전기능사,서울,서울1시험장,2026-10-19,2026-10-19,3,14500,없음,없음,0,14500,계좌이체,계좌이체,완료,완료,접수완료,접수완료,2026-08-01 09:48,2026-08-01 09:48:00,복지관,기능사,상시CBT,,필기,관련학과졸업,,,,,,,,,,,
국가기술,DN2026204755,하두만,1941-12-17,1941-12-17,남,남,010-3318-3320,010-3318-3320,고등학교졸업,전기기능사,경남,창원시험장,2026-10-14,2026-10-14,5,14500,기초생활수급자,기초생활수급자,7250,7250,신용카드,신용카드,완료,완료,접수완료,접수완료,2026-08-19 19:14,2026-08-19 19:14:00,본인단독,기능사,정기,3,필기,경력,,,,,,,,,,,
국가기술,DN2026969061,안갑수,1954-03-24,1954-03-24,남,남,010-3952-7036,010-3952-7036,대학원졸,지게차운전기능사,강원,춘천시험장,2026-09-22,2026-09-22,4,14500,없음,없음,0,14500,가상계좌,가상계좌,환불,환불,취소,취소,2026-08-19 16:19,2026-08-19 16:19:00,가족보조,기능사,상시CBT,,필기,경력,,,,,,,,,,,
국가기술,DN2026273608,손선옥,1960-08-02,1960-08-02,여,여,010-8767-3043,010-8767-3043,고등학교졸업,지게차운전기능사,울산,울산시험장,2026-09-07,2026-09-07,2,14500,없음,없음,0,14500,신용카드,신용카드,환불,환불,취소,취소,2026-08-07 22:31,2026-08-07 22:31:00,복지관,기능사,상시CBT,,필기,경력,,,,,,,,,,,
국가기술,DN2026990635,권미자,1937-03-27,1937-03-27,여,여,010-7216-3677,010-7216-3677,고등학교졸업,지게차운전기능사,경기,성남시험장,2026-11-19,2026-11-19,5,14500,국가유공자,국가유공자,7250,7250,신용카드,신용카드,대기,대기,결제대기,결제대기,2026-08-02 18:07,2026-08-02 18:07:00,본인단독,기능사,상시CBT,,필기,경력,,,,,,,,,,,
국가기술,DN2026996130,황금순,1945-11-20,1945-11-20,여,여,010-4127-7231,010-4127-7231,고등학교졸업,전기기능사,강원,춘천시험장,2026-11-24,2026-11-24,4,14500,없음,없음,0,14500,신용카드,신용카드,완료,완료,접수완료,접수완료,2026-08-04 21:40,2026-08-04 21:40:00,가족보조,기능사,정기,2,필기,관련학과졸업,,,,,,,,,,,
국가기술,DN2026404074,이정호,1947-05-05,1947-05-05,남,남,010-6839-5584,010-6839-5584,대학교졸,전기기능사,충북,청주시험장,2026-11-18,2026-11-18,2,14500,장애인,장애인,7250,7250,계좌이체,계좌이체,완료,완료,접수완료,접수완료,2026-08-06 11:32,2026-08-06 11:32:00,가족보조,기능사,정기,2,필기,비전공자,,,,,,,,,,,
국가기술,DN2026302516,허정순,1959-11-24,1959-11-24,여,여,010-3655-8486,010-3655-8486,고등학교졸업,굴착기운전기능사,인천,인천시험장,2026-10-18,2026-10-18,5,14500,없음,없음,0,14500,신용카드,신용카드,완료,완료,접수완료,접수완료,2026-08-18 14:28,2026-08-18 14:28:00,가족보조,기능사,상시CBT,,필기,비전공자,,,,,,,,,,,
국가기술,DN2026544862,문정자,1935-08-21,1935-08-21,여,여,010-8967-3968,010-8967-3968,대학교졸,지게차운전기능사,경북,포항시험장,2026-09-01,2026-09-01,4,14500,국가유공자,국가유공자,7250,7250,신용카드,신용카드,완료,완료,접수완료,접수완료,2026-08-07 13:33,2026-08-07 13:33:00,복지관,기능사,상시CBT,,필기,관련학과졸업,,,,,,,,,,,
국가기술,DN2026180553,심영수,1952-02-17,1952-02-17,남,남,010-5121-2060,010-5121-2060,대학교졸,굴착기운전기능사,부산,부산남부시험장,2026-09-02,2026-09-02,1,14500,없음,없음,0,14500,가상계좌,가상계좌,완료,완료,접수완료,접수완료,2026-08-09 16:35,2026-08-09 16:35:00,본인단독,기능사,상시CBT,,필기,관련학과졸업,,,,,,,,,,,
국가기술,DN2026969546,전옥분,1960-09-12,1960-09-12,여,여,010-8088-7231,010-8088-7231,전문대졸,한식조리기능사,충남,천안시험장,2026-10-24,2026-10-24,1,14500,국가유공자,국가유공자,7250,7250,신용카드,신용카드,완료,완료,접수완료,접수완료,2026-08-17 18:43,2026-08-17 18:43:00,본인단독,기능사,상시CBT,,필기,경력,,,,,,,,,,,
국가기술,DN2026910023,주봉숙,1954-07-13,1954-07-13,여,여,010-8889-2911,010-8889-2911,고등학교졸업,전기기능사,서울,서울남부시험장,2026-11-15,2026-11-15,5,14500,국가유공자,국가유공자,7250,7250,신용카드,신용카드,완료,완료,접수완료,접수완료,2026-08-02 09:37,2026-08-02 09:37:00,복지관,기능사,정기,2,필기,경력,,,,,,,,,,,
국가기술,DN2026313586,장봉숙,1952-10-15,1952-10-15,여,여,010-2721-5703,010-2721-5703,고등학교졸업,한식조리기능사,울산,울산시험장,2026-10-21,2026-10-21,5,14500,없음,없음,0,14500,가상계좌,가상계좌,완료,완료,접수완료,접수완료,2026-08-01 15:24,2026-08-01 15:24:00,가족보조,기능사,상시CBT,,필기,경력,,,,,,,,,,,
국가기술,DN2026112425,홍순자,1930-11-17,1930-11-17,여,여,010-3874-9489,010-3874-9489,전문대졸,한식조리기능사,광주,광주시험장,2026-09-10,2026-09-10,4,14500,없음,없음,0,14500,신용카드,신용카드,완료,완료,접수완료,접수완료,2026-08-09 12:16,2026-08-09 12:16:00,본인단독,기능사,상시CBT,,필기,비전공자,,,,,,,,,,,
국가기술,DN2026161247,김복남,1950-11-19,1950-11-19,남,남,010-9274-6683,010-9274-6683,고등학교졸업,굴착기운전기능사,강원,춘천시험장,2026-10-16,2026-10-16,1,14500,차상위계층,차상위계층,7250,7250,신용카드,신용카드,환불,환불,취소,취소,2026-08-18 20:44,2026-08-18 20:44:00,가족보조,기능사,상시CBT,,필기,비전공자,,,,,,,,,,,
국가기술,DN2026265159,윤상길,1962-06-04,1962-06-04,남,남,010-6341-5695,010-6341-5695,대학교졸,굴착기운전기능사,전남,순천시험장,2026-09-06,2026-09-06,1,14500,국가유공자,국가유공자,7250,7250,신용카드,신용카드,완료,완료,접수완료,접수완료,2026-08-15 10:09,2026-08-15 10:09:00,복지관,기능사,상시CBT,,필기,관련학과졸업,,,,,,,,,,,
국가기술,DN2026077479,문점순,1940-01-08,1940-01-08,여,여,010-6247-3096,010-6247-3096,고등학교졸업,굴착기운전기능사,충북,청주시험장,2026-09-10,2026-09-10,1,14500,없음,없음,0,14500,신용카드,신용카드,대기,대기,결제대기,결제대기,2026-08-10 20:52,2026-08-10 20:52:00,가족보조,기능사,상시CBT,,필기,비전공자,,,,,,,,,,,
국가기술,DN2026820415,박필호,1936-02-19,1936-02-19,남,남,010-8323-9711,010-8323-9711,고등학교졸업,전기기능사,경남,창원시험장,2026-11-11,2026-11-11,1,14500,없음,없음,0,14500,신용카드,신용카드,완료,완료,접수완료,접수완료,2026-08-11 18:59,2026-08-11 18:59:00,복지관,기능사,정기,3,필기,비전공자,,,,,,,,,,,
국가기술,DN2026949216,안춘자,1955-02-19,1955-02-19,여,여,010-1153-4396,010-1153-4396,전문대졸,한식조리기능사,부산,부산시험장,2026-09-05,2026-09-05,3,14500,없음,없음,0,14500,신용카드,신용카드,완료,완료,접수완료,접수완료,2026-08-03 22:49,2026-08-03 22:49:00,복지관,기능사,상시CBT,,필기,관련학과졸업,,,,,,,,,,,
국가기술,DN2026738687,백선옥,1941-05-10,1941-05-10,여,여,010-8419-3418,010-8419-3418,중학교졸업,전기기능사,대전,대전시험장,2026-09-09,2026-09-09,5,14500,없음,없음,0,14500,신용카드,신용카드,완료,완료,접수완료,접수완료,2026-08-13 17:43,2026-08-13 17:43:00,가족보조,기능사,정기,4,필기,경력,,,,,,,,,,,
국가기술,DN2026743359,유영호,1943-10-15,1943-10-15,남,남,010-1096-7081,010-1096-7081,고등학교졸업,지게차운전기능사,제주,제주시험장,2026-10-20,2026-10-20,4,14500,없음,없음,0,14500,가상계좌,가상계좌,완료,완료,접수완료,접수완료,2026-08-19 09:46,2026-08-19 09:46:00,가족보조,기능사,상시CBT,,필기,관련학과졸업,,,,,,,,,,,
국가기술,DN2026175708,곽귀순,1962-12-03,1962-12-03,여,여,010-7740-1413,010-7740-1413,대학교졸,굴착기운전기능사,충북,청주시험장,2026-11-07,2026-11-07,4,14500,없음,없음,0,14500,계좌이체,계좌이체,완료,완료,접수완료,접수완료,2026-08-12 13:54,2026-08-12 13:54:00,본인단독,기능사,상시CBT,,필기,관련학과졸업,,,,,,,,,,,
국가기술,DN2026238361,민성호,1928-05-02,1928-05-02,남,남,010-4125-4523,010-4125-4523,대학교졸,전기기능사,제주,제주시험장,2026-09-16,2026-09-16,5,14500,없음,없음,0,14500,신용카드,신용카드,완료,완료,접수완료,접수완료,2026-08-14 15:02,2026-08-14 15:02:00,복지관,기능사,정기,4,필기,관련학과졸업,,,,,,,,,,,
국가기술,DN2026377611,우철수,1957-03-12,1957-03-12,남,남,010-3065-6704,010-3065-6704,초등학교졸업,굴착기운전기능사,경남,창원시험장,2026-11-16,2026-11-16,1,14500,없음,없음,0,14500,신용카드,신용카드,완료,완료,접수완료,접수완료,2026-08-06 14:56,2026-08-06 14:56:00,가족보조,기능사,상시CBT,,필기,경력,,,,,,,,,,,
국가기술,DN2026644902,황복남,1931-02-17,1931-02-17,남,남,010-2979-3786,010-2979-3786,초등학교졸업,지게차운전기능사,광주,광주시험장,2026-11-13,2026-11-13,3,14500,없음,없음,0,14500,계좌이체,계좌이체,완료,완료,접수완료,접수완료,2026-08-13 13:46,2026-08-13 13:46:00,복지관,기능사,상시CBT,,필기,관련학과졸업,,,,,,,,,,,
국가기술,DN2026724948,노귀순,1940-03-25,1940-03-25,여,여,010-1090-8760,010-1090-8760,대학원졸,전기기능사,세종,세종시험장,2026-10-19,2026-10-19,2,14500,없음,없음,0,14500,계좌이체,계좌이체,완료,완료,접수완료,접수완료,2026-08-04 22:45,2026-08-04 22:45:00,가족보조,기능사,정기,1,필기,관련학과졸업,,,,,,,,,,,
국가기술,DN2026910998,배갑수,1936-10-13,1936-10-13,남,남,010-9667-1422,010-9667-1422,고등학교졸업,한식조리기능사,경기,고양시험장,2026-09-27,2026-09-27,5,14500,없음,없음,0,14500,신용카드,신용카드,완료,완료,접수완료,접수완료,2026-08-10 21:55,2026-08-10 21:55:00,복지관,기능사,상시CBT,,필기,관련학과졸업,,,,,,,,,,,
국가기술,DN2026663136,류재호,1955-09-18,1955-09-18,남,남,010-8424-1508,010-8424-1508,무학,굴착기운전기능사,제주,제주시험장,2026-10-05,2026-10-05,3,14500,없음,없음,0,14500,가상계좌,가상계좌,완료,완료,접수완료,접수완료,2026-08-07 09:53,2026-08-07 09:53:00,복지관,기능사,상시CBT,,필기,경력,,,,,,,,,,,
국가기술,DN2026665516,안순자,1947-07-20,1947-07-20,여,여,010-3399-7523,010-3399-7523,고등학교졸업,굴착기운전기능사,부산,부산남부시험장,2026-09-01,2026-09-01,5,14500,없음,없음,0,14500,신용카드,신용카드,완료,완료,접수완료,접수완료,2026-08-15 10:44,2026-08-15 10:44:00,본인단독,기능사,상시CBT,,필기,비전공자,,,,,,,,,,,
국가기술,DN2026881216,심순옥,1964-07-23,1964-07-23,여,여,010-9150-8316,010-9150-8316,고등학교졸업,전기기능사,대구,대구시험장,2026-10-18,2026-10-18,5,14500,없음,없음,0,14500,신용카드,신용카드,환불,환불,취소,취소,2026-08-19 16:57,2026-08-19 16:57:00,본인단독,기능사,정기,1,필기,경력,,,,,,,,,,,
국가기술,DN2026261770,노필호,1949-06-02,1949-06-02,남,남,010-4587-5477,010-4587-5477,대학원졸,전기기능사,강원,춘천시험장,2026-11-25,2026-11-25,2,14500,장애인,장애인,7250,7250,신용카드,신용카드,완료,완료,접수완료,접수완료,2026-08-11 17:23,2026-08-11 17:23:00,본인단독,기능사,정기,3,필기,관련학과졸업,,,,,,,,,,,
국가기술,DN2026376505,문복순,1959-09-18,1959-09-18,여,여,010-8819-5423,010-8819-5423,무학,지게차운전기능사,대전,대전시험장,2026-10-25,2026-10-25,2,14500,없음,없음,0,14500,신용카드,신용카드,대기,대기,결제대기,결제대기,2026-08-06 22:33,2026-08-06 22:33:00,본인단독,기능사,상시CBT,,필기,경력,,,,,,,,,,,
국가기술,DN2026074475,송춘희,1944-11-14,1944-11-14,여,여,010-2686-1853,010-2686-1853,고등학교졸업,지게차운전기능사,대전,대전시험장,2026-10-11,2026-10-11,5,14500,없음,없음,0,14500,신용카드,신용카드,완료,완료,접수완료,접수완료,2026-08-01 16:48,2026-08-01 16:48:00,가족보조,기능사,상시CBT,,필기,비전공자,,,,,,,,,,,
국가기술,DN2026398477,우근호,1958-11-09,1958-11-09,남,남,010-5375-6720,010-5375-6720,중학교졸업,지게차운전기능사,세종,세종시험장,2026-09-15,2026-09-15,5,14500,없음,없음,0,14500,가상계좌,가상계좌,환불,환불,취소,취소,2026-08-18 19:37,2026-08-18 19:37:00,복지관,기능사,상시CBT,,필기,경력,,,,,,,,,,,
국가기술,DN2026472861,최경자,1946-11-04,1946-11-04,여,여,010-4237-7631,010-4237-7631,고등학교졸업,한식조리기능사,경남,창원시험장,2026-09-08,2026-09-08,2,14500,없음,없음,0,14500,가상계좌,가상계좌,완료,완료,접수완료,접수완료,2026-08-13 20:03,2026-08-13 20:03:00,가족보조,기능사,상시CBT,,필기,비전공자,,,,,,,,,,,
국가기술,DN2026280665,성동석,1942-01-22,1942-01-22,남,남,010-6138-2442,010-6138-2442,대학원졸,굴착기운전기능사,서울,서울1시험장,2026-10-02,2026-10-02,4,14500,없음,없음,0,14500,신용카드,신용카드,완료,완료,접수완료,접수완료,2026-08-01 11:06,2026-08-01 11:06:00,복지관,기능사,상시CBT,,필기,비전공자,,,,,,,,,,,
국가기술,DN2026898755,주영자,1956-06-17,1956-06-17,여,여,010-2487-4634,010-2487-4634,대학교졸,굴착기운전기능사,서울,서울2시험장,2026-09-15,2026-09-15,3,14500,없음,없음,0,14500,신용카드,신용카드,완료,완료,접수완료,접수완료,2026-08-08 14:24,2026-08-08 14:24:00,본인단독,기능사,상시CBT,,필기,경력,,,,,,,,,,,
국가기술,DN2026399902,송영호,1936-04-27,1936-04-27,남,남,010-9679-7438,010-9679-7438,전문대졸,전기기능사,세종,세종시험장,2026-11-15,2026-11-15,5,14500,없음,없음,0,14500,신용카드,신용카드,완료,완료,접수완료,접수완료,2026-08-19 19:43,2026-08-19 19:43:00,가족보조,기능사,정기,2,필기,경력,,,,,,,,,,,
국가기술,DN2026799442,성복순,1963-09-06,1963-09-06,여,여,010-5056-1835,010-5056-1835,중학교졸업,전기기능사,대전,대전시험장,2026-10-13,2026-10-13,1,14500,없음,없음,0,14500,가상계좌,가상계좌,완료,완료,접수완료,접수완료,2026-08-17 18:19,2026-08-17 18:19:00,복지관,기능사,정기,4,필기,비전공자,,,,,,,,,,,
국가기술,DN2026492752,허상원,1944-12-12,1944-12-12,남,남,010-4616-1699,010-4616-1699,전문대졸,지게차운전기능사,서울,서울2시험장,2026-11-17,2026-11-17,1,14500,기초생활수급자,기초생활수급자,7250,7250,계좌이체,계좌이체,완료,완료,접수완료,접수완료,2026-08-12 19:47,2026-08-12 19:47:00,복지관,기능사,상시CBT,,필기,비전공자,,,,,,,,,,,
국가기술,DN2026490061,우금순,1936-12-24,1936-12-24,여,여,010-2129-9137,010-2129-9137,고등학교졸업,굴착기운전기능사,전남,순천시험장,2026-11-23,2026-11-23,1,14500,없음,없음,0,14500,가상계좌,가상계좌,완료,완료,접수완료,접수완료,2026-08-05 11:36,2026-08-05 11:36:00,복지관,기능사,상시CBT,,필기,관련학과졸업,,,,,,,,,,,
국가기술,DN2026966305,전복순,1966-10-28,1966-10-28,여,여,010-3973-7280,010-3973-7280,중학교졸업,지게차운전기능사,대구,대구시험장,2026-09-16,2026-09-16,2,14500,없음,없음,0,14500,계좌이체,계좌이체,완료,완료,접수완료,접수완료,2026-08-15 19:29,2026-08-15 19:29:00,본인단독,기능사,상시CBT,,필기,관련학과졸업,,,,,,,,,,,
국가기술,DN2026757630,최기철,1932-05-22,1932-05-22,남,남,010-9450-5182,010-9450-5182,고등학교졸업,지게차운전기능사,경북,포항시험장,2026-11-27,2026-11-27,5,14500,없음,없음,0,14500,신용카드,신용카드,완료,완료,접수완료,접수완료,2026-08-15 20:29,2026-08-15 20:29:00,본인단독,기능사,상시CBT,,필기,관련학과졸업,,,,,,,,,,,
국가기술,DN2026503570,양만수,1948-11-28,1948-11-28,남,남,010-1894-9253,010-1894-9253,고등학교졸업,한식조리기능사,광주,광주시험장,2026-10-18,2026-10-18,5,14500,없음,없음,0,14500,신용카드,신용카드,완료,완료,접수완료,접수완료,2026-08-07 17:17,2026-08-07 17:17:00,본인단독,기능사,상시CBT,,필기,경력,,,,,,,,,,,
국가기술,DN2026755091,박봉숙,1940-02-03,1940-02-03,여,여,010-7961-8477,010-7961-8477,고등학교졸업,굴착기운전기능사,경북,포항시험장,2026-09-24,2026-09-24,1,14500,국가유공자,국가유공자,7250,7250,계좌이체,계좌이체,완료,완료,접수완료,접수완료,2026-08-17 09:07,2026-08-17 09:07:00,본인단독,기능사,상시CBT,,필기,관련학과졸업,,,,,,,,,,,
국가기술,DN2026016592,권종수,1929-06-28,1929-06-28,남,남,010-8524-6384,010-8524-6384,중학교졸업,굴착기운전기능사,울산,울산시험장,2026-09-22,2026-09-22,5,14500,기초생활수급자,기초생활수급자,7250,7250,신용카드,신용카드,완료,완료,접수완료,접수완료,2026-08-06 14:37,2026-08-06 14:37:00,본인단독,기능사,상시CBT,,필기,관련학과졸업,,,,,,,,,,,
국가기술,DN2026346097,심근호,1937-07-14,1937-07-14,남,남,010-2803-5533,010-2803-5533,중학교졸업,지게차운전기능사,인천,인천시험장,2026-10-28,2026-10-28,3,14500,없음,없음,0,14500,신용카드,신용카드,완료,완료,접수완료,접수완료,2026-08-19 18:51,2026-08-19 18:51:00,본인단독,기능사,상시CBT,,필기,비전공자,,,,,,,,,,,
국가기술,DN2026648162,곽봉숙,1952-04-05,1952-04-05,여,여,010-5982-8958,010-5982-8958,중학교졸업,전기기능사,인천,인천시험장,2026-11-05,2026-11-05,1,14500,장애인,장애인,7250,7250,가상계좌,가상계좌,완료,완료,접수완료,접수완료,2026-08-02 22:11,2026-08-02 22:11:00,복지관,기능사,정기,1,필기,관련학과졸업,,,,,,,,,,,
국가기술,DN2026180333,강태호,1950-06-05,1950-06-05,남,남,010-4838-7527,010-4838-7527,고등학교졸업,굴착기운전기능사,서울,서울2시험장,2026-10-08,2026-10-08,4,14500,없음,없음,0,14500,계좌이체,계좌이체,환불,환불,취소,취소,2026-08-18 12:52,2026-08-18 12:52:00,복지관,기능사,상시CBT,,필기,경력,,,,,,,,,,,
국가기술,DN2026603804,송계순,1945-06-01,1945-06-01,여,여,010-8758-6840,010-8758-6840,중학교졸업,굴착기운전기능사,경남,창원시험장,2026-11-16,2026-11-16,3,14500,장애인,장애인,7250,7250,계좌이체,계좌이체,완료,완료,접수완료,접수완료,2026-08-13 16:14,2026-08-13 16:14:00,가족보조,기능사,상시CBT,,필기,관련학과졸업,,,,,,,,,,,
국가기술,DN2026784968,정태호,1961-06-02,1961-06-02,남,남,010-9873-9698,010-9873-9698,중학교졸업,한식조리기능사,제주,제주시험장,2026-09-09,2026-09-09,1,14500,없음,없음,0,14500,신용카드,신용카드,완료,완료,접수완료,접수완료,2026-08-19 18:52,2026-08-19 18:52:00,가족보조,기능사,상시CBT,,필기,경력,,,,,,,,,,,
국가기술,DN2026840312,심계순,1957-12-14,1957-12-14,여,여,010-6743-6357,010-6743-6357,대학교졸,굴착기운전기능사,광주,광주시험장,2026-11-10,2026-11-10,2,14500,없음,없음,0,14500,계좌이체,계좌이체,완료,완료,접수완료,접수완료,2026-08-03 18:19,2026-08-03 18:19:00,복지관,기능사,상시CBT,,필기,관련학과졸업,,,,,,,,,,,
국가기술,DN2026103551,양갑수,1962-06-04,1962-06-04,남,남,010-3810-7132,010-3810-7132,전문대졸,지게차운전기능사,서울,서울1시험장,2026-09-09,2026-09-09,2,14500,없음,없음,0,14500,계좌이체,계좌이체,완료,완료,접수완료,접수완료,2026-08-01 21:47,2026-08-01 21:47:00,복지관,기능사,상시CBT,,필기,비전공자,,,,,,,,,,,
국가기술,DN2026723020,윤원호,1942-10-17,1942-10-17,남,남,010-1968-5244,010-1968-5244,초등학교졸업,한식조리기능사,서울,서울남부시험장,2026-11-11,2026-11-11,1,14500,없음,없음,0,14500,계좌이체,계좌이체,완료,완료,접수완료,접수완료,2026-08-03 17:47,2026-08-03 17:47:00,본인단독,기능사,상시CBT,,필기,경력,,,,,,,,,,,
국가기술,DN2026698244,유필호,1966-09-13,1966-09-13,남,남,010-3204-4934,010-3204-4934,대학교졸,한식조리기능사,대전,대전시험장,2026-09-22,2026-09-22,4,14500,없음,없음,0,14500,가상계좌,가상계좌,완료,완료,접수완료,접수완료,2026-08-03 09:29,2026-08-03 09:29:00,가족보조,기능사,상시CBT,,필기,비전공자,,,,,,,,,,,
국가기술,DN2026629842,노태호,1940-02-25,1940-02-25,남,남,010-6669-8148,010-6669-8148,전문대졸,한식조리기능사,세종,세종시험장,2026-09-13,2026-09-13,2,14500,없음,없음,0,14500,가상계좌,가상계좌,완료,완료,접수완료,접수완료,2026-08-04 21:06,2026-08-04 21:06:00,가족보조,기능사,상시CBT,,필기,경력,,,,,,,,,,,
국가기술,DN2026588943,곽만복,1947-08-05,1947-08-05,남,남,010-7043-3022,010-7043-3022,중학교졸업,한식조리기능사,경기,수원시험장,2026-10-01,2026-10-01,2,14500,없음,없음,0,14500,가상계좌,가상계좌,완료,완료,접수완료,접수완료,2026-08-03 16:09,2026-08-03 16:09:00,복지관,기능사,상시CBT,,필기,경력,,,,,,,,,,,
국가기술,DN2026064681,양옥분,1959-10-12,1959-10-12,여,여,010-6146-5475,010-6146-5475,고등학교졸업,지게차운전기능사,광주,광주시험장,2026-10-22,2026-10-22,2,14500,없음,없음,0,14500,가상계좌,가상계좌,완료,완료,접수완료,접수완료,2026-08-04 22:46,2026-08-04 22:46:00,복지관,기능사,상시CBT,,필기,경력,,,,,,,,,,,
국가기술,DN2026320544,민상원,1949-05-27,1949-05-27,남,남,010-5653-9980,010-5653-9980,고등학교졸업,한식조리기능사,경북,포항시험장,2026-11-09,2026-11-09,5,14500,국가유공자,국가유공자,7250,7250,계좌이체,계좌이체,완료,완료,접수완료,접수완료,2026-08-09 17:05,2026-08-09 17:05:00,가족보조,기능사,상시CBT,,필기,관련학과졸업,,,,,,,,,,,
국가기술,DN2026523838,전일남,1962-10-11,1962-10-11,남,남,010-4540-8163,010-4540-8163,고등학교졸업,한식조리기능사,대구,대구시험장,2026-10-26,2026-10-26,2,14500,국가유공자,국가유공자,7250,7250,계좌이체,계좌이체,완료,완료,접수완료,접수완료,2026-08-08 17:13,2026-08-08 17:13:00,본인단독,기능사,상시CBT,,필기,비전공자,,,,,,,,,,,
국가기술,DN2026181554,송필호,1930-07-03,1930-07-03,남,남,010-1710-2158,010-1710-2158,중학교졸업,지게차운전기능사,강원,춘천시험장,2026-09-21,2026-09-21,1,14500,없음,없음,0,14500,신용카드,신용카드,환불,환불,취소,취소,2026-08-19 14:06,2026-08-19 14:06:00,복지관,기능사,상시CBT,,필기,관련학과졸업,,,,,,,,,,,
국가기술,DN2026261963,박순옥,1963-05-24,1963-05-24,여,여,010-6677-8118,010-6677-8118,전문대졸,한식조리기능사,충북,청주시험장,2026-11-04,2026-11-04,3,14500,없음,없음,0,14500,신용카드,신용카드,완료,완료,접수완료,접수완료,2026-08-05 11:04,2026-08-05 11:04:00,가족보조,기능사,상시CBT,,필기,경력,,,,,,,,,,,
국가기술,DN2026714656,허정자,1932-03-06,1932-03-06,여,여,010-8402-5986,010-8402-5986,대학교졸,지게차운전기능사,대전,대전시험장,2026-10-08,2026-10-08,4,14500,없음,없음,0,14500,계좌이체,계좌이체,완료,완료,접수완료,접수완료,2026-08-18 19:08,2026-08-18 19:08:00,본인단독,기능사,상시CBT,,필기,관련학과졸업,,,,,,,,,,,
국가기술,DN2026155135,노병수,1947-06-20,1947-06-20,남,남,010-2208-7817,010-2208-7817,대학교졸,한식조리기능사,충남,천안시험장,2026-10-17,2026-10-17,3,14500,없음,없음,0,14500,신용카드,신용카드,완료,완료,접수완료,접수완료,2026-08-18 17:06,2026-08-18 17:06:00,복지관,기능사,상시CBT,,필기,관련학과졸업,,,,,,,,,,,
국가기술,DN2026628338,박용기,1964-09-24,1964-09-24,남,남,010-8971-5837,010-8971-5837,대학원졸,굴착기운전기능사,대전,대전시험장,2026-09-21,2026-09-21,2,14500,없음,없음,0,14500,계좌이체,계좌이체,완료,완료,접수완료,접수완료,2026-08-13 13:24,2026-08-13 13:24:00,복지관,기능사,상시CBT,,필기,관련학과졸업,,,,,,,,,,,
국가기술,DN2026623085,문계순,1965-08-05,1965-08-05,여,여,010-1919-3367,010-1919-3367,중학교졸업,굴착기운전기능사,부산,부산시험장,2026-11-18,2026-11-18,2,14500,없음,없음,0,14500,계좌이체,계좌이체,완료,완료,접수완료,접수완료,2026-08-08 22:49,2026-08-08 22:49:00,복지관,기능사,상시CBT,,필기,경력,,,,,,,,,,,
국가기술,DN2026935590,곽기철,1958-12-26,1958-12-26,남,남,010-2500-1754,010-2500-1754,고등학교졸업,굴착기운전기능사,충남,천안시험장,2026-10-07,2026-10-07,1,14500,없음,없음,0,14500,신용카드,신용카드,환불,환불,취소,취소,2026-08-04 22:18,2026-08-04 22:18:00,복지관,기능사,상시CBT,,필기,경력,,,,,,,,,,,
국가기술,DN2026675911,곽원호,1931-10-17,1931-10-17,남,남,010-6725-9950,010-6725-9950,고등학교졸업,전기기능사,울산,울산시험장,2026-09-24,2026-09-24,3,14500,기초생활수급자,기초생활수급자,7250,7250,신용카드,신용카드,완료,완료,접수완료,접수완료,2026-08-14 18:37,2026-08-14 18:37:00,가족보조,기능사,정기,4,필기,관련학과졸업,,,,,,,,,,,
국가기술,DN2026460365,신일남,1940-02-19,1940-02-19,남,남,010-3224-5716,010-3224-5716,고등학교졸업,지게차운전기능사,광주,광주시험장,2026-10-25,2026-10-25,1,14500,없음,없음,0,14500,가상계좌,가상계좌,완료,완료,접수완료,접수완료,2026-08-04 12:12,2026-08-04 12:12:00,복지관,기능사,상시CBT,,필기,경력,,,,,,,,,,,
국가기술,DN2026325858,김광수,1930-06-10,1930-06-10,남,남,010-4216-5966,010-4216-5966,전문대졸,한식조리기능사,울산,울산시험장,2026-10-12,2026-10-12,3,14500,없음,없음,0,14500,계좌이체,계좌이체,완료,완료,접수완료,접수완료,2026-08-18 19:54,2026-08-18 19:54:00,복지관,기능사,상시CBT,,필기,관련학과졸업,,,,,,,,,,,
국가기술,DN2026508270,이옥분,1949-12-07,1949-12-07,여,여,010-3616-7787,010-3616-7787,대학교졸,지게차운전기능사,충북,청주시험장,2026-10-12,2026-10-12,1,14500,없음,없음,0,14500,계좌이체,계좌이체,대기,대기,결제대기,결제대기,2026-08-14 15:59,2026-08-14 15:59:00,복지관,기능사,상시CBT,,필기,경력,,,,,,,,,,,
국가기술,DN2026532773,정춘희,1935-02-25,1935-02-25,여,여,010-7021-3016,010-7021-3016,초등학교졸업,전기기능사,울산,울산시험장,2026-10-14,2026-10-14,2,14500,장애인,장애인,7250,7250,신용카드,신용카드,대기,대기,결제대기,결제대기,2026-08-05 15:21,2026-08-05 15:21:00,본인단독,기능사,정기,2,필기,경력,,,,,,,,,,,
국가기술,DN2026922459,노순옥,1948-09-06,1948-09-06,여,여,010-3183-6359,010-3183-6359,고등학교졸업,지게차운전기능사,대구,대구시험장,2026-10-26,2026-10-26,3,14500,없음,없음,0,14500,계좌이체,계좌이체,완료,완료,접수완료,접수완료,2026-08-10 15:42,2026-08-10 15:42:00,가족보조,기능사,상시CBT,,필기,경력,,,,,,,,,,,
국가기술,DN2026681472,오영숙,1949-03-04,1949-03-04,여,여,010-1022-2487,010-1022-2487,중학교졸업,굴착기운전기능사,울산,울산시험장,2026-11-10,2026-11-10,1,14500,국가유공자,국가유공자,7250,7250,신용카드,신용카드,완료,완료,접수완료,접수완료,2026-08-10 12:15,2026-08-10 12:15:00,가족보조,기능사,상시CBT,,필기,관련학과졸업,,,,,,,,,,,
국가기술,DN2026961848,김경자,1954-05-04,1954-05-04,여,여,010-3159-5984,010-3159-5984,고등학교졸업,한식조리기능사,제주,제주시험장,2026-11-11,2026-11-11,4,14500,없음,없음,0,14500,신용카드,신용카드,완료,완료,접수완료,접수완료,2026-08-14 22:26,2026-08-14 22:26:00,본인단독,기능사,상시CBT,,필기,관련학과졸업,,,,,,,,,,,
국가기술,DN2026290278,배필순,1937-10-09,1937-10-09,여,여,010-1926-9525,010-1926-9525,고등학교졸업,한식조리기능사,경기,수원시험장,2026-11-24,2026-11-24,5,14500,장애인,장애인,7250,7250,계좌이체,계좌이체,완료,완료,접수완료,접수완료,2026-08-01 10:52,2026-08-01 10:52:00,복지관,기능사,상시CBT,,필기,경력,,,,,,,,,,,
국가기술,DN2026109090,양선옥,1942-01-05,1942-01-05,여,여,010-9272-5581,010-9272-5581,대학교졸,전기기능사,울산,울산시험장,2026-11-01,2026-11-01,2,14500,없음,없음,0,14500,신용카드,신용카드,완료,완료,접수완료,접수완료,2026-08-14 16:39,2026-08-14 16:39:00,복지관,기능사,정기,3,필기,관련학과졸업,,,,,,,,,,,
국가기술,DN2026006040,곽영자,1963-07-04,1963-07-04,여,여,010-3862-6949,010-3862-6949,중학교졸업,한식조리기능사,세종,세종시험장,2026-09-06,2026-09-06,3,14500,국가유공자,국가유공자,7250,7250,신용카드,신용카드,완료,완료,접수완료,접수완료,2026-08-17 21:23,2026-08-17 21:23:00,본인단독,기능사,상시CBT,,필기,비전공자,,,,,,,,,,,
국가기술,DN2026899072,유계순,1933-07-15,1933-07-15,여,여,010-1364-5815,010-1364-5815,고등학교졸업,한식조리기능사,인천,인천시험장,2026-09-05,2026-09-05,4,14500,장애인,장애인,7250,7250,신용카드,신용카드,대기,대기,결제대기,결제대기,2026-08-17 15:53,2026-08-17 15:53:00,본인단독,기능사,상시CBT,,필기,비전공자,,,,,,,,,,,
국가기술,DN2026910849,강기철,1935-11-11,1935-11-11,남,남,010-2590-7955,010-2590-7955,대학교졸,지게차운전기능사,광주,광주시험장,2026-09-22,2026-09-22,1,14500,없음,없음,0,14500,신용카드,신용카드,완료,완료,접수완료,접수완료,2026-08-01 11:45,2026-08-01 11:45:00,본인단독,기능사,상시CBT,,필기,경력,,,,,,,,,,,
국가기술,DN2026045964,홍동석,1928-01-19,1928-01-19,남,남,010-6666-4916,010-6666-4916,고등학교졸업,지게차운전기능사,충북,청주시험장,2026-11-13,2026-11-13,3,14500,없음,없음,0,14500,계좌이체,계좌이체,완료,완료,접수완료,접수완료,2026-08-03 18:46,2026-08-03 18:46:00,본인단독,기능사,상시CBT,,필기,비전공자,,,,,,,,,,,
국가기술,DN2026124557,장만수,1932-11-27,1932-11-27,남,남,010-4456-9895,010-4456-9895,중학교졸업,굴착기운전기능사,세종,세종시험장,2026-09-07,2026-09-07,4,14500,없음,없음,0,14500,신용카드,신용카드,환불,환불,취소,취소,2026-08-17 22:20,2026-08-17 22:20:00,본인단독,기능사,상시CBT,,필기,경력,,,,,,,,,,,
국가기술,DN2026089941,백정순,1939-03-08,1939-03-08,여,여,010-1029-9142,010-1029-9142,고등학교졸업,지게차운전기능사,광주,광주시험장,2026-09-01,2026-09-01,1,14500,기초생활수급자,기초생활수급자,7250,7250,계좌이체,계좌이체,완료,완료,접수완료,접수완료,2026-08-03 14:35,2026-08-03 14:35:00,가족보조,기능사,상시CBT,,필기,경력,,,,,,,,,,,
국가기술,DN2026091956,임정호,1947-09-09,1947-09-09,남,남,010-6325-6748,010-6325-6748,고등학교졸업,지게차운전기능사,인천,인천시험장,2026-11-14,2026-11-14,1,14500,없음,없음,0,14500,가상계좌,가상계좌,완료,완료,접수완료,접수완료,2026-08-03 17:49,2026-08-03 17:49:00,본인단독,기능사,상시CBT,,필기,관련학과졸업,,,,,,,,,,,
전문,DP2026056789,정계순,1966-10-05,1966/10/05,여,F,010-1645-7059,010-1645-7059,고등학교졸업,공인중개사,충북,청주시험장,2026-10-18,2026/10/18,1,15200,없음,NONE,,15200,가상계좌,VIRTUAL_ACCOUNT,완료,PAID,접수완료,CONFIRMED,2026-08-19 13:50,2026/08/19 13:50,본인단독,,,,,,2026,2차,N,공인중개사법;부동산공법;부동산공시법;부동산세법,,,,,,,
전문,DP2026054149,김운순,1965-05-16,1965/05/16,여,F,010-4062-7982,010-4062-7982,전문대졸,손해평가사,강원,춘천시험장,2026-10-20,2026/10/20,2,30000,없음,NONE,,30000,계좌이체,BANK_TRANSFER,완료,PAID,접수완료,CONFIRMED,2026-08-10 14:00,2026/08/10 14:00,본인단독,,,,,,2026,1차,N,상법(보험편);농어업재해보험법규,,,,,,,
전문,DP2026217694,김만수,1962-04-24,1962/04/24,남,M,010-7998-8769,010-7998-8769,전문대졸,공인중개사,전북,전주시험장,2026-10-15,2026/10/15,3,15200,없음,NONE,,15200,계좌이체,BANK_TRANSFER,완료,PAID,접수완료,CONFIRMED,2026-08-19 11:07,2026/08/19 11:07,가족보조,,,,,,2026,2차,Y,공인중개사법;부동산공법;부동산공시법;부동산세법,,,,,,,
전문,DP2026039240,백만복,1961-07-05,1961/07/05,남,M,010-2613-7810,010-2613-7810,대학교졸,손해평가사,전북,전주시험장,2026-10-23,2026/10/23,1,30000,없음,NONE,,30000,계좌이체,BANK_TRANSFER,완료,PAID,접수완료,CONFIRMED,2026-08-09 16:58,2026/08/09 16:58,가족보조,,,,,,2026,1차,N,상법(보험편);농어업재해보험법규,,,,,,,
전문,DP2026122604,고인순,1959-12-02,1959/12/02,여,F,010-7754-5309,010-7754-5309,고등학교졸업,공인중개사,광주,광주시험장,2026-10-21,2026/10/21,3,15200,없음,NONE,,15200,신용카드,CARD,완료,PAID,접수완료,CONFIRMED,2026-08-13 21:31,2026/08/13 21:31,본인단독,,,,,,2026,2차,Y,공인중개사법;부동산공법;부동산공시법;부동산세법,,,,,,,
전문,DP2026892219,윤원호,1928-08-04,1928/08/04,남,M,010-9385-8610,010-9385-8610,초등학교졸업,공인중개사,울산,울산시험장,2026-10-18,2026/10/18,2,13400,없음,NONE,,13400,신용카드,CARD,완료,PAID,접수완료,CONFIRMED,2026-08-17 22:54,2026/08/17 22:54,본인단독,,,,,,2026,1차,N,부동산학개론;민법및민사특별법,,,,,,,
전문,DP2026805054,문종수,1932-01-25,1932/01/25,남,M,010-8200-3150,010-8200-3150,초등학교졸업,공인중개사,제주,제주시험장,2026-10-18,2026/10/18,1,13400,장애인,DISABLED,,13400,가상계좌,VIRTUAL_ACCOUNT,완료,PAID,접수완료,CONFIRMED,2026-08-04 22:49,2026/08/04 22:49,본인단독,,,,,,2026,1차,N,부동산학개론;민법및민사특별법,,,,,,,
전문,DP2026401201,최복남,1948-12-15,1948/12/15,남,M,010-1496-5004,010-1496-5004,중학교졸업,손해평가사,강원,춘천시험장,2026-10-21,2026/10/21,1,30000,없음,NONE,,30000,신용카드,CARD,대기,PENDING,결제대기,PENDING,2026-08-05 14:29,2026/08/05 14:29,본인단독,,,,,,2026,2차,Y,농작물재해보험이론과실무;가축재해보험이론과실무,,,,,,,
전문,DP2026939847,임춘자,1948-07-09,1948/07/09,여,F,010-7723-7925,010-7723-7925,고등학교졸업,공인중개사,경남,창원시험장,2026-10-17,2026/10/17,2,15200,없음,NONE,,15200,가상계좌,VIRTUAL_ACCOUNT,완료,PAID,접수완료,CONFIRMED,2026-08-10 21:29,2026/08/10 21:29,본인단독,,,,,,2026,2차,Y,공인중개사법;부동산공법;부동산공시법;부동산세법,,,,,,,
전문,DP2026095622,양미자,1937-03-19,1937/03/19,여,F,010-1896-9588,010-1896-9588,대학교졸,손해평가사,부산,부산시험장,2026-10-16,2026/10/16,2,30000,없음,NONE,,30000,신용카드,CARD,대기,PENDING,결제대기,PENDING,2026-08-12 16:58,2026/08/12 16:58,본인단독,,,,,,2026,1차,N,상법(보험편);농어업재해보험법규,,,,,,,
전문,DP2026403906,임영호,1964-11-12,1964/11/12,남,M,010-9175-4163,010-9175-4163,대학교졸,공인중개사,충남,천안시험장,2026-10-25,2026/10/25,3,13400,없음,NONE,,13400,계좌이체,BANK_TRANSFER,완료,PAID,접수완료,CONFIRMED,2026-08-14 11:19,2026/08/14 11:19,본인단독,,,,,,2026,1차,N,부동산학개론;민법및민사특별법,,,,,,,
전문,DP2026590819,윤운순,1958-01-01,1958/01/01,여,F,010-2883-5838,010-2883-5838,대학원졸,손해평가사,경기,성남시험장,2026-10-16,2026/10/16,3,30000,없음,NONE,,30000,가상계좌,VIRTUAL_ACCOUNT,완료,PAID,접수완료,CONFIRMED,2026-08-01 19:15,2026/08/01 19:15,본인단독,,,,,,2026,2차,Y,농작물재해보험이론과실무;가축재해보험이론과실무,,,,,,,
전문,DP2026085728,장태호,1936-12-13,1936/12/13,남,M,010-9769-6810,010-9769-6810,대학교졸,공인중개사,충남,천안시험장,2026-10-20,2026/10/20,3,13400,없음,NONE,,13400,계좌이체,BANK_TRANSFER,완료,PAID,접수완료,CONFIRMED,2026-08-01 21:09,2026/08/01 21:09,본인단독,,,,,,2026,1차,N,부동산학개론;민법및민사특별법,,,,,,,
전문,DP2026268235,황선옥,1959-04-28,1959/04/28,여,F,010-6087-7516,010-6087-7516,고등학교졸업,공인중개사,대구,대구시험장,2026-10-19,2026/10/19,1,13400,없음,NONE,,13400,계좌이체,BANK_TRANSFER,완료,PAID,접수완료,CONFIRMED,2026-08-14 10:39,2026/08/14 10:39,본인단독,,,,,,2026,1차,N,부동산학개론;민법및민사특별법,,,,,,,
전문,DP2026920834,백금순,1945-11-26,1945/11/26,여,F,010-4558-8008,010-4558-8008,고등학교졸업,손해평가사,제주,제주시험장,2026-10-24,2026/10/24,3,30000,없음,NONE,,30000,가상계좌,VIRTUAL_ACCOUNT,완료,PAID,접수완료,CONFIRMED,2026-08-18 12:41,2026/08/18 12:41,본인단독,,,,,,2026,1차,N,상법(보험편);농어업재해보험법규,,,,,,,
전문,DP2026115266,우용기,1952-03-18,1952/03/18,남,M,010-3165-8816,010-3165-8816,고등학교졸업,공인중개사,제주,제주시험장,2026-10-21,2026/10/21,3,13400,없음,NONE,,13400,계좌이체,BANK_TRANSFER,완료,PAID,접수완료,CONFIRMED,2026-08-02 14:02,2026/08/02 14:02,가족보조,,,,,,2026,1차,N,부동산학개론;민법및민사특별법,,,,,,,
전문,DP2026314428,백만복,1953-08-27,1953/08/27,남,M,010-7425-3851,010-7425-3851,대학교졸,손해평가사,전남,순천시험장,2026-10-16,2026/10/16,1,30000,없음,NONE,,30000,계좌이체,BANK_TRANSFER,대기,PENDING,결제대기,PENDING,2026-08-18 22:02,2026/08/18 22:02,본인단독,,,,,,2026,2차,Y,농작물재해보험이론과실무;가축재해보험이론과실무,,,,,,,
전문,DP2026036877,양갑수,1956-06-11,1956/06/11,남,M,010-1064-8394,010-1064-8394,대학원졸,손해평가사,대구,대구시험장,2026-10-22,2026/10/22,1,30000,없음,NONE,,30000,가상계좌,VIRTUAL_ACCOUNT,완료,PAID,접수완료,CONFIRMED,2026-08-06 16:35,2026/08/06 16:35,본인단독,,,,,,2026,1차,N,상법(보험편);농어업재해보험법규,,,,,,,
전문,DP2026532008,백미자,1941-04-03,1941/04/03,여,F,010-1638-4373,010-1638-4373,대학교졸,공인중개사,경남,창원시험장,2026-10-24,2026/10/24,1,15200,없음,NONE,,15200,신용카드,CARD,대기,PENDING,결제대기,PENDING,2026-08-07 16:36,2026/08/07 16:36,가족보조,,,,,,2026,2차,Y,공인중개사법;부동산공법;부동산공시법;부동산세법,,,,,,,
전문,DP2026476455,허순옥,1930-10-03,1930/10/03,여,F,010-7982-6257,010-7982-6257,대학교졸,손해평가사,서울,서울남부시험장,2026-10-19,2026/10/19,1,30000,없음,NONE,,30000,신용카드,CARD,완료,PAID,접수완료,CONFIRMED,2026-08-03 10:43,2026/08/03 10:43,가족보조,,,,,,2026,1차,N,상법(보험편);농어업재해보험법규,,,,,,,
전문,DP2026490286,심필호,1940-06-25,1940/06/25,남,M,010-9569-2663,010-9569-2663,고등학교졸업,손해평가사,세종,세종시험장,2026-10-21,2026/10/21,2,30000,없음,NONE,,30000,가상계좌,VIRTUAL_ACCOUNT,완료,PAID,접수완료,CONFIRMED,2026-08-16 17:34,2026/08/16 17:34,본인단독,,,,,,2026,1차,N,상법(보험편);농어업재해보험법규,,,,,,,
전문,DP2026426053,임점순,1942-09-02,1942/09/02,여,F,010-8227-3507,010-8227-3507,중학교졸업,손해평가사,서울,서울2시험장,2026-10-24,2026/10/24,1,30000,없음,NONE,,30000,가상계좌,VIRTUAL_ACCOUNT,완료,PAID,접수완료,CONFIRMED,2026-08-08 16:19,2026/08/08 16:19,본인단독,,,,,,2026,2차,Y,농작물재해보험이론과실무;가축재해보험이론과실무,,,,,,,
전문,DP2026766907,손순옥,1937-08-17,1937/08/17,여,F,010-1208-4202,010-1208-4202,고등학교졸업,공인중개사,세종,세종시험장,2026-10-16,2026/10/16,3,13400,없음,NONE,,13400,계좌이체,BANK_TRANSFER,완료,PAID,접수완료,CONFIRMED,2026-08-04 13:50,2026/08/04 13:50,가족보조,,,,,,2026,1차,N,부동산학개론;민법및민사특별법,,,,,,,
전문,DP2026001395,우말자,1947-12-27,1947/12/27,여,F,010-5628-9967,010-5628-9967,고등학교졸업,손해평가사,전북,전주시험장,2026-10-19,2026/10/19,1,30000,없음,NONE,,30000,계좌이체,BANK_TRANSFER,완료,PAID,접수완료,CONFIRMED,2026-08-09 21:07,2026/08/09 21:07,가족보조,,,,,,2026,1차,N,상법(보험편);농어업재해보험법규,,,,,,,
전문,DP2026707325,고상원,1929-04-05,1929/04/05,남,M,010-2920-5442,010-2920-5442,전문대졸,손해평가사,광주,광주시험장,2026-10-24,2026/10/24,1,30000,기초생활수급자,BASIC_LIVING,,30000,계좌이체,BANK_TRANSFER,완료,PAID,접수완료,CONFIRMED,2026-08-09 13:07,2026/08/09 13:07,가족보조,,,,,,2026,1차,N,상법(보험편);농어업재해보험법규,,,,,,,
전문,DP2026696119,한옥분,1937-02-25,1937/02/25,여,F,010-2396-6639,010-2396-6639,대학교졸,손해평가사,전북,전주시험장,2026-10-22,2026/10/22,3,30000,없음,NONE,,30000,가상계좌,VIRTUAL_ACCOUNT,완료,PAID,접수완료,CONFIRMED,2026-08-17 20:27,2026/08/17 20:27,본인단독,,,,,,2026,2차,Y,농작물재해보험이론과실무;가축재해보험이론과실무,,,,,,,
전문,DP2026042912,조원호,1945-02-20,1945/02/20,남,M,010-8419-7412,010-8419-7412,고등학교졸업,손해평가사,경북,포항시험장,2026-10-18,2026/10/18,3,30000,기초생활수급자,BASIC_LIVING,,30000,계좌이체,BANK_TRANSFER,완료,PAID,접수완료,CONFIRMED,2026-08-12 09:55,2026/08/12 09:55,본인단독,,,,,,2026,1차,N,상법(보험편);농어업재해보험법규,,,,,,,
전문,DP2026299911,곽만수,1948-04-13,1948/04/13,남,M,010-8949-3895,010-8949-3895,전문대졸,손해평가사,부산,부산시험장,2026-10-21,2026/10/21,2,30000,없음,NONE,,30000,신용카드,CARD,완료,PAID,접수완료,CONFIRMED,2026-08-07 15:49,2026/08/07 15:49,가족보조,,,,,,2026,1차,N,상법(보험편);농어업재해보험법규,,,,,,,
전문,DP2026728247,강영수,1933-04-11,1933/04/11,남,M,010-6245-5399,010-6245-5399,중학교졸업,손해평가사,전북,전주시험장,2026-10-18,2026/10/18,3,30000,없음,NONE,,30000,가상계좌,VIRTUAL_ACCOUNT,완료,PAID,접수완료,CONFIRMED,2026-08-12 19:26,2026/08/12 19:26,가족보조,,,,,,2026,1차,N,상법(보험편);농어업재해보험법규,,,,,,,
전문,DP2026419356,김춘희,1960-05-28,1960/05/28,여,F,010-9090-3451,010-9090-3451,대학교졸,공인중개사,울산,울산시험장,2026-10-21,2026/10/21,2,13400,없음,NONE,,13400,신용카드,CARD,완료,PAID,접수완료,CONFIRMED,2026-08-03 15:26,2026/08/03 15:26,본인단독,,,,,,2026,1차,N,부동산학개론;민법및민사특별법,,,,,,,
전문,DP2026075401,정동석,1966-08-10,1966/08/10,남,M,010-4887-8567,010-4887-8567,전문대졸,손해평가사,부산,부산남부시험장,2026-10-17,2026/10/17,3,30000,없음,NONE,,30000,계좌이체,BANK_TRANSFER,완료,PAID,접수완료,CONFIRMED,2026-08-08 19:01,2026/08/08 19:01,본인단독,,,,,,2026,1차,N,상법(보험편);농어업재해보험법규,,,,,,,
전문,DP2026208351,주영수,1935-12-22,1935/12/22,남,M,010-1360-8189,010-1360-8189,고등학교졸업,손해평가사,전남,순천시험장,2026-10-24,2026/10/24,1,30000,없음,NONE,,30000,신용카드,CARD,완료,PAID,접수완료,CONFIRMED,2026-08-16 18:27,2026/08/16 18:27,가족보조,,,,,,2026,2차,Y,농작물재해보험이론과실무;가축재해보험이론과실무,,,,,,,
전문,DP2026745384,강용기,1948-04-03,1948/04/03,남,M,010-6566-3317,010-6566-3317,전문대졸,공인중개사,강원,춘천시험장,2026-10-24,2026/10/24,3,15200,없음,NONE,,15200,신용카드,CARD,완료,PAID,접수완료,CONFIRMED,2026-08-01 21:15,2026/08/01 21:15,본인단독,,,,,,2026,2차,Y,공인중개사법;부동산공법;부동산공시법;부동산세법,,,,,,,
전문,DP2026119134,유영호,1965-02-28,1965/02/28,남,M,010-2676-1209,010-2676-1209,고등학교졸업,손해평가사,강원,춘천시험장,2026-10-25,2026/10/25,3,30000,없음,NONE,,30000,계좌이체,BANK_TRANSFER,대기,PENDING,결제대기,PENDING,2026-08-08 17:11,2026/08/08 17:11,가족보조,,,,,,2026,2차,Y,농작물재해보험이론과실무;가축재해보험이론과실무,,,,,,,
전문,DP2026624332,김정자,1934-09-07,1934/09/07,여,F,010-6356-8048,010-6356-8048,고등학교졸업,공인중개사,대전,대전시험장,2026-10-15,2026/10/15,3,15200,없음,NONE,,15200,신용카드,CARD,완료,PAID,접수완료,CONFIRMED,2026-08-09 15:49,2026/08/09 15:49,본인단독,,,,,,2026,2차,N,공인중개사법;부동산공법;부동산공시법;부동산세법,,,,,,,
전문,DP2026841460,백성호,1929-05-27,1929/05/27,남,M,010-6110-5771,010-6110-5771,고등학교졸업,공인중개사,제주,제주시험장,2026-10-22,2026/10/22,2,15200,없음,NONE,,15200,계좌이체,BANK_TRANSFER,완료,PAID,접수완료,CONFIRMED,2026-08-07 12:44,2026/08/07 12:44,가족보조,,,,,,2026,2차,Y,공인중개사법;부동산공법;부동산공시법;부동산세법,,,,,,,
전문,DP2026163355,성갑수,1938-11-10,1938/11/10,남,M,010-1454-1707,010-1454-1707,중학교졸업,공인중개사,제주,제주시험장,2026-10-18,2026/10/18,3,13400,없음,NONE,,13400,가상계좌,VIRTUAL_ACCOUNT,환불,REFUNDED,취소,CANCELLED,2026-08-03 19:19,2026/08/03 19:19,가족보조,,,,,,2026,1차,N,부동산학개론;민법및민사특별법,,,,,,,
전문,DP2026816232,심춘자,1958-06-04,1958/06/04,여,F,010-3068-8917,010-3068-8917,중학교졸업,공인중개사,세종,세종시험장,2026-10-20,2026/10/20,3,15200,없음,NONE,,15200,가상계좌,VIRTUAL_ACCOUNT,완료,PAID,접수완료,CONFIRMED,2026-08-01 16:06,2026/08/01 16:06,가족보조,,,,,,2026,2차,Y,공인중개사법;부동산공법;부동산공시법;부동산세법,,,,,,,
전문,DP2026466280,배삼석,1942-10-08,1942/10/08,남,M,010-7278-3148,010-7278-3148,대학원졸,손해평가사,강원,춘천시험장,2026-10-22,2026/10/22,3,30000,없음,NONE,,30000,가상계좌,VIRTUAL_ACCOUNT,완료,PAID,접수완료,CONFIRMED,2026-08-13 09:13,2026/08/13 09:13,본인단독,,,,,,2026,1차,N,상법(보험편);농어업재해보험법규,,,,,,,
전문,DP2026949242,하계순,1936-12-06,1936/12/06,여,F,010-1200-7850,010-1200-7850,고등학교졸업,손해평가사,인천,인천시험장,2026-10-21,2026/10/21,2,30000,없음,NONE,,30000,계좌이체,BANK_TRANSFER,완료,PAID,접수완료,CONFIRMED,2026-08-08 21:47,2026/08/08 21:47,본인단독,,,,,,2026,1차,N,상법(보험편);농어업재해보험법규,,,,,,,
전문,DP2026839574,최용기,1939-06-24,1939/06/24,남,M,010-7432-6071,010-7432-6071,고등학교졸업,손해평가사,충북,청주시험장,2026-10-19,2026/10/19,3,30000,없음,NONE,,30000,계좌이체,BANK_TRANSFER,완료,PAID,접수완료,CONFIRMED,2026-08-11 19:18,2026/08/11 19:18,본인단독,,,,,,2026,2차,Y,농작물재해보험이론과실무;가축재해보험이론과실무,,,,,,,
전문,DP2026449325,하정자,1961-12-04,1961/12/04,여,F,010-4749-7971,010-4749-7971,중학교졸업,손해평가사,충북,청주시험장,2026-10-23,2026/10/23,3,30000,없음,NONE,,30000,신용카드,CARD,환불,REFUNDED,취소,CANCELLED,2026-08-07 20:19,2026/08/07 20:19,본인단독,,,,,,2026,1차,N,상법(보험편);농어업재해보험법규,,,,,,,
전문,DP2026094381,남만수,1936-05-10,1936/05/10,남,M,010-8014-1043,010-8014-1043,고등학교졸업,공인중개사,강원,춘천시험장,2026-10-22,2026/10/22,1,15200,없음,NONE,,15200,가상계좌,VIRTUAL_ACCOUNT,완료,PAID,접수완료,CONFIRMED,2026-08-05 22:22,2026/08/05 22:22,가족보조,,,,,,2026,2차,Y,공인중개사법;부동산공법;부동산공시법;부동산세법,,,,,,,
전문,DP2026264004,고태호,1933-02-19,1933/02/19,남,M,010-1030-9441,010-1030-9441,고등학교졸업,공인중개사,충남,천안시험장,2026-10-22,2026/10/22,3,13400,없음,NONE,,13400,계좌이체,BANK_TRANSFER,완료,PAID,접수완료,CONFIRMED,2026-08-16 15:07,2026/08/16 15:07,본인단독,,,,,,2026,1차,N,부동산학개론;민법및민사특별법,,,,,,,
전문,DP2026876736,이상원,1950-03-25,1950/03/25,남,M,010-4827-7602,010-4827-7602,고등학교졸업,공인중개사,제주,제주시험장,2026-10-24,2026/10/24,1,13400,없음,NONE,,13400,가상계좌,VIRTUAL_ACCOUNT,완료,PAID,접수완료,CONFIRMED,2026-08-18 14:59,2026/08/18 14:59,본인단독,,,,,,2026,1차,N,부동산학개론;민법및민사특별법,,,,,,,
전문,DP2026016878,안금순,1936-09-17,1936/09/17,여,F,010-6986-6371,010-6986-6371,고등학교졸업,손해평가사,경남,창원시험장,2026-10-16,2026/10/16,3,30000,없음,NONE,,30000,신용카드,CARD,완료,PAID,접수완료,CONFIRMED,2026-08-16 18:17,2026/08/16 18:17,가족보조,,,,,,2026,2차,Y,농작물재해보험이론과실무;가축재해보험이론과실무,,,,,,,
전문,DP2026954141,장기철,1948-07-24,1948/07/24,남,M,010-3105-8766,010-3105-8766,대학교졸,공인중개사,전북,전주시험장,2026-10-25,2026/10/25,2,13400,없음,NONE,,13400,신용카드,CARD,완료,PAID,접수완료,CONFIRMED,2026-08-17 21:12,2026/08/17 21:12,본인단독,,,,,,2026,1차,N,부동산학개론;민법및민사특별법,,,,,,,
전문,DP2026809900,장명자,1937-05-16,1937/05/16,여,F,010-5297-9787,010-5297-9787,중학교졸업,공인중개사,대전,대전시험장,2026-10-22,2026/10/22,3,15200,없음,NONE,,15200,계좌이체,BANK_TRANSFER,완료,PAID,접수완료,CONFIRMED,2026-08-17 22:16,2026/08/17 22:16,본인단독,,,,,,2026,2차,N,공인중개사법;부동산공법;부동산공시법;부동산세법,,,,,,,
전문,DP2026983270,강병수,1963-02-24,1963/02/24,남,M,010-7723-1495,010-7723-1495,중학교졸업,손해평가사,경남,창원시험장,2026-10-18,2026/10/18,3,30000,없음,NONE,,30000,가상계좌,VIRTUAL_ACCOUNT,완료,PAID,접수완료,CONFIRMED,2026-08-04 19:53,2026/08/04 19:53,가족보조,,,,,,2026,2차,Y,농작물재해보험이론과실무;가축재해보험이론과실무,,,,,,,
전문,DP2026661592,홍성호,1956-04-25,1956/04/25,남,M,010-1734-5292,010-1734-5292,고등학교졸업,공인중개사,강원,춘천시험장,2026-10-18,2026/10/18,2,15200,없음,NONE,,15200,신용카드,CARD,환불,REFUNDED,취소,CANCELLED,2026-08-08 21:40,2026/08/08 21:40,가족보조,,,,,,2026,2차,Y,공인중개사법;부동산공법;부동산공시법;부동산세법,,,,,,,
전문,DP2026839460,이옥희,1958-12-05,1958/12/05,여,F,010-9292-6479,010-9292-6479,대학원졸,공인중개사,제주,제주시험장,2026-10-25,2026/10/25,3,15200,없음,NONE,,15200,계좌이체,BANK_TRANSFER,완료,PAID,접수완료,CONFIRMED,2026-08-19 09:40,2026/08/19 09:40,가족보조,,,,,,2026,2차,Y,공인중개사법;부동산공법;부동산공시법;부동산세법,,,,,,,
전문,DP2026513368,정귀순,1929-08-14,1929/08/14,여,F,010-1538-6610,010-1538-6610,대학교졸,손해평가사,전북,전주시험장,2026-10-25,2026/10/25,2,30000,없음,NONE,,30000,신용카드,CARD,완료,PAID,접수완료,CONFIRMED,2026-08-08 11:43,2026/08/08 11:43,본인단독,,,,,,2026,1차,N,상법(보험편);농어업재해보험법규,,,,,,,
전문,DP2026257388,황기철,1939-09-16,1939/09/16,남,M,010-5743-8274,010-5743-8274,전문대졸,공인중개사,경기,수원시험장,2026-10-21,2026/10/21,3,15200,없음,NONE,,15200,계좌이체,BANK_TRANSFER,완료,PAID,접수완료,CONFIRMED,2026-08-13 11:06,2026/08/13 11:06,가족보조,,,,,,2026,2차,Y,공인중개사법;부동산공법;부동산공시법;부동산세법,,,,,,,
전문,DP2026224966,유원호,1931-08-26,1931/08/26,남,M,010-2008-8852,010-2008-8852,무학,공인중개사,강원,춘천시험장,2026-10-19,2026/10/19,3,13400,없음,NONE,,13400,신용카드,CARD,완료,PAID,접수완료,CONFIRMED,2026-08-08 11:45,2026/08/08 11:45,본인단독,,,,,,2026,1차,N,부동산학개론;민법및민사특별법,,,,,,,
전문,DP2026332724,구영호,1931-06-11,1931/06/11,남,M,010-8012-2856,010-8012-2856,고등학교졸업,손해평가사,울산,울산시험장,2026-10-18,2026/10/18,2,30000,없음,NONE,,30000,가상계좌,VIRTUAL_ACCOUNT,완료,PAID,접수완료,CONFIRMED,2026-08-07 20:59,2026/08/07 20:59,가족보조,,,,,,2026,2차,Y,농작물재해보험이론과실무;가축재해보험이론과실무,,,,,,,
전문,DP2026708673,오말순,1955-09-02,1955/09/02,여,F,010-4765-4558,010-4765-4558,대학교졸,손해평가사,인천,인천시험장,2026-10-22,2026/10/22,1,30000,없음,NONE,,30000,신용카드,CARD,완료,PAID,접수완료,CONFIRMED,2026-08-04 22:45,2026/08/04 22:45,본인단독,,,,,,2026,1차,N,상법(보험편);농어업재해보험법규,,,,,,,
전문,DP2026194158,차정호,1928-07-04,1928/07/04,남,M,010-1348-2242,010-1348-2242,대학원졸,공인중개사,부산,부산시험장,2026-10-24,2026/10/24,2,13400,없음,NONE,,13400,계좌이체,BANK_TRANSFER,완료,PAID,접수완료,CONFIRMED,2026-08-08 10:44,2026/08/08 10:44,가족보조,,,,,,2026,1차,N,부동산학개론;민법및민사특별법,,,,,,,
전문,DP2026352751,차정호,1961-03-14,1961/03/14,남,M,010-9144-3042,010-9144-3042,고등학교졸업,공인중개사,경북,포항시험장,2026-10-19,2026/10/19,2,15200,없음,NONE,,15200,신용카드,CARD,완료,PAID,접수완료,CONFIRMED,2026-08-03 20:05,2026/08/03 20:05,가족보조,,,,,,2026,2차,Y,공인중개사법;부동산공법;부동산공시법;부동산세법,,,,,,,
전문,DP2026996783,최기철,1956-02-11,1956/02/11,남,M,010-7070-3287,010-7070-3287,대학교졸,손해평가사,경기,수원시험장,2026-10-21,2026/10/21,2,30000,없음,NONE,,30000,가상계좌,VIRTUAL_ACCOUNT,완료,PAID,접수완료,CONFIRMED,2026-08-02 22:24,2026/08/02 22:24,본인단독,,,,,,2026,2차,Y,농작물재해보험이론과실무;가축재해보험이론과실무,,,,,,,
전문,DP2026923641,장점순,1952-04-20,1952/04/20,여,F,010-2841-1433,010-2841-1433,고등학교졸업,손해평가사,울산,울산시험장,2026-10-18,2026/10/18,1,30000,없음,NONE,,30000,가상계좌,VIRTUAL_ACCOUNT,완료,PAID,접수완료,CONFIRMED,2026-08-13 17:02,2026/08/13 17:02,본인단독,,,,,,2026,2차,Y,농작물재해보험이론과실무;가축재해보험이론과실무,,,,,,,
전문,DP2026562904,조복순,1936-08-15,1936/08/15,여,F,010-7179-2105,010-7179-2105,대학교졸,공인중개사,대전,대전시험장,2026-10-25,2026/10/25,1,15200,없음,NONE,,15200,가상계좌,VIRTUAL_ACCOUNT,완료,PAID,접수완료,CONFIRMED,2026-08-15 17:33,2026/08/15 17:33,본인단독,,,,,,2026,2차,Y,공인중개사법;부동산공법;부동산공시법;부동산세법,,,,,,,
전문,DP2026063073,김필순,1962-10-13,1962/10/13,여,F,010-2501-4664,010-2501-4664,초등학교졸업,공인중개사,광주,광주시험장,2026-10-23,2026/10/23,1,15200,없음,NONE,,15200,계좌이체,BANK_TRANSFER,완료,PAID,접수완료,CONFIRMED,2026-08-07 10:41,2026/08/07 10:41,본인단독,,,,,,2026,2차,Y,공인중개사법;부동산공법;부동산공시법;부동산세법,,,,,,,
전문,DP2026125236,남영자,1933-03-26,1933/03/26,여,F,010-7574-5789,010-7574-5789,대학원졸,공인중개사,경기,수원시험장,2026-10-19,2026/10/19,3,13400,장애인,DISABLED,,13400,가상계좌,VIRTUAL_ACCOUNT,완료,PAID,접수완료,CONFIRMED,2026-08-16 20:19,2026/08/16 20:19,가족보조,,,,,,2026,1차,N,부동산학개론;민법및민사특별법,,,,,,,
전문,DP2026619578,오운순,1941-05-12,1941/05/12,여,F,010-4648-4561,010-4648-4561,고등학교졸업,공인중개사,인천,인천시험장,2026-10-16,2026/10/16,3,13400,없음,NONE,,13400,신용카드,CARD,완료,PAID,접수완료,CONFIRMED,2026-08-10 22:57,2026/08/10 22:57,본인단독,,,,,,2026,1차,N,부동산학개론;민법및민사특별법,,,,,,,
전문,DP2026567093,민정순,1956-03-05,1956/03/05,여,F,010-5602-3163,010-5602-3163,대학교졸,손해평가사,경북,포항시험장,2026-10-16,2026/10/16,3,30000,없음,NONE,,30000,신용카드,CARD,완료,PAID,접수완료,CONFIRMED,2026-08-13 18:03,2026/08/13 18:03,본인단독,,,,,,2026,1차,N,상법(보험편);농어업재해보험법규,,,,,,,
전문,DP2026423525,한선옥,1937-05-20,1937/05/20,여,F,010-6505-6049,010-6505-6049,고등학교졸업,손해평가사,충남,천안시험장,2026-10-20,2026/10/20,2,30000,없음,NONE,,30000,신용카드,CARD,완료,PAID,접수완료,CONFIRMED,2026-08-01 09:06,2026/08/01 09:06,본인단독,,,,,,2026,1차,N,상법(보험편);농어업재해보험법규,,,,,,,
전문,DP2026292904,성필순,1956-03-25,1956/03/25,여,F,010-4052-1049,010-4052-1049,중학교졸업,손해평가사,충북,청주시험장,2026-10-22,2026/10/22,3,30000,장애인,DISABLED,,30000,계좌이체,BANK_TRANSFER,완료,PAID,접수완료,CONFIRMED,2026-08-17 12:49,2026/08/17 12:49,가족보조,,,,,,2026,1차,N,상법(보험편);농어업재해보험법규,,,,,,,
전문,DP2026135270,곽순옥,1957-02-16,1957/02/16,여,F,010-6947-8203,010-6947-8203,고등학교졸업,공인중개사,제주,제주시험장,2026-10-25,2026/10/25,2,13400,없음,NONE,,13400,신용카드,CARD,완료,PAID,접수완료,CONFIRMED,2026-08-05 16:48,2026/08/05 16:48,가족보조,,,,,,2026,1차,N,부동산학개론;민법및민사특별법,,,,,,,
전문,DP2026307965,신갑순,1965-04-23,1965/04/23,여,F,010-3571-5727,010-3571-5727,대학원졸,공인중개사,경남,창원시험장,2026-10-21,2026/10/21,2,15200,없음,NONE,,15200,신용카드,CARD,완료,PAID,접수완료,CONFIRMED,2026-08-08 12:24,2026/08/08 12:24,본인단독,,,,,,2026,2차,N,공인중개사법;부동산공법;부동산공시법;부동산세법,,,,,,,
전문,DP2026278476,남운순,1947-11-25,1947/11/25,여,F,010-5204-8246,010-5204-8246,초등학교졸업,손해평가사,전북,전주시험장,2026-10-21,2026/10/21,3,30000,장애인,DISABLED,,30000,가상계좌,VIRTUAL_ACCOUNT,완료,PAID,접수완료,CONFIRMED,2026-08-19 16:45,2026/08/19 16:45,가족보조,,,,,,2026,2차,Y,농작물재해보험이론과실무;가축재해보험이론과실무,,,,,,,
전문,DP2026151511,주만복,1948-07-22,1948/07/22,남,M,010-5489-2154,010-5489-2154,대학원졸,공인중개사,인천,인천시험장,2026-10-22,2026/10/22,3,15200,없음,NONE,,15200,신용카드,CARD,완료,PAID,접수완료,CONFIRMED,2026-08-16 15:18,2026/08/16 15:18,가족보조,,,,,,2026,2차,Y,공인중개사법;부동산공법;부동산공시법;부동산세법,,,,,,,
전문,DP2026438997,손용기,1942-02-23,1942/02/23,남,M,010-7132-3089,010-7132-3089,대학교졸,공인중개사,전남,순천시험장,2026-10-17,2026/10/17,2,15200,없음,NONE,,15200,가상계좌,VIRTUAL_ACCOUNT,환불,REFUNDED,취소,CANCELLED,2026-08-09 16:12,2026/08/09 16:12,본인단독,,,,,,2026,2차,Y,공인중개사법;부동산공법;부동산공시법;부동산세법,,,,,,,
전문,DP2026745893,민병수,1962-10-08,1962/10/08,남,M,010-6221-2275,010-6221-2275,무학,공인중개사,경기,성남시험장,2026-10-23,2026/10/23,3,15200,없음,NONE,,15200,가상계좌,VIRTUAL_ACCOUNT,완료,PAID,접수완료,CONFIRMED,2026-08-18 13:55,2026/08/18 13:55,본인단독,,,,,,2026,2차,Y,공인중개사법;부동산공법;부동산공시법;부동산세법,,,,,,,
전문,DP2026789189,임인순,1934-08-21,1934/08/21,여,F,010-4166-3631,010-4166-3631,중학교졸업,손해평가사,서울,서울2시험장,2026-10-22,2026/10/22,2,30000,없음,NONE,,30000,가상계좌,VIRTUAL_ACCOUNT,완료,PAID,접수완료,CONFIRMED,2026-08-10 20:14,2026/08/10 20:14,본인단독,,,,,,2026,1차,N,상법(보험편);농어업재해보험법규,,,,,,,
전문,DP2026044715,문미자,1952-12-15,1952/12/15,여,F,010-7614-2780,010-7614-2780,전문대졸,손해평가사,광주,광주시험장,2026-10-16,2026/10/16,1,30000,없음,NONE,,30000,계좌이체,BANK_TRANSFER,완료,PAID,접수완료,CONFIRMED,2026-08-13 16:44,2026/08/13 16:44,가족보조,,,,,,2026,2차,Y,농작물재해보험이론과실무;가축재해보험이론과실무,,,,,,,
전문,DP2026302030,전삼석,1948-08-14,1948/08/14,남,M,010-3704-9296,010-3704-9296,고등학교졸업,공인중개사,인천,인천시험장,2026-10-20,2026/10/20,2,13400,없음,NONE,,13400,가상계좌,VIRTUAL_ACCOUNT,완료,PAID,접수완료,CONFIRMED,2026-08-01 18:33,2026/08/01 18:33,가족보조,,,,,,2026,1차,N,부동산학개론;민법및민사특별법,,,,,,,
전문,DP2026447789,임갑수,1955-04-13,1955/04/13,남,M,010-5522-4905,010-5522-4905,초등학교졸업,공인중개사,전남,순천시험장,2026-10-25,2026/10/25,3,13400,없음,NONE,,13400,가상계좌,VIRTUAL_ACCOUNT,완료,PAID,접수완료,CONFIRMED,2026-08-13 22:55,2026/08/13 22:55,가족보조,,,,,,2026,1차,N,부동산학개론;민법및민사특별법,,,,,,,
전문,DP2026492983,고용기,1928-08-07,1928/08/07,남,M,010-1315-7902,010-1315-7902,대학원졸,손해평가사,강원,춘천시험장,2026-10-17,2026/10/17,1,30000,없음,NONE,,30000,가상계좌,VIRTUAL_ACCOUNT,완료,PAID,접수완료,CONFIRMED,2026-08-05 18:02,2026/08/05 18:02,본인단독,,,,,,2026,1차,N,상법(보험편);농어업재해보험법규,,,,,,,
전문,DP2026517178,장상길,1950-05-07,1950/05/07,남,M,010-4239-4971,010-4239-4971,대학원졸,손해평가사,광주,광주시험장,2026-10-18,2026/10/18,1,30000,없음,NONE,,30000,계좌이체,BANK_TRANSFER,완료,PAID,접수완료,CONFIRMED,2026-08-02 10:33,2026/08/02 10:33,가족보조,,,,,,2026,1차,N,상법(보험편);농어업재해보험법규,,,,,,,
전문,DP2026127045,한두만,1949-01-23,1949/01/23,남,M,010-5313-7173,010-5313-7173,고등학교졸업,손해평가사,전북,전주시험장,2026-10-22,2026/10/22,2,30000,없음,NONE,,30000,계좌이체,BANK_TRANSFER,완료,PAID,접수완료,CONFIRMED,2026-08-11 12:47,2026/08/11 12:47,가족보조,,,,,,2026,1차,N,상법(보험편);농어업재해보험법규,,,,,,,
전문,DP2026228471,배일남,1943-12-24,1943/12/24,남,M,010-7837-6733,010-7837-6733,초등학교졸업,공인중개사,부산,부산남부시험장,2026-10-16,2026/10/16,2,15200,없음,NONE,,15200,가상계좌,VIRTUAL_ACCOUNT,완료,PAID,접수완료,CONFIRMED,2026-08-07 09:46,2026/08/07 09:46,본인단독,,,,,,2026,2차,Y,공인중개사법;부동산공법;부동산공시법;부동산세법,,,,,,,
전문,DP2026827465,권동호,1942-07-10,1942/07/10,남,M,010-1532-7210,010-1532-7210,고등학교졸업,공인중개사,경기,고양시험장,2026-10-22,2026/10/22,1,13400,없음,NONE,,13400,계좌이체,BANK_TRANSFER,완료,PAID,접수완료,CONFIRMED,2026-08-06 22:08,2026/08/06 22:08,본인단독,,,,,,2026,1차,N,부동산학개론;민법및민사특별법,,,,,,,
전문,DP2026476464,하말자,1933-12-21,1933/12/21,여,F,010-4809-1113,010-4809-1113,고등학교졸업,공인중개사,경북,포항시험장,2026-10-17,2026/10/17,3,15200,없음,NONE,,15200,신용카드,CARD,완료,PAID,접수완료,CONFIRMED,2026-08-13 19:02,2026/08/13 19:02,본인단독,,,,,,2026,2차,N,공인중개사법;부동산공법;부동산공시법;부동산세법,,,,,,,
전문,DP2026320609,유만복,1953-10-02,1953/10/02,남,M,010-3535-7806,010-3535-7806,대학교졸,공인중개사,서울,서울2시험장,2026-10-16,2026/10/16,1,13400,없음,NONE,,13400,신용카드,CARD,완료,PAID,접수완료,CONFIRMED,2026-08-03 22:44,2026/08/03 22:44,가족보조,,,,,,2026,1차,N,부동산학개론;민법및민사특별법,,,,,,,
전문,DP2026324726,남명자,1961-10-24,1961/10/24,여,F,010-9852-8550,010-9852-8550,전문대졸,손해평가사,전북,전주시험장,2026-10-18,2026/10/18,2,30000,없음,NONE,,30000,계좌이체,BANK_TRANSFER,완료,PAID,접수완료,CONFIRMED,2026-08-01 20:14,2026/08/01 20:14,본인단독,,,,,,2026,1차,N,상법(보험편);농어업재해보험법규,,,,,,,
전문,DP2026892097,한춘자,1928-09-18,1928/09/18,여,F,010-6102-6736,010-6102-6736,대학교졸,공인중개사,인천,인천시험장,2026-10-23,2026/10/23,3,15200,없음,NONE,,15200,신용카드,CARD,완료,PAID,접수완료,CONFIRMED,2026-08-12 12:52,2026/08/12 12:52,본인단독,,,,,,2026,2차,N,공인중개사법;부동산공법;부동산공시법;부동산세법,,,,,,,
전문,DP2026557063,심순옥,1949-05-26,1949/05/26,여,F,010-3371-4266,010-3371-4266,전문대졸,공인중개사,경남,창원시험장,2026-10-23,2026/10/23,1,15200,없음,NONE,,15200,계좌이체,BANK_TRANSFER,완료,PAID,접수완료,CONFIRMED,2026-08-03 20:21,2026/08/03 20:21,본인단독,,,,,,2026,2차,N,공인중개사법;부동산공법;부동산공시법;부동산세법,,,,,,,
전문,DP2026912782,이미자,1942-12-26,1942/12/26,여,F,010-7772-3147,010-7772-3147,대학교졸,손해평가사,충남,천안시험장,2026-10-19,2026/10/19,3,30000,없음,NONE,,30000,가상계좌,VIRTUAL_ACCOUNT,완료,PAID,접수완료,CONFIRMED,2026-08-16 18:09,2026/08/16 18:09,가족보조,,,,,,2026,2차,Y,농작물재해보험이론과실무;가축재해보험이론과실무,,,,,,,
전문,DP2026114812,양동호,1942-04-22,1942/04/22,남,M,010-6529-1312,010-6529-1312,전문대졸,손해평가사,전남,순천시험장,2026-10-18,2026/10/18,2,30000,없음,NONE,,30000,신용카드,CARD,완료,PAID,접수완료,CONFIRMED,2026-08-08 21:20,2026/08/08 21:20,가족보조,,,,,,2026,2차,Y,농작물재해보험이론과실무;가축재해보험이론과실무,,,,,,,
전문,DP2026236680,강순옥,1928-08-28,1928/08/28,여,F,010-8115-3241,010-8115-3241,고등학교졸업,손해평가사,전북,전주시험장,2026-10-18,2026/10/18,3,30000,없음,NONE,,30000,계좌이체,BANK_TRANSFER,완료,PAID,접수완료,CONFIRMED,2026-08-19 09:40,2026/08/19 09:40,가족보조,,,,,,2026,2차,Y,농작물재해보험이론과실무;가축재해보험이론과실무,,,,,,,
전문,DP2026368079,조운순,1945-05-21,1945/05/21,여,F,010-5159-5646,010-5159-5646,전문대졸,손해평가사,경남,창원시험장,2026-10-24,2026/10/24,1,30000,없음,NONE,,30000,계좌이체,BANK_TRANSFER,완료,PAID,접수완료,CONFIRMED,2026-08-07 21:14,2026/08/07 21:14,가족보조,,,,,,2026,2차,Y,농작물재해보험이론과실무;가축재해보험이론과실무,,,,,,,
전문,DP2026242128,차영호,1939-09-07,1939/09/07,남,M,010-6228-7302,010-6228-7302,고등학교졸업,공인중개사,광주,광주시험장,2026-10-21,2026/10/21,1,15200,없음,NONE,,15200,계좌이체,BANK_TRANSFER,대기,PENDING,결제대기,PENDING,2026-08-08 17:48,2026/08/08 17:48,가족보조,,,,,,2026,2차,Y,공인중개사법;부동산공법;부동산공시법;부동산세법,,,,,,,
전문,DP2026944066,이원호,1937-08-26,1937/08/26,남,M,010-6435-7621,010-6435-7621,대학교졸,손해평가사,부산,부산시험장,2026-10-18,2026/10/18,3,30000,장애인,DISABLED,,30000,가상계좌,VIRTUAL_ACCOUNT,대기,PENDING,결제대기,PENDING,2026-08-05 13:02,2026/08/05 13:02,본인단독,,,,,,2026,1차,N,상법(보험편);농어업재해보험법규,,,,,,,
전문,DP2026868159,고인순,1938-05-02,1938/05/02,여,F,010-5520-7481,010-5520-7481,대학교졸,손해평가사,충북,청주시험장,2026-10-18,2026/10/18,3,30000,없음,NONE,,30000,신용카드,CARD,완료,PAID,접수완료,CONFIRMED,2026-08-19 20:44,2026/08/19 20:44,가족보조,,,,,,2026,1차,N,상법(보험편);농어업재해보험법규,,,,,,,
전문,DP2026678936,이말자,1936-05-03,1936/05/03,여,F,010-1959-9818,010-1959-9818,중학교졸업,공인중개사,세종,세종시험장,2026-10-24,2026/10/24,2,15200,없음,NONE,,15200,계좌이체,BANK_TRANSFER,완료,PAID,접수완료,CONFIRMED,2026-08-02 16:50,2026/08/02 16:50,본인단독,,,,,,2026,2차,Y,공인중개사법;부동산공법;부동산공시법;부동산세법,,,,,,,
전문,DP2026918247,백일남,1952-01-16,1952/01/16,남,M,010-8073-3224,010-8073-3224,전문대졸,공인중개사,서울,서울남부시험장,2026-10-23,2026/10/23,2,13400,없음,NONE,,13400,가상계좌,VIRTUAL_ACCOUNT,완료,PAID,접수완료,CONFIRMED,2026-08-04 10:17,2026/08/04 10:17,가족보조,,,,,,2026,1차,N,부동산학개론;민법및민사특별법,,,,,,,
전문,DP2026404462,권순옥,1965-02-01,1965/02/01,여,F,010-4569-6604,010-4569-6604,전문대졸,손해평가사,충북,청주시험장,2026-10-23,2026/10/23,2,30000,기초생활수급자,BASIC_LIVING,,30000,계좌이체,BANK_TRANSFER,완료,PAID,접수완료,CONFIRMED,2026-08-04 09:31,2026/08/04 09:31,본인단독,,,,,,2026,1차,N,상법(보험편);농어업재해보험법규,,,,,,,
전문,DP2026137095,최귀순,1957-04-14,1957/04/14,여,F,010-5604-3695,010-5604-3695,고등학교졸업,손해평가사,경남,창원시험장,2026-10-20,2026/10/20,2,30000,장애인,DISABLED,,30000,가상계좌,VIRTUAL_ACCOUNT,환불,REFUNDED,취소,CANCELLED,2026-08-17 20:55,2026/08/17 20:55,본인단독,,,,,,2026,1차,N,상법(보험편);농어업재해보험법규,,,,,,,
전문,DP2026700260,백말순,1962-03-02,1962/03/02,여,F,010-5192-3636,010-5192-3636,고등학교졸업,손해평가사,전북,전주시험장,2026-10-19,2026/10/19,3,30000,장애인,DISABLED,,30000,신용카드,CARD,완료,PAID,접수완료,CONFIRMED,2026-08-08 10:12,2026/08/08 10:12,본인단독,,,,,,2026,2차,Y,농작물재해보험이론과실무;가축재해보험이론과실무,,,,,,,
전문,DP2026479694,차상원,1943-06-05,1943/06/05,남,M,010-7984-3906,010-7984-3906,대학교졸,손해평가사,세종,세종시험장,2026-10-18,2026/10/18,1,30000,없음,NONE,,30000,가상계좌,VIRTUAL_ACCOUNT,완료,PAID,접수완료,CONFIRMED,2026-08-03 14:13,2026/08/03 14:13,본인단독,,,,,,2026,1차,N,상법(보험편);농어업재해보험법규,,,,,,,
전문,DP2026778355,송옥분,1947-01-02,1947/01/02,여,F,010-6021-8169,010-6021-8169,중학교졸업,손해평가사,대구,대구시험장,2026-10-21,2026/10/21,2,30000,없음,NONE,,30000,가상계좌,VIRTUAL_ACCOUNT,완료,PAID,접수완료,CONFIRMED,2026-08-18 14:43,2026/08/18 14:43,본인단독,,,,,,2026,1차,N,상법(보험편);농어업재해보험법규,,,,,,,
전문,DP2026366459,민태호,1953-06-06,1953/06/06,남,M,010-7754-2159,010-7754-2159,고등학교졸업,손해평가사,제주,제주시험장,2026-10-15,2026/10/15,3,30000,없음,NONE,,30000,가상계좌,VIRTUAL_ACCOUNT,완료,PAID,접수완료,CONFIRMED,2026-08-11 12:07,2026/08/11 12:07,본인단독,,,,,,2026,1차,N,상법(보험편);농어업재해보험법규,,,,,,,
전문,DP2026129481,심두만,1942-03-09,1942/03/09,남,M,010-8162-5014,010-8162-5014,대학원졸,손해평가사,광주,광주시험장,2026-10-23,2026/10/23,1,30000,없음,NONE,,30000,계좌이체,BANK_TRANSFER,완료,PAID,접수완료,CONFIRMED,2026-08-02 13:21,2026/08/02 13:21,본인단독,,,,,,2026,1차,N,상법(보험편);농어업재해보험법규,,,,,,,
전문,DP2026723654,신상원,1961-04-10,1961/04/10,남,M,010-1943-9973,010-1943-9973,고등학교졸업,손해평가사,경기,수원시험장,2026-10-24,2026/10/24,3,30000,없음,NONE,,30000,신용카드,CARD,완료,PAID,접수완료,CONFIRMED,2026-08-14 19:55,2026/08/14 19:55,가족보조,,,,,,2026,1차,N,상법(보험편);농어업재해보험법규,,,,,,,
전문,DP2026451380,남명자,1930-02-09,1930/02/09,여,F,010-9387-7441,010-9387-7441,대학원졸,손해평가사,경북,포항시험장,2026-10-21,2026/10/21,3,30000,장애인,DISABLED,,30000,신용카드,CARD,완료,PAID,접수완료,CONFIRMED,2026-08-15 17:46,2026/08/15 17:46,가족보조,,,,,,2026,2차,Y,농작물재해보험이론과실무;가축재해보험이론과실무,,,,,,,
전문,DP2026304473,권정호,1934-06-04,1934/06/04,남,M,010-5061-8360,010-5061-8360,고등학교졸업,손해평가사,충북,청주시험장,2026-10-19,2026/10/19,1,30000,없음,NONE,,30000,가상계좌,VIRTUAL_ACCOUNT,대기,PENDING,결제대기,PENDING,2026-08-02 15:01,2026/08/02 15:01,가족보조,,,,,,2026,1차,N,상법(보험편);농어업재해보험법규,,,,,,,
전문,DP2026861283,차정순,1946-08-17,1946/08/17,여,F,010-6610-2455,010-6610-2455,고등학교졸업,손해평가사,전북,전주시험장,2026-10-25,2026/10/25,3,30000,장애인,DISABLED,,30000,가상계좌,VIRTUAL_ACCOUNT,완료,PAID,접수완료,CONFIRMED,2026-08-02 09:01,2026/08/02 09:01,가족보조,,,,,,2026,2차,Y,농작물재해보험이론과실무;가축재해보험이론과실무,,,,,,,
전문,DP2026348516,유복순,1937-05-04,1937/05/04,여,F,010-7262-3377,010-7262-3377,고등학교졸업,손해평가사,울산,울산시험장,2026-10-19,2026/10/19,3,30000,없음,NONE,,30000,신용카드,CARD,완료,PAID,접수완료,CONFIRMED,2026-08-19 09:02,2026/08/19 09:02,본인단독,,,,,,2026,1차,N,상법(보험편);농어업재해보험법규,,,,,,,
전문,DP2026045302,성태호,1943-04-02,1943/04/02,남,M,010-1018-4536,010-1018-4536,중학교졸업,공인중개사,대전,대전시험장,2026-10-19,2026/10/19,1,15200,없음,NONE,,15200,신용카드,CARD,환불,REFUNDED,취소,CANCELLED,2026-08-02 13:36,2026/08/02 13:36,가족보조,,,,,,2026,2차,Y,공인중개사법;부동산공법;부동산공시법;부동산세법,,,,,,,
전문,DP2026808231,백영수,1944-02-15,1944/02/15,남,M,010-6876-2129,010-6876-2129,대학교졸,손해평가사,강원,춘천시험장,2026-10-18,2026/10/18,3,30000,없음,NONE,,30000,신용카드,CARD,환불,REFUNDED,취소,CANCELLED,2026-08-08 22:21,2026/08/08 22:21,가족보조,,,,,,2026,1차,N,상법(보험편);농어업재해보험법규,,,,,,,
전문,DP2026675349,전태호,1933-12-20,1933/12/20,남,M,010-2941-9789,010-2941-9789,고등학교졸업,공인중개사,충북,청주시험장,2026-10-17,2026/10/17,3,13400,장애인,DISABLED,,13400,가상계좌,VIRTUAL_ACCOUNT,완료,PAID,접수완료,CONFIRMED,2026-08-09 17:52,2026/08/09 17:52,본인단독,,,,,,2026,1차,N,부동산학개론;민법및민사특별법,,,,,,,
전문,DP2026676290,손순옥,1935-05-05,1935/05/05,여,F,010-9842-7925,010-9842-7925,중학교졸업,공인중개사,대전,대전시험장,2026-10-16,2026/10/16,2,13400,없음,NONE,,13400,가상계좌,VIRTUAL_ACCOUNT,완료,PAID,접수완료,CONFIRMED,2026-08-04 13:47,2026/08/04 13:47,가족보조,,,,,,2026,1차,N,부동산학개론;민법및민사특별법,,,,,,,
전문,DP2026543099,곽삼석,1950-05-07,1950/05/07,남,M,010-6465-6022,010-6465-6022,고등학교졸업,공인중개사,인천,인천시험장,2026-10-15,2026/10/15,1,15200,없음,NONE,,15200,신용카드,CARD,완료,PAID,접수완료,CONFIRMED,2026-08-11 18:52,2026/08/11 18:52,본인단독,,,,,,2026,2차,Y,공인중개사법;부동산공법;부동산공시법;부동산세법,,,,,,,
전문,DP2026123050,류점순,1946-10-26,1946/10/26,여,F,010-8005-9593,010-8005-9593,고등학교졸업,공인중개사,부산,부산시험장,2026-10-25,2026/10/25,3,15200,기초생활수급자,BASIC_LIVING,,15200,가상계좌,VIRTUAL_ACCOUNT,완료,PAID,접수완료,CONFIRMED,2026-08-12 11:50,2026/08/12 11:50,가족보조,,,,,,2026,2차,N,공인중개사법;부동산공법;부동산공시법;부동산세법,,,,,,,
전문,DP2026765408,송점순,1960-09-15,1960/09/15,여,F,010-3974-6108,010-3974-6108,대학원졸,손해평가사,인천,인천시험장,2026-10-24,2026/10/24,2,30000,없음,NONE,,30000,계좌이체,BANK_TRANSFER,완료,PAID,접수완료,CONFIRMED,2026-08-15 14:16,2026/08/15 14:16,본인단독,,,,,,2026,2차,N,농작물재해보험이론과실무;가축재해보험이론과실무,,,,,,,
전문,DP2026709432,손춘자,1943-08-14,1943/08/14,여,F,010-2877-6004,010-2877-6004,고등학교졸업,공인중개사,경기,수원시험장,2026-10-15,2026/10/15,3,13400,기초생활수급자,BASIC_LIVING,,13400,가상계좌,VIRTUAL_ACCOUNT,완료,PAID,접수완료,CONFIRMED,2026-08-10 16:41,2026/08/10 16:41,본인단독,,,,,,2026,1차,N,부동산학개론;민법및민사특별법,,,,,,,
전문,DP2026058741,류말자,1962-10-10,1962/10/10,여,F,010-5531-1057,010-5531-1057,고등학교졸업,손해평가사,광주,광주시험장,2026-10-23,2026/10/23,1,30000,없음,NONE,,30000,신용카드,CARD,완료,PAID,접수완료,CONFIRMED,2026-08-08 21:41,2026/08/08 21:41,가족보조,,,,,,2026,2차,Y,농작물재해보험이론과실무;가축재해보험이론과실무,,,,,,,
전문,DP2026197299,이말순,1937-12-13,1937/12/13,여,F,010-2752-3802,010-2752-3802,초등학교졸업,공인중개사,부산,부산남부시험장,2026-10-18,2026/10/18,1,15200,장애인,DISABLED,,15200,계좌이체,BANK_TRANSFER,완료,PAID,접수완료,CONFIRMED,2026-08-06 13:16,2026/08/06 13:16,본인단독,,,,,,2026,2차,Y,공인중개사법;부동산공법;부동산공시법;부동산세법,,,,,,,
전문,DP2026972715,윤태호,1941-10-23,1941/10/23,남,M,010-1624-7272,010-1624-7272,전문대졸,공인중개사,경남,창원시험장,2026-10-22,2026/10/22,2,13400,없음,NONE,,13400,계좌이체,BANK_TRANSFER,완료,PAID,접수완료,CONFIRMED,2026-08-02 11:32,2026/08/02 11:32,본인단독,,,,,,2026,1차,N,부동산학개론;민법및민사특별법,,,,,,,
전문,DP2026719194,고상길,1941-03-02,1941/03/02,남,M,010-3929-1581,010-3929-1581,대학교졸,손해평가사,경남,창원시험장,2026-10-23,2026/10/23,1,30000,없음,NONE,,30000,가상계좌,VIRTUAL_ACCOUNT,완료,PAID,접수완료,CONFIRMED,2026-08-05 13:05,2026/08/05 13:05,가족보조,,,,,,2026,1차,N,상법(보험편);농어업재해보험법규,,,,,,,
전문,DP2026619397,배만수,1943-05-27,1943/05/27,남,M,010-7626-6562,010-7626-6562,무학,손해평가사,강원,춘천시험장,2026-10-17,2026/10/17,1,30000,없음,NONE,,30000,신용카드,CARD,완료,PAID,접수완료,CONFIRMED,2026-08-08 12:09,2026/08/08 12:09,가족보조,,,,,,2026,1차,N,상법(보험편);농어업재해보험법규,,,,,,,
전문,DP2026245923,신영자,1962-06-25,1962/06/25,여,F,010-6842-9208,010-6842-9208,무학,손해평가사,전남,순천시험장,2026-10-25,2026/10/25,2,30000,없음,NONE,,30000,계좌이체,BANK_TRANSFER,완료,PAID,접수완료,CONFIRMED,2026-08-10 19:18,2026/08/10 19:18,본인단독,,,,,,2026,1차,N,상법(보험편);농어업재해보험법규,,,,,,,
전문,DP2026936086,안순자,1938-01-25,1938/01/25,여,F,010-5978-1153,010-5978-1153,중학교졸업,손해평가사,인천,인천시험장,2026-10-25,2026/10/25,2,30000,없음,NONE,,30000,신용카드,CARD,완료,PAID,접수완료,CONFIRMED,2026-08-17 17:19,2026/08/17 17:19,가족보조,,,,,,2026,2차,Y,농작물재해보험이론과실무;가축재해보험이론과실무,,,,,,,
전문,DP2026546380,노원호,1937-11-05,1937/11/05,남,M,010-1187-7422,010-1187-7422,중학교졸업,공인중개사,경기,수원시험장,2026-10-21,2026/10/21,2,13400,없음,NONE,,13400,가상계좌,VIRTUAL_ACCOUNT,완료,PAID,접수완료,CONFIRMED,2026-08-07 11:06,2026/08/07 11:06,본인단독,,,,,,2026,1차,N,부동산학개론;민법및민사특별법,,,,,,,
전문,DP2026585685,유상길,1931-12-18,1931/12/18,남,M,010-7691-4127,010-7691-4127,초등학교졸업,손해평가사,부산,부산남부시험장,2026-10-25,2026/10/25,3,30000,없음,NONE,,30000,가상계좌,VIRTUAL_ACCOUNT,완료,PAID,접수완료,CONFIRMED,2026-08-11 10:32,2026/08/11 10:32,가족보조,,,,,,2026,2차,N,농작물재해보험이론과실무;가축재해보험이론과실무,,,,,,,
전문,DP2026415866,송복순,1960-01-26,1960/01/26,여,F,010-3089-8067,010-3089-8067,중학교졸업,공인중개사,전북,전주시험장,2026-10-17,2026/10/17,1,15200,없음,NONE,,15200,신용카드,CARD,완료,PAID,접수완료,CONFIRMED,2026-08-15 20:48,2026/08/15 20:48,가족보조,,,,,,2026,2차,Y,공인중개사법;부동산공법;부동산공시법;부동산세법,,,,,,,
전문,DP2026736738,유금순,1958-08-02,1958/08/02,여,F,010-7654-4452,010-7654-4452,중학교졸업,공인중개사,충북,청주시험장,2026-10-23,2026/10/23,1,15200,없음,NONE,,15200,가상계좌,VIRTUAL_ACCOUNT,완료,PAID,접수완료,CONFIRMED,2026-08-05 22:51,2026/08/05 22:51,본인단독,,,,,,2026,2차,N,공인중개사법;부동산공법;부동산공시법;부동산세법,,,,,,,
전문,DP2026704717,서정호,1955-08-27,1955/08/27,남,M,010-1434-6323,010-1434-6323,초등학교졸업,공인중개사,인천,인천시험장,2026-10-17,2026/10/17,3,15200,장애인,DISABLED,,15200,계좌이체,BANK_TRANSFER,완료,PAID,접수완료,CONFIRMED,2026-08-14 12:25,2026/08/14 12:25,본인단독,,,,,,2026,2차,N,공인중개사법;부동산공법;부동산공시법;부동산세법,,,,,,,
전문,DP2026671998,최옥희,1964-03-08,1964/03/08,여,F,010-3194-2494,010-3194-2494,대학교졸,손해평가사,서울,서울1시험장,2026-10-17,2026/10/17,3,30000,없음,NONE,,30000,계좌이체,BANK_TRANSFER,완료,PAID,접수완료,CONFIRMED,2026-08-13 13:33,2026/08/13 13:33,가족보조,,,,,,2026,2차,Y,농작물재해보험이론과실무;가축재해보험이론과실무,,,,,,,
전문,DP2026980975,서동호,1949-07-11,1949/07/11,남,M,010-9359-6654,010-9359-6654,전문대졸,공인중개사,세종,세종시험장,2026-10-17,2026/10/17,1,15200,없음,NONE,,15200,계좌이체,BANK_TRANSFER,완료,PAID,접수완료,CONFIRMED,2026-08-06 19:15,2026/08/06 19:15,본인단독,,,,,,2026,2차,N,공인중개사법;부동산공법;부동산공시법;부동산세법,,,,,,,
전문,DP2026099251,조상길,1928-02-02,1928/02/02,남,M,010-4224-2794,010-4224-2794,전문대졸,공인중개사,대전,대전시험장,2026-10-15,2026/10/15,2,13400,없음,NONE,,13400,계좌이체,BANK_TRANSFER,완료,PAID,접수완료,CONFIRMED,2026-08-19 22:40,2026/08/19 22:40,가족보조,,,,,,2026,1차,N,부동산학개론;민법및민사특별법,,,,,,,
전문,DP2026313684,이만복,1958-08-10,1958/08/10,남,M,010-8933-8915,010-8933-8915,대학교졸,공인중개사,전북,전주시험장,2026-10-17,2026/10/17,1,13400,없음,NONE,,13400,계좌이체,BANK_TRANSFER,완료,PAID,접수완료,CONFIRMED,2026-08-10 16:38,2026/08/10 16:38,가족보조,,,,,,2026,1차,N,부동산학개론;민법및민사특별법,,,,,,,
전문,DP2026377447,고영자,1948-10-08,1948/10/08,여,F,010-7393-6114,010-7393-6114,고등학교졸업,공인중개사,경남,창원시험장,2026-10-19,2026/10/19,2,13400,없음,NONE,,13400,계좌이체,BANK_TRANSFER,완료,PAID,접수완료,CONFIRMED,2026-08-18 20:29,2026/08/18 20:29,본인단독,,,,,,2026,1차,N,부동산학개론;민법및민사특별법,,,,,,,
전문,DP2026677440,권필순,1963-01-05,1963/01/05,여,F,010-5493-9434,010-5493-9434,대학교졸,손해평가사,세종,세종시험장,2026-10-18,2026/10/18,2,30000,없음,NONE,,30000,가상계좌,VIRTUAL_ACCOUNT,대기,PENDING,결제대기,PENDING,2026-08-13 17:24,2026/08/13 17:24,본인단독,,,,,,2026,2차,Y,농작물재해보험이론과실무;가축재해보험이론과실무,,,,,,,
전문,DP2026698396,송용기,1954-04-21,1954/04/21,남,M,010-9433-9539,010-9433-9539,고등학교졸업,공인중개사,울산,울산시험장,2026-10-16,2026/10/16,1,13400,없음,NONE,,13400,신용카드,CARD,대기,PENDING,결제대기,PENDING,2026-08-16 16:49,2026/08/16 16:49,본인단독,,,,,,2026,1차,N,부동산학개론;민법및민사특별법,,,,,,,
전문,DP2026195849,구광수,1951-09-12,1951/09/12,남,M,010-9395-2739,010-9395-2739,고등학교졸업,손해평가사,경남,창원시험장,2026-10-18,2026/10/18,3,30000,없음,NONE,,30000,신용카드,CARD,완료,PAID,접수완료,CONFIRMED,2026-08-19 11:27,2026/08/19 11:27,본인단독,,,,,,2026,1차,N,상법(보험편);농어업재해보험법규,,,,,,,
전문,DP2026216738,고영자,1961-02-06,1961/02/06,여,F,010-2156-1359,010-2156-1359,대학원졸,손해평가사,경북,포항시험장,2026-10-25,2026/10/25,3,30000,없음,NONE,,30000,신용카드,CARD,완료,PAID,접수완료,CONFIRMED,2026-08-11 11:57,2026/08/11 11:57,본인단독,,,,,,2026,1차,N,상법(보험편);농어업재해보험법규,,,,,,,
전문,DP2026789159,서재호,1961-02-28,1961/02/28,남,M,010-8467-6058,010-8467-6058,무학,공인중개사,강원,춘천시험장,2026-10-15,2026/10/15,3,15200,없음,NONE,,15200,신용카드,CARD,완료,PAID,접수완료,CONFIRMED,2026-08-14 19:44,2026/08/14 19:44,가족보조,,,,,,2026,2차,Y,공인중개사법;부동산공법;부동산공시법;부동산세법,,,,,,,
전문,DP2026583463,송원호,1937-10-25,1937/10/25,남,M,010-5109-4512,010-5109-4512,고등학교졸업,손해평가사,경기,수원시험장,2026-10-16,2026/10/16,2,30000,없음,NONE,,30000,계좌이체,BANK_TRANSFER,완료,PAID,접수완료,CONFIRMED,2026-08-05 09:52,2026/08/05 09:52,가족보조,,,,,,2026,1차,N,상법(보험편);농어업재해보험법규,,,,,,,
전문,DP2026179351,송태호,1957-01-11,1957/01/11,남,M,010-1445-1516,010-1445-1516,무학,손해평가사,인천,인천시험장,2026-10-16,2026/10/16,3,30000,없음,NONE,,30000,신용카드,CARD,완료,PAID,접수완료,CONFIRMED,2026-08-12 14:48,2026/08/12 14:48,가족보조,,,,,,2026,2차,Y,농작물재해보험이론과실무;가축재해보험이론과실무,,,,,,,
전문,DP2026926824,강근호,1931-11-09,1931/11/09,남,M,010-3347-6629,010-3347-6629,초등학교졸업,공인중개사,서울,서울2시험장,2026-10-20,2026/10/20,3,15200,없음,NONE,,15200,계좌이체,BANK_TRANSFER,대기,PENDING,결제대기,PENDING,2026-08-06 21:10,2026/08/06 21:10,가족보조,,,,,,2026,2차,Y,공인중개사법;부동산공법;부동산공시법;부동산세법,,,,,,,
전문,DP2026654852,황복순,1928-08-06,1928/08/06,여,F,010-9387-4574,010-9387-4574,전문대졸,손해평가사,대전,대전시험장,2026-10-21,2026/10/21,3,30000,없음,NONE,,30000,계좌이체,BANK_TRANSFER,완료,PAID,접수완료,CONFIRMED,2026-08-08 12:31,2026/08/08 12:31,본인단독,,,,,,2026,1차,N,상법(보험편);농어업재해보험법규,,,,,,,
전문,DP2026000565,권만복,1935-06-20,1935/06/20,남,M,010-9274-1409,010-9274-1409,고등학교졸업,손해평가사,서울,서울1시험장,2026-10-20,2026/10/20,2,30000,없음,NONE,,30000,신용카드,CARD,완료,PAID,접수완료,CONFIRMED,2026-08-09 11:30,2026/08/09 11:30,본인단독,,,,,,2026,1차,N,상법(보험편);농어업재해보험법규,,,,,,,
전문,DP2026299672,박동호,1964-01-24,1964/01/24,남,M,010-4785-8784,010-4785-8784,전문대졸,공인중개사,충남,천안시험장,2026-10-24,2026/10/24,1,15200,없음,NONE,,15200,신용카드,CARD,완료,PAID,접수완료,CONFIRMED,2026-08-12 22:29,2026/08/12 22:29,본인단독,,,,,,2026,2차,Y,공인중개사법;부동산공법;부동산공시법;부동산세법,,,,,,,
전문,DP2026071409,성옥희,1933-02-09,1933/02/09,여,F,010-4786-7424,010-4786-7424,고등학교졸업,공인중개사,인천,인천시험장,2026-10-23,2026/10/23,3,15200,없음,NONE,,15200,계좌이체,BANK_TRANSFER,완료,PAID,접수완료,CONFIRMED,2026-08-14 22:02,2026/08/14 22:02,본인단독,,,,,,2026,2차,Y,공인중개사법;부동산공법;부동산공시법;부동산세법,,,,,,,
전문,DP2026247466,강미자,1966-10-14,1966/10/14,여,F,010-7014-1635,010-7014-1635,전문대졸,공인중개사,충남,천안시험장,2026-10-21,2026/10/21,1,15200,장애인,DISABLED,,15200,계좌이체,BANK_TRANSFER,완료,PAID,접수완료,CONFIRMED,2026-08-18 19:38,2026/08/18 19:38,본인단독,,,,,,2026,2차,Y,공인중개사법;부동산공법;부동산공시법;부동산세법,,,,,,,
전문,DP2026000281,정필순,1934-10-05,1934/10/05,여,F,010-8735-7482,010-8735-7482,중학교졸업,공인중개사,강원,춘천시험장,2026-10-17,2026/10/17,1,15200,없음,NONE,,15200,가상계좌,VIRTUAL_ACCOUNT,완료,PAID,접수완료,CONFIRMED,2026-08-10 11:19,2026/08/10 11:19,가족보조,,,,,,2026,2차,N,공인중개사법;부동산공법;부동산공시법;부동산세법,,,,,,,
전문,DP2026949748,손태호,1966-06-01,1966/06/01,남,M,010-1311-2258,010-1311-2258,대학교졸,공인중개사,대전,대전시험장,2026-10-23,2026/10/23,2,15200,없음,NONE,,15200,신용카드,CARD,완료,PAID,접수완료,CONFIRMED,2026-08-17 17:49,2026/08/17 17:49,본인단독,,,,,,2026,2차,Y,공인중개사법;부동산공법;부동산공시법;부동산세법,,,,,,,
전문,DP2026878168,심영숙,1963-03-03,1963/03/03,여,F,010-2994-2540,010-2994-2540,고등학교졸업,공인중개사,부산,부산남부시험장,2026-10-20,2026/10/20,1,15200,없음,NONE,,15200,신용카드,CARD,완료,PAID,접수완료,CONFIRMED,2026-08-03 15:45,2026/08/03 15:45,가족보조,,,,,,2026,2차,Y,공인중개사법;부동산공법;부동산공시법;부동산세법,,,,,,,
전문,DP2026841483,차경자,1953-07-25,1953/07/25,여,F,010-8229-2199,010-8229-2199,초등학교졸업,공인중개사,울산,울산시험장,2026-10-24,2026/10/24,1,13400,없음,NONE,,13400,신용카드,CARD,환불,REFUNDED,취소,CANCELLED,2026-08-18 17:16,2026/08/18 17:16,가족보조,,,,,,2026,1차,N,부동산학개론;민법및민사특별법,,,,,,,
전문,DP2026637067,허병수,1945-12-05,1945/12/05,남,M,010-5731-6612,010-5731-6612,전문대졸,공인중개사,경남,창원시험장,2026-10-20,2026/10/20,1,13400,없음,NONE,,13400,가상계좌,VIRTUAL_ACCOUNT,완료,PAID,접수완료,CONFIRMED,2026-08-08 19:45,2026/08/08 19:45,본인단독,,,,,,2026,1차,N,부동산학개론;민법및민사특별법,,,,,,,
전문,DP2026698150,송동석,1932-02-08,1932/02/08,남,M,010-8537-9967,010-8537-9967,전문대졸,손해평가사,울산,울산시험장,2026-10-17,2026/10/17,3,30000,없음,NONE,,30000,신용카드,CARD,완료,PAID,접수완료,CONFIRMED,2026-08-10 16:08,2026/08/10 16:08,본인단독,,,,,,2026,2차,N,농작물재해보험이론과실무;가축재해보험이론과실무,,,,,,,
전문,DP2026433916,우춘희,1938-07-25,1938/07/25,여,F,010-4793-9524,010-4793-9524,초등학교졸업,손해평가사,대구,대구시험장,2026-10-21,2026/10/21,2,30000,기초생활수급자,BASIC_LIVING,,30000,가상계좌,VIRTUAL_ACCOUNT,완료,PAID,접수완료,CONFIRMED,2026-08-17 21:59,2026/08/17 21:59,가족보조,,,,,,2026,1차,N,상법(보험편);농어업재해보험법규,,,,,,,
전문,DP2026543867,신정호,1944-02-24,1944/02/24,남,M,010-3267-1248,010-3267-1248,대학교졸,공인중개사,대전,대전시험장,2026-10-19,2026/10/19,2,15200,기초생활수급자,BASIC_LIVING,,15200,신용카드,CARD,완료,PAID,접수완료,CONFIRMED,2026-08-13 18:29,2026/08/13 18:29,가족보조,,,,,,2026,2차,N,공인중개사법;부동산공법;부동산공시법;부동산세법,,,,,,,
전문,DP2026657844,주영숙,1942-08-10,1942/08/10,여,F,010-7192-8488,010-7192-8488,대학교졸,공인중개사,제주,제주시험장,2026-10-23,2026/10/23,1,13400,없음,NONE,,13400,계좌이체,BANK_TRANSFER,완료,PAID,접수완료,CONFIRMED,2026-08-03 10:23,2026/08/03 10:23,가족보조,,,,,,2026,1차,N,부동산학개론;민법및민사특별법,,,,,,,
전문,DP2026169563,심복남,1930-03-15,1930/03/15,남,M,010-5809-3001,010-5809-3001,고등학교졸업,공인중개사,대전,대전시험장,2026-10-24,2026/10/24,3,13400,없음,NONE,,13400,신용카드,CARD,완료,PAID,접수완료,CONFIRMED,2026-08-12 12:28,2026/08/12 12:28,가족보조,,,,,,2026,1차,N,부동산학개론;민법및민사특별법,,,,,,,
전문,DP2026229959,배필호,1957-05-26,1957/05/26,남,M,010-1962-6566,010-1962-6566,중학교졸업,손해평가사,인천,인천시험장,2026-10-22,2026/10/22,2,30000,없음,NONE,,30000,가상계좌,VIRTUAL_ACCOUNT,완료,PAID,접수완료,CONFIRMED,2026-08-16 11:45,2026/08/16 11:45,본인단독,,,,,,2026,1차,N,상법(보험편);농어업재해보험법규,,,,,,,
전문,DP2026441951,주상원,1950-11-08,1950/11/08,남,M,010-6172-3222,010-6172-3222,고등학교졸업,손해평가사,서울,서울2시험장,2026-10-16,2026/10/16,3,30000,없음,NONE,,30000,계좌이체,BANK_TRANSFER,완료,PAID,접수완료,CONFIRMED,2026-08-01 11:53,2026/08/01 11:53,본인단독,,,,,,2026,1차,N,상법(보험편);농어업재해보험법규,,,,,,,
전문,DP2026245372,심봉숙,1935-05-16,1935/05/16,여,F,010-5030-7332,010-5030-7332,중학교졸업,공인중개사,경북,포항시험장,2026-10-25,2026/10/25,2,15200,기초생활수급자,BASIC_LIVING,,15200,계좌이체,BANK_TRANSFER,완료,PAID,접수완료,CONFIRMED,2026-08-06 09:17,2026/08/06 09:17,가족보조,,,,,,2026,2차,Y,공인중개사법;부동산공법;부동산공시법;부동산세법,,,,,,,
전문,DP2026190717,백상길,1961-05-10,1961/05/10,남,M,010-7379-4524,010-7379-4524,고등학교졸업,공인중개사,부산,부산시험장,2026-10-23,2026/10/23,3,13400,없음,NONE,,13400,가상계좌,VIRTUAL_ACCOUNT,환불,REFUNDED,취소,CANCELLED,2026-08-06 21:07,2026/08/06 21:07,가족보조,,,,,,2026,1차,N,부동산학개론;민법및민사특별법,,,,,,,
전문,DP2026914883,조정호,1928-05-08,1928/05/08,남,M,010-7882-5256,010-7882-5256,고등학교졸업,공인중개사,부산,부산남부시험장,2026-10-25,2026/10/25,1,13400,장애인,DISABLED,,13400,계좌이체,BANK_TRANSFER,완료,PAID,접수완료,CONFIRMED,2026-08-14 16:29,2026/08/14 16:29,본인단독,,,,,,2026,1차,N,부동산학개론;민법및민사특별법,,,,,,,
전문,DP2026118521,장정호,1930-03-03,1930/03/03,남,M,010-5653-3302,010-5653-3302,고등학교졸업,손해평가사,서울,서울2시험장,2026-10-18,2026/10/18,1,30000,장애인,DISABLED,,30000,가상계좌,VIRTUAL_ACCOUNT,완료,PAID,접수완료,CONFIRMED,2026-08-14 09:21,2026/08/14 09:21,본인단독,,,,,,2026,1차,N,상법(보험편);농어업재해보험법규,,,,,,,
전문,DP2026871365,곽근호,1960-07-17,1960/07/17,남,M,010-8564-3461,010-8564-3461,고등학교졸업,손해평가사,울산,울산시험장,2026-10-19,2026/10/19,3,30000,장애인,DISABLED,,30000,계좌이체,BANK_TRANSFER,완료,PAID,접수완료,CONFIRMED,2026-08-18 13:08,2026/08/18 13:08,본인단독,,,,,,2026,1차,N,상법(보험편);농어업재해보험법규,,,,,,,
전문,DP2026901645,심필순,1932-10-09,1932/10/09,여,F,010-8750-9230,010-8750-9230,전문대졸,손해평가사,세종,세종시험장,2026-10-21,2026/10/21,2,30000,없음,NONE,,30000,가상계좌,VIRTUAL_ACCOUNT,완료,PAID,접수완료,CONFIRMED,2026-08-14 20:55,2026/08/14 20:55,본인단독,,,,,,2026,2차,Y,농작물재해보험이론과실무;가축재해보험이론과실무,,,,,,,
전문,DP2026147899,하순자,1928-11-19,1928/11/19,여,F,010-4111-5725,010-4111-5725,고등학교졸업,손해평가사,서울,서울2시험장,2026-10-16,2026/10/16,3,30000,없음,NONE,,30000,가상계좌,VIRTUAL_ACCOUNT,완료,PAID,접수완료,CONFIRMED,2026-08-02 13:15,2026/08/02 13:15,가족보조,,,,,,2026,1차,N,상법(보험편);농어업재해보험법규,,,,,,,
전문,DP2026866077,김일남,1948-07-13,1948/07/13,남,M,010-5892-5042,010-5892-5042,고등학교졸업,공인중개사,경기,성남시험장,2026-10-23,2026/10/23,1,13400,장애인,DISABLED,,13400,신용카드,CARD,완료,PAID,접수완료,CONFIRMED,2026-08-11 14:19,2026/08/11 14:19,본인단독,,,,,,2026,1차,N,부동산학개론;민법및민사특별법,,,,,,,
전문,DP2026805382,박근호,1939-01-19,1939/01/19,남,M,010-6042-6075,010-6042-6075,고등학교졸업,손해평가사,대전,대전시험장,2026-10-20,2026/10/20,2,30000,없음,NONE,,30000,계좌이체,BANK_TRANSFER,완료,PAID,접수완료,CONFIRMED,2026-08-14 19:31,2026/08/14 19:31,가족보조,,,,,,2026,1차,N,상법(보험편);농어업재해보험법규,,,,,,,
전문,DP2026761568,안종수,1957-02-03,1957/02/03,남,M,010-9784-4971,010-9784-4971,초등학교졸업,손해평가사,광주,광주시험장,2026-10-17,2026/10/17,1,30000,없음,NONE,,30000,신용카드,CARD,완료,PAID,접수완료,CONFIRMED,2026-08-18 15:23,2026/08/18 15:23,본인단독,,,,,,2026,2차,N,농작물재해보험이론과실무;가축재해보험이론과실무,,,,,,,
전문,DP2026932485,유동호,1948-08-23,1948/08/23,남,M,010-3034-1658,010-3034-1658,중학교졸업,공인중개사,경남,창원시험장,2026-10-17,2026/10/17,2,15200,장애인,DISABLED,,15200,가상계좌,VIRTUAL_ACCOUNT,완료,PAID,접수완료,CONFIRMED,2026-08-03 14:32,2026/08/03 14:32,가족보조,,,,,,2026,2차,Y,공인중개사법;부동산공법;부동산공시법;부동산세법,,,,,,,
전문,DP2026096978,강계순,1941-06-08,1941/06/08,여,F,010-7296-4716,010-7296-4716,초등학교졸업,손해평가사,경기,성남시험장,2026-10-25,2026/10/25,3,30000,없음,NONE,,30000,신용카드,CARD,완료,PAID,접수완료,CONFIRMED,2026-08-18 19:34,2026/08/18 19:34,가족보조,,,,,,2026,1차,N,상법(보험편);농어업재해보험법규,,,,,,,
전문,DP2026766929,곽동호,1961-11-10,1961/11/10,남,M,010-3724-3850,010-3724-3850,고등학교졸업,손해평가사,강원,춘천시험장,2026-10-21,2026/10/21,3,30000,없음,NONE,,30000,신용카드,CARD,완료,PAID,접수완료,CONFIRMED,2026-08-12 16:32,2026/08/12 16:32,본인단독,,,,,,2026,1차,N,상법(보험편);농어업재해보험법규,,,,,,,
전문,DP2026493964,최필호,1953-10-15,1953/10/15,남,M,010-3570-6747,010-3570-6747,고등학교졸업,손해평가사,전북,전주시험장,2026-10-18,2026/10/18,2,30000,없음,NONE,,30000,계좌이체,BANK_TRANSFER,완료,PAID,접수완료,CONFIRMED,2026-08-16 11:03,2026/08/16 11:03,가족보조,,,,,,2026,1차,N,상법(보험편);농어업재해보험법규,,,,,,,
전문,DP2026894834,임만수,1946-11-16,1946/11/16,남,M,010-3800-6095,010-3800-6095,고등학교졸업,공인중개사,경북,포항시험장,2026-10-16,2026/10/16,2,15200,없음,NONE,,15200,가상계좌,VIRTUAL_ACCOUNT,완료,PAID,접수완료,CONFIRMED,2026-08-03 12:38,2026/08/03 12:38,본인단독,,,,,,2026,2차,N,공인중개사법;부동산공법;부동산공시법;부동산세법,,,,,,,
전문,DP2026553370,차두만,1947-07-05,1947/07/05,남,M,010-9357-2664,010-9357-2664,고등학교졸업,손해평가사,대전,대전시험장,2026-10-15,2026/10/15,3,30000,없음,NONE,,30000,신용카드,CARD,완료,PAID,접수완료,CONFIRMED,2026-08-09 14:24,2026/08/09 14:24,가족보조,,,,,,2026,1차,N,상법(보험편);농어업재해보험법규,,,,,,,
전문,DP2026255699,노옥희,1954-05-11,1954/05/11,여,F,010-9658-8001,010-9658-8001,전문대졸,손해평가사,서울,서울남부시험장,2026-10-23,2026/10/23,2,30000,없음,NONE,,30000,신용카드,CARD,완료,PAID,접수완료,CONFIRMED,2026-08-11 21:09,2026/08/11 21:09,본인단독,,,,,,2026,2차,Y,농작물재해보험이론과실무;가축재해보험이론과실무,,,,,,,
전문,DP2026503213,조병수,1951-01-10,1951/01/10,남,M,010-9890-5452,010-9890-5452,고등학교졸업,손해평가사,전남,순천시험장,2026-10-24,2026/10/24,3,30000,없음,NONE,,30000,신용카드,CARD,완료,PAID,접수완료,CONFIRMED,2026-08-16 22:45,2026/08/16 22:45,가족보조,,,,,,2026,2차,Y,농작물재해보험이론과실무;가축재해보험이론과실무,,,,,,,
전문,DP2026519221,하두만,1960-04-15,1960/04/15,남,M,010-7101-3314,010-7101-3314,전문대졸,손해평가사,경북,포항시험장,2026-10-18,2026/10/18,3,30000,없음,NONE,,30000,신용카드,CARD,완료,PAID,접수완료,CONFIRMED,2026-08-12 20:40,2026/08/12 20:40,본인단독,,,,,,2026,2차,N,농작물재해보험이론과실무;가축재해보험이론과실무,,,,,,,
전문,DP2026843051,성귀순,1936-09-12,1936/09/12,여,F,010-7459-7928,010-7459-7928,대학교졸,공인중개사,세종,세종시험장,2026-10-21,2026/10/21,1,13400,없음,NONE,,13400,계좌이체,BANK_TRANSFER,완료,PAID,접수완료,CONFIRMED,2026-08-18 18:28,2026/08/18 18:28,본인단독,,,,,,2026,1차,N,부동산학개론;민법및민사특별법,,,,,,,
전문,DP2026624703,송만복,1933-10-17,1933/10/17,남,M,010-8251-5237,010-8251-5237,전문대졸,손해평가사,울산,울산시험장,2026-10-22,2026/10/22,2,30000,없음,NONE,,30000,계좌이체,BANK_TRANSFER,완료,PAID,접수완료,CONFIRMED,2026-08-17 10:51,2026/08/17 10:51,가족보조,,,,,,2026,2차,Y,농작물재해보험이론과실무;가축재해보험이론과실무,,,,,,,
전문,DP2026363574,남옥희,1933-03-13,1933/03/13,여,F,010-4519-3110,010-4519-3110,전문대졸,공인중개사,인천,인천시험장,2026-10-15,2026/10/15,1,13400,없음,NONE,,13400,가상계좌,VIRTUAL_ACCOUNT,완료,PAID,접수완료,CONFIRMED,2026-08-17 17:42,2026/08/17 17:42,가족보조,,,,,,2026,1차,N,부동산학개론;민법및민사특별법,,,,,,,
전문,DP2026266546,류춘자,1933-12-09,1933/12/09,여,F,010-4772-6478,010-4772-6478,고등학교졸업,공인중개사,전북,전주시험장,2026-10-17,2026/10/17,1,13400,없음,NONE,,13400,가상계좌,VIRTUAL_ACCOUNT,완료,PAID,접수완료,CONFIRMED,2026-08-18 17:09,2026/08/18 17:09,본인단독,,,,,,2026,1차,N,부동산학개론;민법및민사특별법,,,,,,,
전문,DP2026408290,백필호,1951-12-18,1951/12/18,남,M,010-4436-2302,010-4436-2302,고등학교졸업,손해평가사,인천,인천시험장,2026-10-17,2026/10/17,3,30000,없음,NONE,,30000,가상계좌,VIRTUAL_ACCOUNT,완료,PAID,접수완료,CONFIRMED,2026-08-14 22:03,2026/08/14 22:03,가족보조,,,,,,2026,2차,Y,농작물재해보험이론과실무;가축재해보험이론과실무,,,,,,,
전문,DP2026016565,민귀순,1934-06-22,1934/06/22,여,F,010-9003-8086,010-9003-8086,전문대졸,공인중개사,전북,전주시험장,2026-10-17,2026/10/17,2,15200,없음,NONE,,15200,계좌이체,BANK_TRANSFER,완료,PAID,접수완료,CONFIRMED,2026-08-06 12:47,2026/08/06 12:47,본인단독,,,,,,2026,2차,N,공인중개사법;부동산공법;부동산공시법;부동산세법,,,,,,,
전문,DP2026785870,백필호,1936-12-15,1936/12/15,남,M,010-8884-2428,010-8884-2428,초등학교졸업,공인중개사,세종,세종시험장,2026-10-23,2026/10/23,1,13400,없음,NONE,,13400,계좌이체,BANK_TRANSFER,완료,PAID,접수완료,CONFIRMED,2026-08-01 09:08,2026/08/01 09:08,가족보조,,,,,,2026,1차,N,부동산학개론;민법및민사특별법,,,,,,,
전문,DP2026889894,차만복,1945-11-01,1945/11/01,남,M,010-3254-2140,010-3254-2140,대학교졸,공인중개사,대전,대전시험장,2026-10-21,2026/10/21,1,13400,없음,NONE,,13400,가상계좌,VIRTUAL_ACCOUNT,완료,PAID,접수완료,CONFIRMED,2026-08-17 16:51,2026/08/17 16:51,본인단독,,,,,,2026,1차,N,부동산학개론;민법및민사특별법,,,,,,,
전문,DP2026368528,심일남,1947-01-20,1947/01/20,남,M,010-1782-8793,010-1782-8793,중학교졸업,손해평가사,서울,서울2시험장,2026-10-15,2026/10/15,2,30000,없음,NONE,,30000,계좌이체,BANK_TRANSFER,완료,PAID,접수완료,CONFIRMED,2026-08-03 21:56,2026/08/03 21:56,본인단독,,,,,,2026,2차,Y,농작물재해보험이론과실무;가축재해보험이론과실무,,,,,,,
전문,DP2026744314,손순자,1936-02-06,1936/02/06,여,F,010-2274-5617,010-2274-5617,전문대졸,손해평가사,경북,포항시험장,2026-10-21,2026/10/21,3,30000,없음,NONE,,30000,계좌이체,BANK_TRANSFER,완료,PAID,접수완료,CONFIRMED,2026-08-18 09:48,2026/08/18 09:48,가족보조,,,,,,2026,1차,N,상법(보험편);농어업재해보험법규,,,,,,,
전문,DP2026853268,남필호,1953-06-12,1953/06/12,남,M,010-7785-4510,010-7785-4510,전문대졸,공인중개사,세종,세종시험장,2026-10-15,2026/10/15,1,15200,없음,NONE,,15200,신용카드,CARD,완료,PAID,접수완료,CONFIRMED,2026-08-14 16:22,2026/08/14 16:22,가족보조,,,,,,2026,2차,Y,공인중개사법;부동산공법;부동산공시법;부동산세법,,,,,,,
전문,DP2026835553,한말순,1929-05-12,1929/05/12,여,F,010-6671-3611,010-6671-3611,전문대졸,손해평가사,울산,울산시험장,2026-10-23,2026/10/23,3,30000,없음,NONE,,30000,계좌이체,BANK_TRANSFER,완료,PAID,접수완료,CONFIRMED,2026-08-10 18:52,2026/08/10 18:52,본인단독,,,,,,2026,1차,N,상법(보험편);농어업재해보험법규,,,,,,,
전문,DP2026457622,양금순,1931-04-28,1931/04/28,여,F,010-5170-5750,010-5170-5750,전문대졸,손해평가사,충북,청주시험장,2026-10-16,2026/10/16,3,30000,없음,NONE,,30000,계좌이체,BANK_TRANSFER,완료,PAID,접수완료,CONFIRMED,2026-08-14 21:55,2026/08/14 21:55,가족보조,,,,,,2026,2차,Y,농작물재해보험이론과실무;가축재해보험이론과실무,,,,,,,
전문,DP2026296203,강영호,1958-09-11,1958/09/11,남,M,010-6523-1559,010-6523-1559,고등학교졸업,손해평가사,강원,춘천시험장,2026-10-25,2026/10/25,1,30000,장애인,DISABLED,,30000,신용카드,CARD,완료,PAID,접수완료,CONFIRMED,2026-08-15 19:01,2026/08/15 19:01,가족보조,,,,,,2026,1차,N,상법(보험편);농어업재해보험법규,,,,,,,
전문,DP2026357542,오선옥,1945-05-25,1945/05/25,여,F,010-9778-8104,010-9778-8104,중학교졸업,공인중개사,전북,전주시험장,2026-10-19,2026/10/19,3,13400,없음,NONE,,13400,계좌이체,BANK_TRANSFER,완료,PAID,접수완료,CONFIRMED,2026-08-13 10:24,2026/08/13 10:24,가족보조,,,,,,2026,1차,N,부동산학개론;민법및민사특별법,,,,,,,
전문,DP2026830769,홍광수,1965-02-05,1965/02/05,남,M,010-4980-5097,010-4980-5097,고등학교졸업,손해평가사,울산,울산시험장,2026-10-16,2026/10/16,2,30000,장애인,DISABLED,,30000,계좌이체,BANK_TRANSFER,완료,PAID,접수완료,CONFIRMED,2026-08-01 18:24,2026/08/01 18:24,본인단독,,,,,,2026,1차,N,상법(보험편);농어업재해보험법규,,,,,,,
전문,DP2026248508,안원호,1942-05-13,1942/05/13,남,M,010-8826-3282,010-8826-3282,무학,손해평가사,충남,천안시험장,2026-10-25,2026/10/25,3,30000,없음,NONE,,30000,신용카드,CARD,대기,PENDING,결제대기,PENDING,2026-08-18 20:52,2026/08/18 20:52,가족보조,,,,,,2026,1차,N,상법(보험편);농어업재해보험법규,,,,,,,
전문,DP2026852457,전말자,1950-07-21,1950/07/21,여,F,010-3990-3897,010-3990-3897,고등학교졸업,손해평가사,대전,대전시험장,2026-10-24,2026/10/24,2,30000,없음,NONE,,30000,계좌이체,BANK_TRANSFER,완료,PAID,접수완료,CONFIRMED,2026-08-16 12:45,2026/08/16 12:45,가족보조,,,,,,2026,1차,N,상법(보험편);농어업재해보험법규,,,,,,,
전문,DP2026510123,노필순,1932-09-16,1932/09/16,여,F,010-1325-3042,010-1325-3042,중학교졸업,손해평가사,세종,세종시험장,2026-10-19,2026/10/19,3,30000,없음,NONE,,30000,가상계좌,VIRTUAL_ACCOUNT,환불,REFUNDED,취소,CANCELLED,2026-08-11 18:24,2026/08/11 18:24,가족보조,,,,,,2026,1차,N,상법(보험편);농어업재해보험법규,,,,,,,
전문,DP2026380792,한갑순,1930-03-16,1930/03/16,여,F,010-8873-2606,010-8873-2606,고등학교졸업,손해평가사,세종,세종시험장,2026-10-23,2026/10/23,3,30000,없음,NONE,,30000,가상계좌,VIRTUAL_ACCOUNT,환불,REFUNDED,취소,CANCELLED,2026-08-03 21:04,2026/08/03 21:04,본인단독,,,,,,2026,2차,Y,농작물재해보험이론과실무;가축재해보험이론과실무,,,,,,,
전문,DP2026246886,노용기,1950-03-27,1950/03/27,남,M,010-6316-3477,010-6316-3477,고등학교졸업,공인중개사,제주,제주시험장,2026-10-17,2026/10/17,3,15200,없음,NONE,,15200,신용카드,CARD,완료,PAID,접수완료,CONFIRMED,2026-08-11 20:23,2026/08/11 20:23,가족보조,,,,,,2026,2차,N,공인중개사법;부동산공법;부동산공시법;부동산세법,,,,,,,
전문,DP2026445101,박계순,1964-08-05,1964/08/05,여,F,010-1811-8220,010-1811-8220,중학교졸업,공인중개사,충북,청주시험장,2026-10-19,2026/10/19,3,13400,없음,NONE,,13400,가상계좌,VIRTUAL_ACCOUNT,완료,PAID,접수완료,CONFIRMED,2026-08-18 15:01,2026/08/18 15:01,본인단독,,,,,,2026,1차,N,부동산학개론;민법및민사특별법,,,,,,,
전문,DP2026734244,허광수,1946-11-23,1946/11/23,남,M,010-8575-4628,010-8575-4628,고등학교졸업,공인중개사,서울,서울2시험장,2026-10-19,2026/10/19,2,13400,없음,NONE,,13400,가상계좌,VIRTUAL_ACCOUNT,완료,PAID,접수완료,CONFIRMED,2026-08-04 14:06,2026/08/04 14:06,본인단독,,,,,,2026,1차,N,부동산학개론;민법및민사특별법,,,,,,,
두두보건,DH2026439254,윤봉숙,1948-07-28,28-07-1948,여,2,010-2958-9541,01029589541,무학,요양보호사,,청주센터,2026-10-02,02-10-2026,PM,32000,장애인,장애인,,32000,신용카드,card,완료,success,접수완료,active,2026-08-10 15:20,10-08-2026 15:20,가족보조,,,,,,,,,,순천시니어교육원,TR20268469,2026-07-09,09-07-2026,240,PASS,
두두보건,DH2026272254,차근호,1941-01-28,28-01-1941,남,1,010-4067-5801,01040675801,무학,요양보호사,,대전센터,2026-10-16,16-10-2026,PM,32000,없음,없음,,32000,가상계좌,virtual,완료,success,접수완료,active,2026-08-19 17:30,19-08-2026 17:30,복지관,,,,,,,,,,광주복지교육원,TR20267267,2026-03-06,06-03-2026,240,PASS,
두두보건,DH2026847584,유운순,1961-11-14,14-11-1961,여,2,010-3265-3570,01032653570,초등학교졸업,요양보호사,,광주센터,2026-11-09,09-11-2026,AM,32000,없음,없음,,32000,가상계좌,virtual,완료,success,접수완료,active,2026-08-15 15:00,15-08-2026 15:00,본인단독,,,,,,,,,,수원시니어아카데미,TR20265899,2026-07-27,27-07-2026,240,PASS,
두두보건,DH2026648336,임미자,1959-12-26,26-12-1959,여,2,010-4542-6887,01045426887,중학교졸업,위생사,,청주센터,2026-11-16,16-11-2026,PM,30000,없음,없음,,30000,계좌이체,transfer,완료,success,접수완료,active,2026-08-16 09:50,16-08-2026 09:50,가족보조,,,,,,,,,,대구보건대학교 보건위생과,TR20265190,2026-03-10,10-03-2026,0,PASS,
두두보건,DH2026228468,주명자,1960-11-11,11-11-1960,여,2,010-8729-4224,01087294224,고등학교졸업,요양보호사,,대구센터,2026-10-23,23-10-2026,PM,32000,없음,없음,,32000,가상계좌,virtual,완료,success,접수완료,active,2026-08-19 10:26,19-08-2026 10:26,가족보조,,,,,,,,,,순천시니어교육원,TR20266753,2026-07-07,07-07-2026,240,PASS,
두두보건,DH2026319982,최필순,1964-12-14,14-12-1964,여,2,010-1715-8202,01017158202,대학교졸,위생사,,대전센터,2026-10-22,22-10-2026,PM,30000,없음,없음,,30000,계좌이체,transfer,완료,success,접수완료,active,2026-08-12 09:37,12-08-2026 09:37,본인단독,,,,,,,,,,경기보건대학교 보건학과,TR20266237,2026-04-03,03-04-2026,0,PASS,
두두보건,DH2026893716,우말자,1960-07-20,20-07-1960,여,2,010-1759-8489,01017598489,고등학교졸업,위생사,,부산센터,2026-11-18,18-11-2026,PM,30000,없음,없음,,30000,신용카드,card,완료,success,접수완료,active,2026-08-06 20:10,06-08-2026 20:10,복지관,,,,,,,,,,대구보건대학교 보건위생과,TR20264989,2026-03-01,01-03-2026,0,PASS,
두두보건,DH2026653229,손계순,1939-09-13,13-09-1939,여,2,010-9540-3228,01095403228,고등학교졸업,요양보호사,,부산센터,2026-09-02,02-09-2026,AM,32000,없음,없음,,32000,신용카드,card,완료,success,접수완료,active,2026-08-17 14:55,17-08-2026 14:55,가족보조,,,,,,,,,,경기도요양보호사교육원,TR20268405,2026-05-05,05-05-2026,240,PASS,
두두보건,DH2026016371,양복순,1950-09-09,09-09-1950,여,2,010-2042-8269,01020428269,대학원졸,요양보호사,,서울센터,2026-11-04,04-11-2026,PM,32000,없음,없음,,32000,계좌이체,transfer,완료,success,접수완료,active,2026-08-13 16:23,13-08-2026 16:23,복지관,,,,,,,,,,성남시립간호조무사교육원,TR20262931,2026-05-14,14-05-2026,240,PASS,
두두보건,DH2026917388,민근호,1963-11-20,20-11-1963,남,1,010-4316-2185,01043162185,전문대졸,요양보호사,,대구센터,2026-09-22,22-09-2026,PM,32000,없음,없음,,32000,계좌이체,transfer,완료,success,접수완료,active,2026-08-08 10:51,08-08-2026 10:51,본인단독,,,,,,,,,,광주복지교육원,TR20267896,2026-06-28,28-06-2026,240,PENDING,
두두보건,DH2026261298,신상원,1950-06-20,20-06-1950,남,1,010-5168-5234,01051685234,중학교졸업,위생사,,광주센터,2026-11-23,23-11-2026,AM,30000,기초생활수급자,기초수급,,30000,가상계좌,virtual,완료,success,접수완료,active,2026-08-17 16:59,17-08-2026 16:59,본인단독,,,,,,,,,,광주보건대학교 위생과,TR20267420,2026-07-01,01-07-2026,0,PASS,
두두보건,DH2026954106,서동호,1955-09-14,14-09-1955,남,1,010-3693-4340,01036934340,대학원졸,위생사,,제주센터,2026-10-18,18-10-2026,PM,30000,없음,없음,,30000,가상계좌,virtual,완료,success,접수완료,active,2026-08-13 14:54,13-08-2026 14:54,복지관,,,,,,,,,,부산보건대학 위생학과,TR20269275,2026-05-09,09-05-2026,0,PASS,
두두보건,DH2026686835,심영호,1941-03-01,01-03-1941,남,1,010-1167-5909,01011675909,대학원졸,요양보호사,,수원센터,2026-10-09,09-10-2026,AM,32000,없음,없음,,32000,가상계좌,virtual,완료,success,접수완료,active,2026-08-09 14:00,09-08-2026 14:00,복지관,,,,,,,,,,포항시민교육원,TR20269767,2026-04-25,25-04-2026,240,PASS,
두두보건,DH2026480788,노영호,1941-08-20,20-08-1941,남,1,010-7732-3615,01077323615,고등학교졸업,요양보호사,,대구센터,2026-11-19,19-11-2026,AM,32000,없음,없음,,32000,신용카드,card,완료,success,접수완료,active,2026-08-11 15:55,11-08-2026 15:55,복지관,,,,,,,,,,수원시니어아카데미,TR20260845,2026-04-08,08-04-2026,240,PASS,
두두보건,DH2026150585,최금순,1934-12-22,22-12-1934,여,2,010-2862-7744,01028627744,대학교졸,요양보호사,,서울센터,2026-09-14,14-09-2026,PM,32000,장애인,장애인,,32000,신용카드,card,대기,pending,결제대기,pending,2026-08-13 20:57,13-08-2026 20:57,가족보조,,,,,,,,,,성남시립간호조무사교육원,TR20267384,2026-04-12,12-04-2026,240,PASS,
두두보건,DH2026678521,김재호,1953-10-17,17-10-1953,남,1,010-5735-6038,01057356038,고등학교졸업,요양보호사,,부산센터,2026-11-21,21-11-2026,PM,32000,없음,없음,,32000,계좌이체,transfer,완료,success,접수완료,active,2026-08-04 17:00,04-08-2026 17:00,가족보조,,,,,,,,,,순천시니어교육원,TR20267419,2026-06-08,08-06-2026,240,PASS,
두두보건,DH2026837213,배기철,1935-03-16,16-03-1935,남,1,010-3766-8225,01037668225,중학교졸업,요양보호사,,광주센터,2026-09-06,06-09-2026,PM,32000,없음,없음,,32000,가상계좌,virtual,환불,refunded,취소,cancelled,2026-08-02 11:52,02-08-2026 11:52,복지관,,,,,,,,,,수원시니어아카데미,TR20266754,2026-05-12,12-05-2026,240,PASS,
두두보건,DH2026435766,류춘자,1963-04-17,17-04-1963,여,2,010-7210-2658,01072102658,대학교졸,요양보호사,,서울센터,2026-10-26,26-10-2026,AM,32000,없음,없음,,32000,신용카드,card,완료,success,접수완료,active,2026-08-01 18:58,01-08-2026 18:58,본인단독,,,,,,,,,,창원노인복지관교육부,TR20261349,2026-06-02,02-06-2026,240,PASS,
두두보건,DH2026397710,배춘희,1947-08-07,07-08-1947,여,2,010-4757-9065,01047579065,중학교졸업,위생사,,광주센터,2026-09-08,08-09-2026,AM,30000,기초생활수급자,기초수급,,30000,신용카드,card,대기,pending,결제대기,pending,2026-08-05 20:13,05-08-2026 20:13,가족보조,,,,,,,,,,서울보건대학교 환경위생과,TR20268614,2026-06-26,26-06-2026,0,PENDING,
두두보건,DH2026686315,정선옥,1957-01-03,03-01-1957,여,2,010-3065-5686,01030655686,초등학교졸업,요양보호사,,수원센터,2026-10-16,16-10-2026,AM,32000,없음,없음,,32000,신용카드,card,완료,success,접수완료,active,2026-08-19 20:20,19-08-2026 20:20,복지관,,,,,,,,,,전주평생학습관,TR20269412,2026-07-02,02-07-2026,240,PASS,
두두보건,DH2026351312,신광수,1949-12-19,19-12-1949,남,1,010-1933-7393,01019337393,대학교졸,요양보호사,,서울센터,2026-11-14,14-11-2026,AM,32000,없음,없음,,32000,신용카드,card,완료,success,접수완료,active,2026-08-13 19:47,13-08-2026 19:47,가족보조,,,,,,,,,,청주보건교육원,TR20264447,2026-05-22,22-05-2026,240,PASS,
두두보건,DH2026539231,임정자,1948-11-22,22-11-1948,여,2,010-1431-7853,01014317853,초등학교졸업,요양보호사,,대전센터,2026-11-19,19-11-2026,AM,32000,없음,없음,,32000,계좌이체,transfer,완료,success,접수완료,active,2026-08-13 15:56,13-08-2026 15:56,본인단독,,,,,,,,,,천안시니어교육센터,TR20264554,2026-07-13,13-07-2026,240,PASS,
두두보건,DH2026757803,성춘희,1960-11-28,28-11-1960,여,2,010-7923-5483,01079235483,고등학교졸업,요양보호사,,청주센터,2026-10-06,06-10-2026,PM,32000,없음,없음,,32000,신용카드,card,완료,success,접수완료,active,2026-08-02 20:11,02-08-2026 20:11,본인단독,,,,,,,,,,춘천노인복지교육센터,TR20260780,2026-05-04,04-05-2026,240,PASS,
두두보건,DH2026028609,최복순,1951-12-02,02-12-1951,여,2,010-9122-2822,01091222822,대학원졸,요양보호사,,청주센터,2026-09-10,10-09-2026,PM,32000,없음,없음,,32000,계좌이체,transfer,완료,success,접수완료,active,2026-08-12 09:26,12-08-2026 09:26,복지관,,,,,,,,,,성남시립간호조무사교육원,TR20260521,2026-06-19,19-06-2026,240,PASS,
두두보건,DH2026153229,성순옥,1943-10-07,07-10-1943,여,2,010-8543-2727,01085432727,대학교졸,위생사,,대구센터,2026-11-10,10-11-2026,PM,30000,없음,없음,,30000,신용카드,card,완료,success,접수완료,active,2026-08-10 15:40,10-08-2026 15:40,가족보조,,,,,,,,,,대구보건대학교 보건위생과,TR20264928,2026-05-09,09-05-2026,0,PASS,
두두보건,DH2026798572,우정순,1947-02-21,21-02-1947,여,2,010-1898-4911,01018984911,대학교졸,요양보호사,,대구센터,2026-10-27,27-10-2026,AM,32000,장애인,장애인,,32000,신용카드,card,완료,success,접수완료,active,2026-08-16 19:32,16-08-2026 19:32,가족보조,,,,,,,,,,서울시립요양보호사교육원,TR20260245,2026-05-24,24-05-2026,240,PASS,
두두보건,DH2026967123,배말순,1937-07-16,16-07-1937,여,2,010-9223-5017,01092235017,고등학교졸업,요양보호사,,전주센터,2026-10-09,09-10-2026,AM,32000,없음,없음,,32000,신용카드,card,완료,success,접수완료,active,2026-08-07 15:45,07-08-2026 15:45,가족보조,,,,,,,,,,포항시민교육원,TR20262163,2026-05-12,12-05-2026,240,PASS,
두두보건,DH2026841230,송봉숙,1947-02-04,04-02-1947,여,2,010-7277-3250,01072773250,대학교졸,요양보호사,,제주센터,2026-09-27,27-09-2026,AM,32000,없음,없음,,32000,계좌이체,transfer,완료,success,접수완료,active,2026-08-14 20:09,14-08-2026 20:09,가족보조,,,,,,,,,,경기도요양보호사교육원,TR20268929,2026-07-21,21-07-2026,240,PASS,
두두보건,DH2026774980,성동석,1929-01-20,20-01-1929,남,1,010-6686-8981,01066868981,고등학교졸업,위생사,,대구센터,2026-11-18,18-11-2026,AM,30000,없음,없음,,30000,신용카드,card,완료,success,접수완료,active,2026-08-03 22:06,03-08-2026 22:06,복지관,,,,,,,,,,대구보건대학교 보건위생과,TR20263223,2026-03-13,13-03-2026,0,PASS,
두두보건,DH2026421867,조계순,1931-12-27,27-12-1931,여,2,010-6884-7238,01068847238,고등학교졸업,위생사,,부산센터,2026-10-24,24-10-2026,PM,30000,없음,없음,,30000,계좌이체,transfer,완료,success,접수완료,active,2026-08-01 15:33,01-08-2026 15:33,본인단독,,,,,,,,,,전주보건대학교 위생과,TR20262623,2026-06-09,09-06-2026,0,PENDING,
두두보건,DH2026984409,오금순,1957-01-09,09-01-1957,여,2,010-5782-6216,01057826216,전문대졸,요양보호사,,부산센터,2026-09-11,11-09-2026,AM,32000,없음,없음,,32000,계좌이체,transfer,완료,success,접수완료,active,2026-08-02 21:30,02-08-2026 21:30,복지관,,,,,,,,,,성남시립간호조무사교육원,TR20262545,2026-03-24,24-03-2026,240,PASS,
두두보건,DH2026968991,주갑순,1935-08-28,28-08-1935,여,2,010-9268-1986,01092681986,고등학교졸업,요양보호사,,부산센터,2026-09-11,11-09-2026,PM,32000,없음,없음,,32000,계좌이체,transfer,완료,success,접수완료,active,2026-08-09 20:53,09-08-2026 20:53,본인단독,,,,,,,,,,서울시립요양보호사교육원,TR20268582,2026-03-17,17-03-2026,240,PASS,
두두보건,DH2026945141,양재호,1937-08-25,25-08-1937,남,1,010-2123-5219,01021235219,대학교졸,요양보호사,,수원센터,2026-09-01,01-09-2026,PM,32000,없음,없음,,32000,신용카드,card,완료,success,접수완료,active,2026-08-06 11:59,06-08-2026 11:59,복지관,,,,,,,,,,춘천노인복지교육센터,TR20263725,2026-06-18,18-06-2026,240,PASS,
두두보건,DH2026303102,이태호,1951-12-17,17-12-1951,남,1,010-6436-9965,01064369965,대학교졸,요양보호사,,서울센터,2026-10-03,03-10-2026,PM,32000,없음,없음,,32000,가상계좌,virtual,완료,success,접수완료,active,2026-08-06 19:49,06-08-2026 19:49,가족보조,,,,,,,,,,천안시니어교육센터,TR20264362,2026-04-27,27-04-2026,240,PENDING,
두두보건,DH2026266040,곽원호,1928-10-02,02-10-1928,남,1,010-9978-6468,01099786468,고등학교졸업,요양보호사,,대전센터,2026-11-26,26-11-2026,AM,32000,없음,없음,,32000,가상계좌,virtual,완료,success,접수완료,active,2026-08-10 18:13,10-08-2026 18:13,본인단독,,,,,,,,,,포항시민교육원,TR20264856,2026-06-07,07-06-2026,240,FAIL,
두두보건,DH2026414406,류상원,1962-08-02,02-08-1962,남,1,010-3039-5998,01030395998,고등학교졸업,위생사,,청주센터,2026-09-03,03-09-2026,PM,30000,없음,없음,,30000,신용카드,card,완료,success,접수완료,active,2026-08-09 09:13,09-08-2026 09:13,본인단독,,,,,,,,,,수원보건대학 환경보건과,TR20265728,2026-07-22,22-07-2026,0,PASS,
두두보건,DH2026651087,이갑수,1938-12-26,26-12-1938,남,1,010-4340-4602,01043404602,초등학교졸업,요양보호사,,청주센터,2026-09-27,27-09-2026,AM,32000,없음,없음,,32000,신용카드,card,완료,success,접수완료,active,2026-08-16 14:36,16-08-2026 14:36,복지관,,,,,,,,,,천안시니어교육센터,TR20269314,2026-03-23,23-03-2026,240,PASS,
두두보건,DH2026404223,김태호,1929-09-22,22-09-1929,남,1,010-7273-8913,01072738913,중학교졸업,요양보호사,,전주센터,2026-10-20,20-10-2026,PM,32000,없음,없음,,32000,가상계좌,virtual,완료,success,접수완료,active,2026-08-11 10:16,11-08-2026 10:16,복지관,,,,,,,,,,인천시니어교육센터,TR20267645,2026-07-04,04-07-2026,240,PASS,
두두보건,DH2026497841,강정순,1948-06-28,28-06-1948,여,2,010-6965-9004,01069659004,고등학교졸업,요양보호사,,부산센터,2026-11-20,20-11-2026,AM,32000,없음,없음,,32000,가상계좌,virtual,완료,success,접수완료,active,2026-08-14 09:07,14-08-2026 09:07,본인단독,,,,,,,,,,청주보건교육원,TR20261370,2026-03-15,15-03-2026,240,PASS,
두두보건,DH2026021203,백운순,1932-02-23,23-02-1932,여,2,010-3495-9263,01034959263,전문대졸,요양보호사,,서울센터,2026-10-26,26-10-2026,AM,32000,없음,없음,,32000,가상계좌,virtual,완료,success,접수완료,active,2026-08-18 18:03,18-08-2026 18:03,본인단독,,,,,,,,,,서울시립요양보호사교육원,TR20266036,2026-05-05,05-05-2026,240,PASS,
두두보건,DH2026133262,정영숙,1944-09-06,06-09-1944,여,2,010-6558-4094,01065584094,대학원졸,요양보호사,,대전센터,2026-11-09,09-11-2026,AM,32000,없음,없음,,32000,신용카드,card,완료,success,접수완료,active,2026-08-09 19:02,09-08-2026 19:02,가족보조,,,,,,,,,,천안시니어교육센터,TR20260455,2026-03-10,10-03-2026,240,PASS,
두두보건,DH2026957799,홍두만,1961-02-18,18-02-1961,남,1,010-8340-7626,01083407626,대학교졸,요양보호사,,대구센터,2026-09-08,08-09-2026,PM,32000,기초생활수급자,기초수급,,32000,신용카드,card,완료,success,접수완료,active,2026-08-11 13:51,11-08-2026 13:51,가족보조,,,,,,,,,,고양시평생교육원,TR20265930,2026-03-23,23-03-2026,240,PASS,
두두보건,DH2026852974,유계순,1946-12-01,01-12-1946,여,2,010-1834-7539,01018347539,고등학교졸업,위생사,,수원센터,2026-10-16,16-10-2026,PM,30000,없음,없음,,30000,계좌이체,transfer,완료,success,접수완료,active,2026-08-04 16:43,04-08-2026 16:43,가족보조,,,,,,,,,,인천보건대 환경보건과,TR20266857,2026-07-14,14-07-2026,0,PASS,
두두보건,DH2026492340,심종수,1955-07-02,02-07-1955,남,1,010-7720-9723,01077209723,전문대졸,요양보호사,,전주센터,2026-11-28,28-11-2026,AM,32000,없음,없음,,32000,가상계좌,virtual,완료,success,접수완료,active,2026-08-14 09:35,14-08-2026 09:35,가족보조,,,,,,,,,,대전실버교육원,TR20265006,2026-05-02,02-05-2026,240,PASS,
두두보건,DH2026946800,홍동석,1949-03-23,23-03-1949,남,1,010-3594-6633,01035946633,초등학교졸업,요양보호사,,전주센터,2026-10-07,07-10-2026,AM,32000,없음,없음,,32000,가상계좌,virtual,완료,success,접수완료,active,2026-08-09 21:29,09-08-2026 21:29,복지관,,,,,,,,,,광주복지교육원,TR20268486,2026-04-15,15-04-2026,240,PASS,
두두보건,DH2026733587,서봉숙,1957-11-01,01-11-1957,여,2,010-9474-7056,01094747056,고등학교졸업,요양보호사,,수원센터,2026-10-04,04-10-2026,PM,32000,없음,없음,,32000,신용카드,card,완료,success,접수완료,active,2026-08-15 21:10,15-08-2026 21:10,가족보조,,,,,,,,,,경기도요양보호사교육원,TR20261817,2026-04-22,22-04-2026,240,PASS,
두두보건,DH2026906589,유말자,1941-03-15,15-03-1941,여,2,010-6893-9450,01068939450,고등학교졸업,요양보호사,,대구센터,2026-10-11,11-10-2026,PM,32000,없음,없음,,32000,신용카드,card,환불,refunded,취소,cancelled,2026-08-18 15:41,18-08-2026 15:41,본인단독,,,,,,,,,,광주복지교육원,TR20262151,2026-06-15,15-06-2026,240,PENDING,
두두보건,DH2026761531,배계순,1964-07-25,25-07-1964,여,2,010-7104-7196,01071047196,고등학교졸업,요양보호사,,서울센터,2026-10-03,03-10-2026,PM,32000,없음,없음,,32000,계좌이체,transfer,대기,pending,결제대기,pending,2026-08-03 15:21,03-08-2026 15:21,본인단독,,,,,,,,,,경기도요양보호사교육원,TR20266172,2026-07-09,09-07-2026,240,PASS,
두두보건,DH2026457669,오미자,1934-10-23,23-10-1934,여,2,010-8027-7844,01080277844,무학,요양보호사,,대전센터,2026-11-03,03-11-2026,AM,32000,없음,없음,,32000,가상계좌,virtual,완료,success,접수완료,active,2026-08-11 20:08,11-08-2026 20:08,가족보조,,,,,,,,,,인천시니어교육센터,TR20262391,2026-06-23,23-06-2026,240,PASS,
두두보건,DH2026229617,민두만,1946-02-17,17-02-1946,남,1,010-9637-2109,01096372109,고등학교졸업,위생사,,대전센터,2026-10-08,08-10-2026,AM,30000,없음,없음,,30000,계좌이체,transfer,완료,success,접수완료,active,2026-08-05 13:27,05-08-2026 13:27,가족보조,,,,,,,,,,대구보건대학교 보건위생과,TR20267036,2026-06-26,26-06-2026,0,PASS,
두두보건,DH2026166129,배동석,1928-01-17,17-01-1928,남,1,010-2344-3844,01023443844,대학교졸,요양보호사,,서울센터,2026-11-10,10-11-2026,PM,32000,없음,없음,,32000,가상계좌,virtual,완료,success,접수완료,active,2026-08-03 16:47,03-08-2026 16:47,복지관,,,,,,,,,,성남시립간호조무사교육원,TR20267033,2026-03-03,03-03-2026,240,PASS,
두두보건,DH2026035481,한정순,1933-02-25,25-02-1933,여,2,010-1948-7019,01019487019,고등학교졸업,위생사,,서울센터,2026-09-13,13-09-2026,PM,30000,없음,없음,,30000,신용카드,card,환불,refunded,취소,cancelled,2026-08-12 22:22,12-08-2026 22:22,복지관,,,,,,,,,,광주보건대학교 위생과,TR20268509,2026-04-04,04-04-2026,0,PASS,
두두보건,DH2026178401,서철수,1948-02-05,05-02-1948,남,1,010-3752-8851,01037528851,고등학교졸업,요양보호사,,대전센터,2026-11-28,28-11-2026,PM,32000,없음,없음,,32000,계좌이체,transfer,완료,success,접수완료,active,2026-08-15 18:47,15-08-2026 18:47,복지관,,,,,,,,,,대구평생교육원,TR20261153,2026-07-19,19-07-2026,240,PASS,
두두보건,DH2026253050,하일남,1961-11-03,03-11-1961,남,1,010-8660-8565,01086608565,고등학교졸업,요양보호사,,대구센터,2026-09-13,13-09-2026,AM,32000,기초생활수급자,기초수급,,32000,신용카드,card,완료,success,접수완료,active,2026-08-18 12:28,18-08-2026 12:28,복지관,,,,,,,,,,춘천노인복지교육센터,TR20263413,2026-05-15,15-05-2026,240,PASS,
두두보건,DH2026494447,최경자,1964-08-01,01-08-1964,여,2,010-4450-9353,01044509353,중학교졸업,위생사,,청주센터,2026-09-15,15-09-2026,PM,30000,기초생활수급자,기초수급,,30000,가상계좌,virtual,완료,success,접수완료,active,2026-08-16 22:53,16-08-2026 22:53,본인단독,,,,,,,,,,제주보건대학 환경위생과,TR20263338,2026-03-15,15-03-2026,0,PASS,
두두보건,DH2026538927,주동호,1944-01-15,15-01-1944,남,1,010-6347-5958,01063475958,대학원졸,위생사,,전주센터,2026-10-11,11-10-2026,PM,30000,없음,없음,,30000,가상계좌,virtual,완료,success,접수완료,active,2026-08-07 10:12,07-08-2026 10:12,복지관,,,,,,,,,,대구보건대학교 보건위생과,TR20263655,2026-06-11,11-06-2026,0,PASS,
두두보건,DH2026480268,조경자,1966-02-05,05-02-1966,여,2,010-4006-1437,01040061437,초등학교졸업,요양보호사,,제주센터,2026-10-04,04-10-2026,AM,32000,없음,없음,,32000,계좌이체,transfer,완료,success,접수완료,active,2026-08-05 12:37,05-08-2026 12:37,복지관,,,,,,,,,,대전실버교육원,TR20266891,2026-03-18,18-03-2026,240,PASS,
두두보건,DH2026506468,구순옥,1966-09-08,08-09-1966,여,2,010-1561-8339,01015618339,고등학교졸업,요양보호사,,서울센터,2026-10-23,23-10-2026,PM,32000,없음,없음,,32000,신용카드,card,완료,success,접수완료,active,2026-08-01 11:51,01-08-2026 11:51,복지관,,,,,,,,,,광주복지교육원,TR20266657,2026-06-03,03-06-2026,240,PASS,
두두보건,DH2026743252,노영수,1959-01-16,16-01-1959,남,1,010-3788-2805,01037882805,무학,요양보호사,,수원센터,2026-09-08,08-09-2026,AM,32000,없음,없음,,32000,계좌이체,transfer,완료,success,접수완료,active,2026-08-09 21:36,09-08-2026 21:36,가족보조,,,,,,,,,,수원시니어아카데미,TR20268538,2026-05-25,25-05-2026,240,PASS,
두두보건,DH2026749369,윤영숙,1965-07-04,04-07-1965,여,2,010-4916-8941,01049168941,중학교졸업,요양보호사,,대전센터,2026-11-01,01-11-2026,AM,32000,없음,없음,,32000,가상계좌,virtual,완료,success,접수완료,active,2026-08-11 13:24,11-08-2026 13:24,가족보조,,,,,,,,,,부산광역시요양보호사교육원,TR20261633,2026-07-27,27-07-2026,240,PASS,
두두보건,DH2026680475,윤원호,1940-10-01,01-10-1940,남,1,010-1847-1993,01018471993,중학교졸업,위생사,,서울센터,2026-09-25,25-09-2026,AM,30000,없음,없음,,30000,가상계좌,virtual,완료,success,접수완료,active,2026-08-05 15:17,05-08-2026 15:17,가족보조,,,,,,,,,,경기보건대학교 보건학과,TR20262321,2026-06-11,11-06-2026,0,PASS,
두두보건,DH2026706834,백정호,1942-12-07,07-12-1942,남,1,010-5436-4499,01054364499,전문대졸,요양보호사,,대구센터,2026-11-20,20-11-2026,AM,32000,없음,없음,,32000,가상계좌,virtual,환불,refunded,취소,cancelled,2026-08-16 11:52,16-08-2026 11:52,가족보조,,,,,,,,,,성남시립간호조무사교육원,TR20268679,2026-06-09,09-06-2026,240,PASS,
두두보건,DH2026069714,남갑수,1965-02-23,23-02-1965,남,1,010-2023-4432,01020234432,고등학교졸업,요양보호사,,대구센터,2026-09-10,10-09-2026,AM,32000,장애인,장애인,,32000,신용카드,card,완료,success,접수완료,active,2026-08-01 11:40,01-08-2026 11:40,본인단독,,,,,,,,,,부산광역시요양보호사교육원,TR20268679,2026-07-06,06-07-2026,240,PENDING,
두두보건,DH2026368333,곽춘희,1958-01-16,16-01-1958,여,2,010-9153-3679,01091533679,중학교졸업,요양보호사,,서울센터,2026-11-01,01-11-2026,PM,32000,없음,없음,,32000,계좌이체,transfer,완료,success,접수완료,active,2026-08-14 16:23,14-08-2026 16:23,가족보조,,,,,,,,,,서울시립요양보호사교육원,TR20266309,2026-05-23,23-05-2026,240,PASS,
두두보건,DH2026138186,전만복,1941-11-01,01-11-1941,남,1,010-6421-7940,01064217940,대학원졸,요양보호사,,제주센터,2026-11-15,15-11-2026,PM,32000,없음,없음,,32000,가상계좌,virtual,완료,success,접수완료,active,2026-08-11 20:31,11-08-2026 20:31,본인단독,,,,,,,,,,대구평생교육원,TR20266119,2026-05-21,21-05-2026,240,PASS,
두두보건,DH2026048810,이삼석,1941-09-01,01-09-1941,남,1,010-5174-7006,01051747006,전문대졸,요양보호사,,수원센터,2026-09-10,10-09-2026,PM,32000,없음,없음,,32000,신용카드,card,완료,success,접수완료,active,2026-08-15 10:16,15-08-2026 10:16,복지관,,,,,,,,,,제주시니어교육원,TR20266310,2026-05-08,08-05-2026,240,PENDING,
두두보건,DH2026463937,윤선옥,1957-11-01,01-11-1957,여,2,010-1280-9221,01012809221,고등학교졸업,위생사,,청주센터,2026-10-25,25-10-2026,AM,30000,없음,없음,,30000,신용카드,card,완료,success,접수완료,active,2026-08-05 12:55,05-08-2026 12:55,본인단독,,,,,,,,,,대구보건대학교 보건위생과,TR20260615,2026-05-26,26-05-2026,0,PASS,
두두보건,DH2026078666,안정호,1947-01-28,28-01-1947,남,1,010-6922-8006,01069228006,고등학교졸업,위생사,,청주센터,2026-09-04,04-09-2026,PM,30000,없음,없음,,30000,신용카드,card,완료,success,접수완료,active,2026-08-02 20:13,02-08-2026 20:13,본인단독,,,,,,,,,,경기보건대학교 보건학과,TR20261016,2026-03-27,27-03-2026,0,PASS,
두두보건,DH2026878980,심광수,1941-07-18,18-07-1941,남,1,010-8733-6295,01087336295,초등학교졸업,요양보호사,,서울센터,2026-09-08,08-09-2026,AM,32000,없음,없음,,32000,가상계좌,virtual,완료,success,접수완료,active,2026-08-01 11:38,01-08-2026 11:38,가족보조,,,,,,,,,,인천시니어교육센터,TR20262245,2026-04-02,02-04-2026,240,PASS,
두두보건,DH2026132818,심영수,1943-03-26,26-03-1943,남,1,010-4222-1140,01042221140,초등학교졸업,요양보호사,,서울센터,2026-09-16,16-09-2026,PM,32000,없음,없음,,32000,가상계좌,virtual,완료,success,접수완료,active,2026-08-13 21:20,13-08-2026 21:20,가족보조,,,,,,,,,,부산광역시요양보호사교육원,TR20267062,2026-06-18,18-06-2026,240,PASS,
두두보건,DH2026326481,박성호,1958-03-01,01-03-1958,남,1,010-3110-5305,01031105305,전문대졸,요양보호사,,대전센터,2026-10-07,07-10-2026,AM,32000,없음,없음,,32000,가상계좌,virtual,완료,success,접수완료,active,2026-08-03 22:10,03-08-2026 22:10,가족보조,,,,,,,,,,성남시립간호조무사교육원,TR20267480,2026-06-16,16-06-2026,240,PENDING,
두두보건,DH2026894110,조일남,1945-03-03,03-03-1945,남,1,010-7334-9396,01073349396,전문대졸,요양보호사,,부산센터,2026-11-26,26-11-2026,PM,32000,없음,없음,,32000,가상계좌,virtual,대기,pending,결제대기,pending,2026-08-02 17:00,02-08-2026 17:00,본인단독,,,,,,,,,,인천시니어교육센터,TR20268171,2026-04-27,27-04-2026,240,PASS,
두두보건,DH2026052938,장상길,1956-07-23,23-07-1956,남,1,010-5861-4721,01058614721,무학,요양보호사,,청주센터,2026-10-16,16-10-2026,PM,32000,없음,없음,,32000,가상계좌,virtual,완료,success,접수완료,active,2026-08-11 15:48,11-08-2026 15:48,복지관,,,,,,,,,,경기도요양보호사교육원,TR20267405,2026-06-09,09-06-2026,240,PASS,
두두보건,DH2026971401,김병수,1961-03-07,07-03-1961,남,1,010-8037-2573,01080372573,중학교졸업,요양보호사,,부산센터,2026-10-04,04-10-2026,AM,32000,없음,없음,,32000,계좌이체,transfer,완료,success,접수완료,active,2026-08-14 17:58,14-08-2026 17:58,복지관,,,,,,,,,,춘천노인복지교육센터,TR20267661,2026-07-24,24-07-2026,240,PASS,
두두보건,DH2026173533,유갑수,1957-06-01,01-06-1957,남,1,010-3785-6125,01037856125,고등학교졸업,요양보호사,,제주센터,2026-09-01,01-09-2026,PM,32000,없음,없음,,32000,계좌이체,transfer,완료,success,접수완료,active,2026-08-02 18:51,02-08-2026 18:51,본인단독,,,,,,,,,,수원시니어아카데미,TR20265707,2026-03-13,13-03-2026,240,PASS,
두두보건,DH2026610072,이말순,1942-07-08,08-07-1942,여,2,010-5162-4405,01051624405,초등학교졸업,요양보호사,,부산센터,2026-10-16,16-10-2026,PM,32000,기초생활수급자,기초수급,,32000,계좌이체,transfer,완료,success,접수완료,active,2026-08-08 19:50,08-08-2026 19:50,복지관,,,,,,,,,,청주보건교육원,TR20269778,2026-07-09,09-07-2026,240,PASS,
두두보건,DH2026175773,정영숙,1948-11-09,09-11-1948,여,2,010-7889-1346,01078891346,대학교졸,위생사,,광주센터,2026-11-22,22-11-2026,PM,30000,장애인,장애인,,30000,가상계좌,virtual,완료,success,접수완료,active,2026-08-10 12:26,10-08-2026 12:26,본인단독,,,,,,,,,,대전보건대학 환경위생학과,TR20264902,2026-07-13,13-07-2026,0,PASS,
두두보건,DH2026878441,홍금순,1943-01-20,20-01-1943,여,2,010-2263-4591,01022634591,고등학교졸업,요양보호사,,대전센터,2026-10-16,16-10-2026,AM,32000,없음,없음,,32000,계좌이체,transfer,완료,success,접수완료,active,2026-08-19 12:14,19-08-2026 12:14,가족보조,,,,,,,,,,성남시립간호조무사교육원,TR20269078,2026-05-13,13-05-2026,240,PENDING,
두두보건,DH2026279477,허용기,1953-07-18,18-07-1953,남,1,010-9521-8484,01095218484,중학교졸업,요양보호사,,대구센터,2026-09-04,04-09-2026,AM,32000,없음,없음,,32000,계좌이체,transfer,완료,success,접수완료,active,2026-08-09 18:26,09-08-2026 18:26,복지관,,,,,,,,,,대전실버교육원,TR20267448,2026-06-06,06-06-2026,240,PENDING,
두두보건,DH2026704385,곽삼석,1939-09-07,07-09-1939,남,1,010-2219-5712,01022195712,초등학교졸업,위생사,,대구센터,2026-10-07,07-10-2026,AM,30000,없음,없음,,30000,신용카드,card,대기,pending,결제대기,pending,2026-08-05 18:28,05-08-2026 18:28,가족보조,,,,,,,,,,서울보건대학교 환경위생과,TR20260834,2026-06-04,04-06-2026,0,PASS,
두두보건,DH2026911530,서태호,1929-07-09,09-07-1929,남,1,010-2942-4333,01029424333,대학원졸,요양보호사,,청주센터,2026-09-09,09-09-2026,AM,32000,장애인,장애인,,32000,가상계좌,virtual,완료,success,접수완료,active,2026-08-16 09:16,16-08-2026 09:16,본인단독,,,,,,,,,,고양시평생교육원,TR20269831,2026-05-26,26-05-2026,240,PASS,
두두보건,DH2026144691,윤두만,1958-06-18,18-06-1958,남,1,010-5199-3002,01051993002,중학교졸업,요양보호사,,청주센터,2026-11-12,12-11-2026,AM,32000,없음,없음,,32000,가상계좌,virtual,대기,pending,결제대기,pending,2026-08-15 13:16,15-08-2026 13:16,본인단독,,,,,,,,,,인천시니어교육센터,TR20268297,2026-03-01,01-03-2026,240,PASS,
두두보건,DH2026982616,손순자,1955-03-24,24-03-1955,여,2,010-1812-4222,01018124222,고등학교졸업,요양보호사,,제주센터,2026-10-25,25-10-2026,AM,32000,없음,없음,,32000,가상계좌,virtual,완료,success,접수완료,active,2026-08-19 22:21,19-08-2026 22:21,본인단독,,,,,,,,,,춘천노인복지교육센터,TR20265679,2026-05-15,15-05-2026,240,PASS,
두두보건,DH2026594266,민두만,1942-07-10,10-07-1942,남,1,010-6020-7480,01060207480,중학교졸업,요양보호사,,광주센터,2026-11-16,16-11-2026,PM,32000,없음,없음,,32000,신용카드,card,완료,success,접수완료,active,2026-08-11 22:46,11-08-2026 22:46,복지관,,,,,,,,,,부산광역시요양보호사교육원,TR20262957,2026-03-23,23-03-2026,240,PASS,
두두보건,DH2026950004,주선옥,1961-10-08,08-10-1961,여,2,010-9398-2741,01093982741,대학원졸,요양보호사,,청주센터,2026-11-24,24-11-2026,PM,32000,없음,없음,,32000,계좌이체,transfer,완료,success,접수완료,active,2026-08-07 20:04,07-08-2026 20:04,본인단독,,,,,,,,,,순천시니어교육원,TR20266787,2026-06-13,13-06-2026,240,PASS,
두두보건,DH2026736845,김순자,1945-03-01,01-03-1945,여,2,010-8999-8046,01089998046,고등학교졸업,위생사,,서울센터,2026-09-05,05-09-2026,PM,30000,없음,없음,,30000,가상계좌,virtual,완료,success,접수완료,active,2026-08-19 18:59,19-08-2026 18:59,복지관,,,,,,,,,,대구보건대학교 보건위생과,TR20264744,2026-06-20,20-06-2026,0,PASS,
두두보건,DH2026666406,차철수,1954-01-03,03-01-1954,남,1,010-2993-2909,01029932909,중학교졸업,위생사,,수원센터,2026-09-26,26-09-2026,AM,30000,없음,없음,,30000,가상계좌,virtual,완료,success,접수완료,active,2026-08-05 09:21,05-08-2026 09:21,가족보조,,,,,,,,,,부산보건대학 위생학과,TR20264715,2026-04-17,17-04-2026,0,PASS,
두두보건,DH2026873165,허광수,1928-08-26,26-08-1928,남,1,010-8129-4434,01081294434,고등학교졸업,요양보호사,,서울센터,2026-11-23,23-11-2026,AM,32000,없음,없음,,32000,신용카드,card,완료,success,접수완료,active,2026-08-19 09:25,19-08-2026 09:25,본인단독,,,,,,,,,,대전실버교육원,TR20266703,2026-05-23,23-05-2026,240,PASS,
두두보건,DH2026897095,조영수,1931-11-06,06-11-1931,남,1,010-2578-6262,01025786262,대학교졸,요양보호사,,대전센터,2026-10-13,13-10-2026,AM,32000,장애인,장애인,,32000,신용카드,card,완료,success,접수완료,active,2026-08-02 12:24,02-08-2026 12:24,복지관,,,,,,,,,,인천시니어교육센터,TR20261308,2026-05-16,16-05-2026,240,PASS,
두두보건,DH2026737353,한영호,1942-08-13,13-08-1942,남,1,010-5183-1512,01051831512,고등학교졸업,위생사,,서울센터,2026-10-09,09-10-2026,PM,30000,없음,없음,,30000,신용카드,card,완료,success,접수완료,active,2026-08-15 12:14,15-08-2026 12:14,가족보조,,,,,,,,,,제주보건대학 환경위생과,TR20264643,2026-05-14,14-05-2026,0,PASS,
두두보건,DH2026229338,유재호,1947-05-13,13-05-1947,남,1,010-7641-1167,01076411167,중학교졸업,위생사,,대구센터,2026-10-03,03-10-2026,PM,30000,없음,없음,,30000,가상계좌,virtual,완료,success,접수완료,active,2026-08-03 14:17,03-08-2026 14:17,본인단독,,,,,,,,,,전주보건대학교 위생과,TR20269529,2026-06-26,26-06-2026,0,PASS,
두두보건,DH2026205595,문명자,1931-07-02,02-07-1931,여,2,010-1617-7738,01016177738,고등학교졸업,요양보호사,,부산센터,2026-10-01,01-10-2026,AM,32000,장애인,장애인,,32000,신용카드,card,완료,success,접수완료,active,2026-08-11 21:09,11-08-2026 21:09,가족보조,,,,,,,,,,대구평생교육원,TR20265580,2026-03-20,20-03-2026,240,PASS,
두두보건,DH2026053125,이영수,1936-10-11,11-10-1936,남,1,010-6063-3568,01060633568,전문대졸,위생사,,제주센터,2026-11-07,07-11-2026,AM,30000,없음,없음,,30000,계좌이체,transfer,완료,success,접수완료,active,2026-08-05 09:12,05-08-2026 09:12,가족보조,,,,,,,,,,제주보건대학 환경위생과,TR20262366,2026-06-06,06-06-2026,0,PASS,
두두보건,DH2026580789,차용기,1933-03-09,09-03-1933,남,1,010-8562-6924,01085626924,대학원졸,위생사,,대전센터,2026-09-23,23-09-2026,PM,30000,없음,없음,,30000,가상계좌,virtual,완료,success,접수완료,active,2026-08-13 11:18,13-08-2026 11:18,복지관,,,,,,,,,,경기보건대학교 보건학과,TR20264304,2026-07-01,01-07-2026,0,PENDING,
두두보건,DH2026225522,신영자,1963-03-28,28-03-1963,여,2,010-9577-3197,01095773197,대학원졸,요양보호사,,대전센터,2026-11-14,14-11-2026,AM,32000,없음,없음,,32000,신용카드,card,완료,success,접수완료,active,2026-08-01 10:00,01-08-2026 10:00,복지관,,,,,,,,,,포항시민교육원,TR20268949,2026-05-09,09-05-2026,240,PASS,
두두보건,DH2026293882,최종수,1936-10-10,10-10-1936,남,1,010-3047-3916,01030473916,고등학교졸업,요양보호사,,제주센터,2026-10-01,01-10-2026,PM,32000,없음,없음,,32000,신용카드,card,완료,success,접수완료,active,2026-08-05 20:56,05-08-2026 20:56,가족보조,,,,,,,,,,대구평생교육원,TR20262445,2026-04-08,08-04-2026,240,FAIL,
두두보건,DH2026292864,김철수,1929-02-16,16-02-1929,남,1,010-5836-9298,01058369298,초등학교졸업,요양보호사,,부산센터,2026-09-14,14-09-2026,PM,32000,장애인,장애인,,32000,계좌이체,transfer,완료,success,접수완료,active,2026-08-16 13:51,16-08-2026 13:51,복지관,,,,,,,,,,경기도요양보호사교육원,TR20261505,2026-04-05,05-04-2026,240,PASS,
두두보건,DH2026131971,우금순,1933-07-03,03-07-1933,여,2,010-1256-4862,01012564862,고등학교졸업,요양보호사,,수원센터,2026-11-24,24-11-2026,AM,32000,없음,없음,,32000,가상계좌,virtual,완료,success,접수완료,active,2026-08-08 15:28,08-08-2026 15:28,본인단독,,,,,,,,,,고양시평생교육원,TR20268395,2026-07-17,17-07-2026,240,FAIL,
두두보건,DH2026931128,고근호,1948-08-20,20-08-1948,남,1,010-7570-8240,01075708240,고등학교졸업,위생사,,대전센터,2026-09-24,24-09-2026,PM,30000,없음,없음,,30000,계좌이체,transfer,완료,success,접수완료,active,2026-08-09 09:07,09-08-2026 09:07,복지관,,,,,,,,,,대전보건대학 환경위생학과,TR20265690,2026-05-22,22-05-2026,0,PASS,
두두보건,DH2026949364,민갑수,1939-03-03,03-03-1939,남,1,010-5530-5625,01055305625,고등학교졸업,위생사,,수원센터,2026-10-02,02-10-2026,AM,30000,없음,없음,,30000,신용카드,card,완료,success,접수완료,active,2026-08-08 13:04,08-08-2026 13:04,본인단독,,,,,,,,,,대구보건대학교 보건위생과,TR20269889,2026-05-15,15-05-2026,0,PENDING,
두두보건,DH2026498784,곽필호,1961-11-09,09-11-1961,남,1,010-9726-8441,01097268441,초등학교졸업,요양보호사,,서울센터,2026-09-14,14-09-2026,AM,32000,없음,없음,,32000,계좌이체,transfer,완료,success,접수완료,active,2026-08-13 22:28,13-08-2026 22:28,가족보조,,,,,,,,,,천안시니어교육센터,TR20264090,2026-06-21,21-06-2026,240,PASS,
두두보건,DH2026752745,차필호,1949-11-09,09-11-1949,남,1,010-2487-5411,01024875411,중학교졸업,요양보호사,,대전센터,2026-11-06,06-11-2026,AM,32000,장애인,장애인,,32000,신용카드,card,완료,success,접수완료,active,2026-08-18 20:02,18-08-2026 20:02,복지관,,,,,,,,,,인천시니어교육센터,TR20268584,2026-03-22,22-03-2026,240,PENDING,
두두보건,DH2026665339,서복순,1963-07-19,19-07-1963,여,2,010-6813-5523,01068135523,전문대졸,요양보호사,,대구센터,2026-10-13,13-10-2026,PM,32000,없음,없음,,32000,신용카드,card,환불,refunded,취소,cancelled,2026-08-13 17:36,13-08-2026 17:36,본인단독,,,,,,,,,,순천시니어교육원,TR20260063,2026-06-03,03-06-2026,240,PENDING,
두두보건,DH2026208817,장기철,1935-07-09,09-07-1935,남,1,010-1992-7830,01019927830,초등학교졸업,위생사,,광주센터,2026-10-27,27-10-2026,AM,30000,없음,없음,,30000,가상계좌,virtual,완료,success,접수완료,active,2026-08-06 18:32,06-08-2026 18:32,가족보조,,,,,,,,,,부산보건대학 위생학과,TR20264727,2026-04-14,14-04-2026,0,PENDING,
두두보건,DH2026752856,하정자,1965-09-20,20-09-1965,여,2,010-4243-7851,01042437851,대학교졸,요양보호사,,전주센터,2026-11-12,12-11-2026,AM,32000,없음,없음,,32000,가상계좌,virtual,완료,success,접수완료,active,2026-08-17 22:01,17-08-2026 22:01,가족보조,,,,,,,,,,전주평생학습관,TR20268623,2026-05-14,14-05-2026,240,PENDING,
두두보건,DH2026205930,윤복남,1944-04-16,16-04-1944,남,1,010-9196-2622,01091962622,고등학교졸업,위생사,,광주센터,2026-10-26,26-10-2026,AM,30000,없음,없음,,30000,가상계좌,virtual,완료,success,접수완료,active,2026-08-03 16:07,03-08-2026 16:07,가족보조,,,,,,,,,,대구보건대학교 보건위생과,TR20269973,2026-07-22,22-07-2026,0,PASS,
두두보건,DH2026534456,차명자,1942-12-27,27-12-1942,여,2,010-4831-8240,01048318240,고등학교졸업,요양보호사,,대전센터,2026-10-26,26-10-2026,PM,32000,없음,없음,,32000,계좌이체,transfer,완료,success,접수완료,active,2026-08-08 14:45,08-08-2026 14:45,가족보조,,,,,,,,,,포항시민교육원,TR20266268,2026-06-03,03-06-2026,240,FAIL,
두두보건,DH2026910550,윤원호,1931-09-06,06-09-1931,남,1,010-5518-1897,01055181897,고등학교졸업,요양보호사,,광주센터,2026-10-28,28-10-2026,PM,32000,없음,없음,,32000,가상계좌,virtual,완료,success,접수완료,active,2026-08-03 21:25,03-08-2026 21:25,본인단독,,,,,,,,,,경기도요양보호사교육원,TR20262948,2026-03-20,20-03-2026,240,PASS,
두두보건,DH2026713734,문금순,1964-09-07,07-09-1964,여,2,010-9787-3891,01097873891,대학교졸,위생사,,청주센터,2026-10-09,09-10-2026,PM,30000,없음,없음,,30000,신용카드,card,완료,success,접수완료,active,2026-08-15 16:52,15-08-2026 16:52,복지관,,,,,,,,,,전주보건대학교 위생과,TR20261078,2026-03-20,20-03-2026,0,PASS,
두두보건,DH2026632026,이근호,1950-07-09,09-07-1950,남,1,010-5619-9590,01056199590,대학교졸,요양보호사,,전주센터,2026-09-23,23-09-2026,AM,32000,없음,없음,,32000,신용카드,card,완료,success,접수완료,active,2026-08-12 12:51,12-08-2026 12:51,본인단독,,,,,,,,,,성남시립간호조무사교육원,TR20268229,2026-03-24,24-03-2026,240,PASS,
두두보건,DH2026362681,구만수,1952-11-28,28-11-1952,남,1,010-2561-1324,01025611324,대학교졸,요양보호사,,청주센터,2026-11-25,25-11-2026,AM,32000,장애인,장애인,,32000,가상계좌,virtual,완료,success,접수완료,active,2026-08-07 20:22,07-08-2026 20:22,복지관,,,,,,,,,,창원노인복지관교육부,TR20260445,2026-04-25,25-04-2026,240,PASS,
두두보건,DH2026703760,유명자,1936-09-03,03-09-1936,여,2,010-5811-2744,01058112744,고등학교졸업,위생사,,제주센터,2026-09-11,11-09-2026,PM,30000,없음,없음,,30000,가상계좌,virtual,환불,refunded,취소,cancelled,2026-08-05 15:02,05-08-2026 15:02,본인단독,,,,,,,,,,광주보건대학교 위생과,TR20268997,2026-05-22,22-05-2026,0,PASS,
두두보건,DH2026403094,서태호,1963-12-10,10-12-1963,남,1,010-9007-4820,01090074820,전문대졸,위생사,,제주센터,2026-11-23,23-11-2026,PM,30000,없음,없음,,30000,신용카드,card,완료,success,접수완료,active,2026-08-11 22:04,11-08-2026 22:04,가족보조,,,,,,,,,,경기보건대학교 보건학과,TR20268860,2026-05-03,03-05-2026,0,PASS,
두두보건,DH2026479342,우옥분,1949-01-12,12-01-1949,여,2,010-4328-4673,01043284673,초등학교졸업,요양보호사,,청주센터,2026-11-27,27-11-2026,PM,32000,없음,없음,,32000,신용카드,card,완료,success,접수완료,active,2026-08-14 18:42,14-08-2026 18:42,가족보조,,,,,,,,,,포항시민교육원,TR20267317,2026-03-25,25-03-2026,240,PASS,
두두보건,DH2026513403,주영호,1940-08-23,23-08-1940,남,1,010-6462-8849,01064628849,고등학교졸업,요양보호사,,전주센터,2026-11-09,09-11-2026,PM,32000,없음,없음,,32000,신용카드,card,완료,success,접수완료,active,2026-08-05 22:10,05-08-2026 22:10,가족보조,,,,,,,,,,춘천노인복지교육센터,TR20263946,2026-07-26,26-07-2026,240,PASS,
두두보건,DH2026805737,남명자,1958-10-16,16-10-1958,여,2,010-3653-4726,01036534726,전문대졸,요양보호사,,전주센터,2026-10-03,03-10-2026,PM,32000,없음,없음,,32000,가상계좌,virtual,완료,success,접수완료,active,2026-08-07 16:29,07-08-2026 16:29,복지관,,,,,,,,,,순천시니어교육원,TR20267971,2026-05-20,20-05-2026,240,PASS,
두두보건,DH2026562984,오동석,1950-07-21,21-07-1950,남,1,010-2268-5243,01022685243,대학교졸,요양보호사,,수원센터,2026-09-04,04-09-2026,PM,32000,없음,없음,,32000,계좌이체,transfer,완료,success,접수완료,active,2026-08-04 18:57,04-08-2026 18:57,가족보조,,,,,,,,,,인천시니어교육센터,TR20267108,2026-07-16,16-07-2026,240,PASS,
두두보건,DH2026178324,손갑수,1951-02-10,10-02-1951,남,1,010-5185-8639,01051858639,고등학교졸업,위생사,,대전센터,2026-10-24,24-10-2026,PM,30000,없음,없음,,30000,신용카드,card,완료,success,접수완료,active,2026-08-15 16:44,15-08-2026 16:44,가족보조,,,,,,,,,,경기보건대학교 보건학과,TR20267806,2026-04-24,24-04-2026,0,PENDING,
두두보건,DH2026051336,유말자,1935-02-24,24-02-1935,여,2,010-2545-5750,01025455750,전문대졸,요양보호사,,서울센터,2026-10-22,22-10-2026,PM,32000,기초생활수급자,기초수급,,32000,계좌이체,transfer,완료,success,접수완료,active,2026-08-09 15:03,09-08-2026 15:03,복지관,,,,,,,,,,청주보건교육원,TR20266862,2026-06-06,06-06-2026,240,PASS,
두두보건,DH2026793783,황복남,1966-01-06,06-01-1966,남,1,010-2249-5047,01022495047,전문대졸,요양보호사,,전주센터,2026-10-08,08-10-2026,PM,32000,없음,없음,,32000,가상계좌,virtual,완료,success,접수완료,active,2026-08-02 16:42,02-08-2026 16:42,복지관,,,,,,,,,,부산광역시요양보호사교육원,TR20265811,2026-06-14,14-06-2026,240,PASS,
두두보건,DH2026619368,이종수,1939-08-10,10-08-1939,남,1,010-1934-4452,01019344452,대학교졸,위생사,,서울센터,2026-09-02,02-09-2026,AM,30000,없음,없음,,30000,신용카드,card,완료,success,접수완료,active,2026-08-18 15:04,18-08-2026 15:04,가족보조,,,,,,,,,,광주보건대학교 위생과,TR20261874,2026-06-05,05-06-2026,0,PASS,
두두보건,DH2026608767,한동석,1946-05-02,02-05-1946,남,1,010-8021-4638,01080214638,대학교졸,요양보호사,,전주센터,2026-10-16,16-10-2026,PM,32000,없음,없음,,32000,신용카드,card,완료,success,접수완료,active,2026-08-15 18:40,15-08-2026 18:40,복지관,,,,,,,,,,청주보건교육원,TR20263935,2026-05-22,22-05-2026,240,PASS,
두두보건,DH2026100517,조경자,1928-05-14,14-05-1928,여,2,010-5622-7124,01056227124,중학교졸업,위생사,,제주센터,2026-10-07,07-10-2026,PM,30000,없음,없음,,30000,가상계좌,virtual,완료,success,접수완료,active,2026-08-16 17:01,16-08-2026 17:01,가족보조,,,,,,,,,,인천보건대 환경보건과,TR20267668,2026-07-14,14-07-2026,0,PASS,
두두보건,DH2026268931,황성호,1946-11-14,14-11-1946,남,1,010-7820-2401,01078202401,대학교졸,위생사,,수원센터,2026-11-25,25-11-2026,PM,30000,없음,없음,,30000,계좌이체,transfer,완료,success,접수완료,active,2026-08-02 15:29,02-08-2026 15:29,본인단독,,,,,,,,,,수원보건대학 환경보건과,TR20264610,2026-06-04,04-06-2026,0,PASS,
두두보건,DH2026766694,류성호,1953-06-04,04-06-1953,남,1,010-7292-4668,01072924668,전문대졸,요양보호사,,대전센터,2026-09-24,24-09-2026,PM,32000,없음,없음,,32000,가상계좌,virtual,완료,success,접수완료,active,2026-08-06 18:26,06-08-2026 18:26,복지관,,,,,,,,,,서울시립요양보호사교육원,TR20260568,2026-06-28,28-06-2026,240,PENDING,
두두보건,DH2026023763,정만수,1937-06-28,28-06-1937,남,1,010-2855-4239,01028554239,전문대졸,요양보호사,,제주센터,2026-10-21,21-10-2026,AM,32000,기초생활수급자,기초수급,,32000,가상계좌,virtual,완료,success,접수완료,active,2026-08-15 16:44,15-08-2026 16:44,가족보조,,,,,,,,,,성남시립간호조무사교육원,TR20268686,2026-04-12,12-04-2026,240,PASS,
두두보건,DH2026115107,안말자,1934-12-14,14-12-1934,여,2,010-2071-3454,01020713454,초등학교졸업,요양보호사,,부산센터,2026-09-05,05-09-2026,PM,32000,없음,없음,,32000,신용카드,card,완료,success,접수완료,active,2026-08-06 13:55,06-08-2026 13:55,본인단독,,,,,,,,,,경기도요양보호사교육원,TR20267748,2026-06-15,15-06-2026,240,PASS,
두두보건,DH2026932579,박인순,1930-09-02,02-09-1930,여,2,010-6787-5455,01067875455,고등학교졸업,요양보호사,,수원센터,2026-10-02,02-10-2026,PM,32000,없음,없음,,32000,가상계좌,virtual,완료,success,접수완료,active,2026-08-12 16:47,12-08-2026 16:47,가족보조,,,,,,,,,,순천시니어교육원,TR20267567,2026-05-27,27-05-2026,240,PASS,
두두보건,DH2026995443,허귀순,1931-04-28,28-04-1931,여,2,010-4657-4250,01046574250,전문대졸,위생사,,제주센터,2026-10-02,02-10-2026,AM,30000,없음,없음,,30000,계좌이체,transfer,환불,refunded,취소,cancelled,2026-08-18 11:50,18-08-2026 11:50,가족보조,,,,,,,,,,전주보건대학교 위생과,TR20264736,2026-05-19,19-05-2026,0,PASS,
두두보건,DH2026582088,전광수,1954-07-22,22-07-1954,남,1,010-5971-3811,01059713811,전문대졸,위생사,,수원센터,2026-11-01,01-11-2026,PM,30000,없음,없음,,30000,계좌이체,transfer,완료,success,접수완료,active,2026-08-10 19:44,10-08-2026 19:44,복지관,,,,,,,,,,서울보건대학교 환경위생과,TR20267462,2026-06-11,11-06-2026,0,PASS,
두두보건,DH2026468459,황광수,1958-06-26,26-06-1958,남,1,010-2759-4987,01027594987,고등학교졸업,요양보호사,,청주센터,2026-09-26,26-09-2026,AM,32000,없음,없음,,32000,계좌이체,transfer,완료,success,접수완료,active,2026-08-02 12:52,02-08-2026 12:52,복지관,,,,,,,,,,고양시평생교육원,TR20261489,2026-03-18,18-03-2026,240,PASS,
두두보건,DH2026411867,강종수,1928-07-10,10-07-1928,남,1,010-4342-2814,01043422814,고등학교졸업,위생사,,서울센터,2026-11-23,23-11-2026,PM,30000,기초생활수급자,기초수급,,30000,신용카드,card,완료,success,접수완료,active,2026-08-12 17:43,12-08-2026 17:43,본인단독,,,,,,,,,,대구보건대학교 보건위생과,TR20262329,2026-07-28,28-07-2026,0,PASS,
두두보건,DH2026188823,양필호,1954-10-20,20-10-1954,남,1,010-8740-7159,01087407159,대학교졸,위생사,,광주센터,2026-09-03,03-09-2026,AM,30000,없음,없음,,30000,가상계좌,virtual,완료,success,접수완료,active,2026-08-13 18:27,13-08-2026 18:27,본인단독,,,,,,,,,,전주보건대학교 위생과,TR20267750,2026-06-08,08-06-2026,0,PASS,
두두보건,DH2026384789,백만수,1937-08-14,14-08-1937,남,1,010-7571-9180,01075719180,초등학교졸업,요양보호사,,청주센터,2026-11-07,07-11-2026,AM,32000,없음,없음,,32000,신용카드,card,완료,success,접수완료,active,2026-08-19 10:47,19-08-2026 10:47,본인단독,,,,,,,,,,포항시민교육원,TR20263495,2026-03-05,05-03-2026,240,PASS,
두두보건,DH2026219146,차재호,1947-05-19,19-05-1947,남,1,010-4113-2143,01041132143,대학원졸,요양보호사,,수원센터,2026-10-05,05-10-2026,AM,32000,없음,없음,,32000,계좌이체,transfer,완료,success,접수완료,active,2026-08-18 15:50,18-08-2026 15:50,복지관,,,,,,,,,,인천시니어교육센터,TR20264218,2026-07-02,02-07-2026,240,PASS,
두두보건,DH2026741054,손정호,1950-11-01,01-11-1950,남,1,010-6570-4027,01065704027,전문대졸,위생사,,청주센터,2026-11-28,28-11-2026,AM,30000,기초생활수급자,기초수급,,30000,가상계좌,virtual,완료,success,접수완료,active,2026-08-01 15:30,01-08-2026 15:30,복지관,,,,,,,,,,전주보건대학교 위생과,TR20262272,2026-03-05,05-03-2026,0,PASS,
두두보건,DH2026090622,오계순,1944-02-08,08-02-1944,여,2,010-2462-2945,01024622945,고등학교졸업,요양보호사,,제주센터,2026-10-28,28-10-2026,PM,32000,없음,없음,,32000,가상계좌,virtual,완료,success,접수완료,active,2026-08-13 10:09,13-08-2026 10:09,복지관,,,,,,,,,,순천시니어교육원,TR20261326,2026-04-10,10-04-2026,240,PASS,
두두보건,DH2026387725,고순자,1943-10-08,08-10-1943,여,2,010-3202-2764,01032022764,초등학교졸업,요양보호사,,부산센터,2026-10-20,20-10-2026,AM,32000,없음,없음,,32000,신용카드,card,완료,success,접수완료,active,2026-08-14 21:32,14-08-2026 21:32,가족보조,,,,,,,,,,청주보건교육원,TR20266686,2026-06-13,13-06-2026,240,PASS,
두두보건,DH2026945086,우삼석,1943-07-11,11-07-1943,남,1,010-7951-6629,01079516629,중학교졸업,요양보호사,,광주센터,2026-09-22,22-09-2026,PM,32000,장애인,장애인,,32000,가상계좌,virtual,완료,success,접수완료,active,2026-08-08 09:35,08-08-2026 09:35,복지관,,,,,,,,,,대구평생교육원,TR20261390,2026-04-01,01-04-2026,240,PENDING,
두두보건,DH2026280744,송영숙,1962-10-20,20-10-1962,여,2,010-8417-1577,01084171577,전문대졸,요양보호사,,대구센터,2026-11-13,13-11-2026,AM,32000,없음,없음,,32000,계좌이체,transfer,완료,success,접수완료,active,2026-08-15 20:50,15-08-2026 20:50,복지관,,,,,,,,,,고양시평생교육원,TR20265655,2026-07-10,10-07-2026,240,PASS,
두두보건,DH2026314158,안말자,1928-11-22,22-11-1928,여,2,010-9488-2487,01094882487,대학교졸,요양보호사,,전주센터,2026-10-20,20-10-2026,PM,32000,없음,없음,,32000,신용카드,card,완료,success,접수완료,active,2026-08-17 15:51,17-08-2026 15:51,가족보조,,,,,,,,,,부산광역시요양보호사교육원,TR20267714,2026-05-26,26-05-2026,240,PASS,
두두보건,DH2026544175,류정순,1945-01-03,03-01-1945,여,2,010-9028-1947,01090281947,초등학교졸업,요양보호사,,청주센터,2026-10-14,14-10-2026,AM,32000,기초생활수급자,기초수급,,32000,가상계좌,virtual,완료,success,접수완료,active,2026-08-17 21:29,17-08-2026 21:29,복지관,,,,,,,,,,대구평생교육원,TR20264336,2026-06-15,15-06-2026,240,PASS,
두두보건,DH2026043195,류금순,1929-04-03,03-04-1929,여,2,010-7582-8145,01075828145,고등학교졸업,요양보호사,,수원센터,2026-10-04,04-10-2026,AM,32000,없음,없음,,32000,가상계좌,virtual,완료,success,접수완료,active,2026-08-16 21:29,16-08-2026 21:29,본인단독,,,,,,,,,,전주평생학습관,TR20261627,2026-04-24,24-04-2026,240,PASS,
두두보건,DH2026815744,송성호,1942-09-04,04-09-1942,남,1,010-7912-2385,01079122385,고등학교졸업,요양보호사,,수원센터,2026-09-07,07-09-2026,PM,32000,없음,없음,,32000,신용카드,card,환불,refunded,취소,cancelled,2026-08-08 11:34,08-08-2026 11:34,본인단독,,,,,,,,,,전주평생학습관,TR20263576,2026-03-03,03-03-2026,240,PASS,
두두보건,DH2026603494,배갑순,1932-12-10,10-12-1932,여,2,010-1431-7887,01014317887,전문대졸,요양보호사,,제주센터,2026-09-07,07-09-2026,AM,32000,장애인,장애인,,32000,가상계좌,virtual,완료,success,접수완료,active,2026-08-03 18:41,03-08-2026 18:41,가족보조,,,,,,,,,,제주시니어교육원,TR20263346,2026-04-04,04-04-2026,240,PASS,
두두보건,DH2026668426,성옥희,1957-09-09,09-09-1957,여,2,010-1272-3247,01012723247,대학교졸,요양보호사,,서울센터,2026-11-10,10-11-2026,AM,32000,없음,없음,,32000,신용카드,card,완료,success,접수완료,active,2026-08-06 20:51,06-08-2026 20:51,가족보조,,,,,,,,,,순천시니어교육원,TR20266276,2026-07-08,08-07-2026,240,PASS,
두두보건,DH2026384465,한복순,1929-08-21,21-08-1929,여,2,010-7014-4280,01070144280,대학교졸,위생사,,대전센터,2026-09-20,20-09-2026,PM,30000,없음,없음,,30000,신용카드,card,완료,success,접수완료,active,2026-08-12 14:59,12-08-2026 14:59,가족보조,,,,,,,,,,서울보건대학교 환경위생과,TR20268508,2026-05-27,27-05-2026,0,PASS,
두두보건,DH2026275867,권정순,1965-01-05,05-01-1965,여,2,010-5917-4244,01059174244,대학원졸,요양보호사,,제주센터,2026-11-14,14-11-2026,AM,32000,기초생활수급자,기초수급,,32000,계좌이체,transfer,완료,success,접수완료,active,2026-08-15 12:29,15-08-2026 12:29,본인단독,,,,,,,,,,대구평생교육원,TR20269655,2026-03-20,20-03-2026,240,PASS,
두두보건,DH2026114068,박운순,1956-05-26,26-05-1956,여,2,010-1216-1753,01012161753,무학,요양보호사,,대전센터,2026-11-06,06-11-2026,PM,32000,없음,없음,,32000,가상계좌,virtual,완료,success,접수완료,active,2026-08-15 20:40,15-08-2026 20:40,본인단독,,,,,,,,,,서울시립요양보호사교육원,TR20269489,2026-07-10,10-07-2026,240,PASS,
두두보건,DH2026658908,한갑순,1931-02-04,04-02-1931,여,2,010-8516-7003,01085167003,대학교졸,위생사,,제주센터,2026-09-23,23-09-2026,AM,30000,없음,없음,,30000,가상계좌,virtual,완료,success,접수완료,active,2026-08-01 14:06,01-08-2026 14:06,가족보조,,,,,,,,,,서울보건대학교 환경위생과,TR20267277,2026-05-14,14-05-2026,0,PASS,
두두보건,DH2026749569,정영자,1963-08-25,25-08-1963,여,2,010-4366-2597,01043662597,고등학교졸업,위생사,,청주센터,2026-09-06,06-09-2026,PM,30000,장애인,장애인,,30000,신용카드,card,완료,success,접수완료,active,2026-08-16 16:42,16-08-2026 16:42,복지관,,,,,,,,,,부산보건대학 위생학과,TR20260985,2026-06-01,01-06-2026,0,PASS,
두두보건,DH2026855216,문필호,1934-08-16,16-08-1934,남,1,010-1953-2003,01019532003,고등학교졸업,요양보호사,,제주센터,2026-10-19,19-10-2026,AM,32000,없음,없음,,32000,신용카드,card,완료,success,접수완료,active,2026-08-17 16:44,17-08-2026 16:44,본인단독,,,,,,,,,,청주보건교육원,TR20260629,2026-06-16,16-06-2026,240,PASS,
두두보건,DH2026097064,양인순,1930-02-20,20-02-1930,여,2,010-3213-5305,01032135305,대학교졸,요양보호사,,부산센터,2026-09-12,12-09-2026,PM,32000,없음,없음,,32000,계좌이체,transfer,완료,success,접수완료,active,2026-08-15 14:10,15-08-2026 14:10,본인단독,,,,,,,,,,포항시민교육원,TR20267784,2026-06-21,21-06-2026,240,PASS,
두두보건,DH2026209606,구동석,1947-01-04,04-01-1947,남,1,010-1196-9433,01011969433,전문대졸,위생사,,대구센터,2026-10-22,22-10-2026,PM,30000,없음,없음,,30000,계좌이체,transfer,완료,success,접수완료,active,2026-08-01 15:34,01-08-2026 15:34,가족보조,,,,,,,,,,부산보건대학 위생학과,TR20260794,2026-03-14,14-03-2026,0,PASS,
두두보건,DH2026437241,류인순,1941-11-12,12-11-1941,여,2,010-9798-2520,01097982520,고등학교졸업,요양보호사,,제주센터,2026-10-17,17-10-2026,AM,32000,없음,없음,,32000,계좌이체,transfer,완료,success,접수완료,active,2026-08-06 13:57,06-08-2026 13:57,본인단독,,,,,,,,,,전주평생학습관,TR20260374,2026-07-17,17-07-2026,240,FAIL,
두두보건,DH2026508440,한계순,1940-03-20,20-03-1940,여,2,010-6158-5732,01061585732,대학교졸,요양보호사,,제주센터,2026-10-13,13-10-2026,PM,32000,없음,없음,,32000,신용카드,card,완료,success,접수완료,active,2026-08-19 14:21,19-08-2026 14:21,복지관,,,,,,,,,,광주복지교육원,TR20264278,2026-07-15,15-07-2026,240,PASS,
두두보건,DH2026888140,고경자,1941-08-17,17-08-1941,여,2,010-8972-9527,01089729527,무학,요양보호사,,대구센터,2026-09-24,24-09-2026,AM,32000,장애인,장애인,,32000,신용카드,card,완료,success,접수완료,active,2026-08-03 09:00,03-08-2026 09:00,복지관,,,,,,,,,,대구평생교육원,TR20265138,2026-06-20,20-06-2026,240,PASS,
두두보건,DH2026448435,성옥희,1959-12-08,08-12-1959,여,2,010-5757-7143,01057577143,고등학교졸업,요양보호사,,전주센터,2026-09-20,20-09-2026,AM,32000,장애인,장애인,,32000,가상계좌,virtual,완료,success,접수완료,active,2026-08-16 21:52,16-08-2026 21:52,복지관,,,,,,,,,,전주평생학습관,TR20267141,2026-03-23,23-03-2026,240,PASS,
두두보건,DH2026457494,임정호,1944-02-09,09-02-1944,남,1,010-9636-5954,01096365954,전문대졸,요양보호사,,대구센터,2026-11-14,14-11-2026,PM,32000,없음,없음,,32000,신용카드,card,완료,success,접수완료,active,2026-08-15 13:21,15-08-2026 13:21,본인단독,,,,,,,,,,수원시니어아카데미,TR20264723,2026-06-11,11-06-2026,240,PASS,
두두보건,DH2026005189,장명자,1956-09-05,05-09-1956,여,2,010-9052-8512,01090528512,초등학교졸업,요양보호사,,부산센터,2026-11-25,25-11-2026,AM,32000,없음,없음,,32000,계좌이체,transfer,완료,success,접수완료,active,2026-08-18 13:18,18-08-2026 13:18,복지관,,,,,,,,,,순천시니어교육원,TR20264972,2026-05-17,17-05-2026,240,PASS,
두두보건,DH2026207939,서옥분,1945-12-20,20-12-1945,여,2,010-8625-2363,01086252363,고등학교졸업,위생사,,광주센터,2026-10-21,21-10-2026,AM,30000,없음,없음,,30000,가상계좌,virtual,완료,success,접수완료,active,2026-08-09 21:59,09-08-2026 21:59,본인단독,,,,,,,,,,제주보건대학 환경위생과,TR20267718,2026-06-02,02-06-2026,0,PASS,
두두보건,DH2026527231,유순옥,1938-12-28,28-12-1938,여,2,010-9998-3326,01099983326,고등학교졸업,요양보호사,,대구센터,2026-11-10,10-11-2026,PM,32000,없음,없음,,32000,가상계좌,virtual,완료,success,접수완료,active,2026-08-18 13:55,18-08-2026 13:55,복지관,,,,,,,,,,전주평생학습관,TR20269686,2026-04-15,15-04-2026,240,PASS,
두두보건,DH2026883302,우철수,1943-12-10,10-12-1943,남,1,010-3951-9301,01039519301,대학원졸,요양보호사,,대구센터,2026-10-03,03-10-2026,AM,32000,없음,없음,,32000,계좌이체,transfer,완료,success,접수완료,active,2026-08-14 14:19,14-08-2026 14:19,복지관,,,,,,,,,,대구평생교육원,TR20260318,2026-03-28,28-03-2026,240,PASS,
두두보건,DH2026842216,주상길,1958-09-08,08-09-1958,남,1,010-8083-5249,01080835249,대학교졸,위생사,,수원센터,2026-11-23,23-11-2026,PM,30000,없음,없음,,30000,가상계좌,virtual,완료,success,접수완료,active,2026-08-07 22:18,07-08-2026 22:18,복지관,,,,,,,,,,전주보건대학교 위생과,TR20262460,2026-07-11,11-07-2026,0,PASS,
두두보건,DH2026340758,민계순,1949-11-10,10-11-1949,여,2,010-9198-5130,01091985130,고등학교졸업,요양보호사,,광주센터,2026-11-12,12-11-2026,AM,32000,없음,없음,,32000,가상계좌,virtual,완료,success,접수완료,active,2026-08-13 11:16,13-08-2026 11:16,본인단독,,,,,,,,,,서울시립요양보호사교육원,TR20264584,2026-05-17,17-05-2026,240,PASS,
두두보건,DH2026180272,오종수,1928-03-06,06-03-1928,남,1,010-7095-7926,01070957926,고등학교졸업,요양보호사,,청주센터,2026-10-25,25-10-2026,PM,32000,없음,없음,,32000,계좌이체,transfer,완료,success,접수완료,active,2026-08-05 09:37,05-08-2026 09:37,본인단독,,,,,,,,,,천안시니어교육센터,TR20269194,2026-06-06,06-06-2026,240,PASS,
두두보건,DH2026802267,양복순,1946-12-15,15-12-1946,여,2,010-4477-7241,01044777241,전문대졸,위생사,,대전센터,2026-11-25,25-11-2026,AM,30000,없음,없음,,30000,가상계좌,virtual,완료,success,접수완료,active,2026-08-07 14:57,07-08-2026 14:57,가족보조,,,,,,,,,,대구보건대학교 보건위생과,TR20262286,2026-04-14,14-04-2026,0,PASS,
두두보건,DH2026201126,정운순,1955-10-24,24-10-1955,여,2,010-6019-8395,01060198395,대학교졸,위생사,,대구센터,2026-10-19,19-10-2026,PM,30000,기초생활수급자,기초수급,,30000,가상계좌,virtual,완료,success,접수완료,active,2026-08-14 11:26,14-08-2026 11:26,가족보조,,,,,,,,,,인천보건대 환경보건과,TR20263298,2026-03-15,15-03-2026,0,PASS,
두두보건,DH2026646701,권동석,1952-09-08,08-09-1952,남,1,010-5451-9712,01054519712,고등학교졸업,요양보호사,,대구센터,2026-11-18,18-11-2026,PM,32000,장애인,장애인,,32000,신용카드,card,완료,success,접수완료,active,2026-08-06 16:51,06-08-2026 16:51,가족보조,,,,,,,,,,청주보건교육원,TR20266130,2026-04-23,23-04-2026,240,PASS,
두두보건,DH2026138437,허옥분,1936-07-11,11-07-1936,여,2,010-9812-1717,01098121717,고등학교졸업,요양보호사,,광주센터,2026-10-05,05-10-2026,PM,32000,장애인,장애인,,32000,신용카드,card,완료,success,접수완료,active,2026-08-18 21:40,18-08-2026 21:40,복지관,,,,,,,,,,광주복지교육원,TR20268571,2026-05-07,07-05-2026,240,PASS,
두두보건,DH2026167820,심근호,1961-12-26,26-12-1961,남,1,010-7103-7151,01071037151,대학원졸,위생사,,제주센터,2026-10-02,02-10-2026,PM,30000,없음,없음,,30000,가상계좌,virtual,완료,success,접수완료,active,2026-08-01 22:14,01-08-2026 22:14,복지관,,,,,,,,,,대구보건대학교 보건위생과,TR20265806,2026-05-26,26-05-2026,0,PASS,
두두보건,DH2026676004,강춘희,1956-05-20,20-05-1956,여,2,010-6821-8556,01068218556,고등학교졸업,요양보호사,,전주센터,2026-11-12,12-11-2026,AM,32000,없음,없음,,32000,가상계좌,virtual,완료,success,접수완료,active,2026-08-06 11:22,06-08-2026 11:22,본인단독,,,,,,,,,,대전실버교육원,TR20261046,2026-05-26,26-05-2026,240,PASS,
두두보건,DH2026394131,민영수,1928-12-27,27-12-1928,남,1,010-3987-9137,01039879137,고등학교졸업,요양보호사,,대구센터,2026-10-02,02-10-2026,PM,32000,없음,없음,,32000,신용카드,card,환불,refunded,취소,cancelled,2026-08-07 21:21,07-08-2026 21:21,가족보조,,,,,,,,,,순천시니어교육원,TR20265374,2026-04-17,17-04-2026,240,FAIL,
두두보건,DH2026123049,하상길,1942-12-28,28-12-1942,남,1,010-2196-2180,01021962180,고등학교졸업,요양보호사,,수원센터,2026-11-09,09-11-2026,PM,32000,없음,없음,,32000,계좌이체,transfer,완료,success,접수완료,active,2026-08-12 19:57,12-08-2026 19:57,본인단독,,,,,,,,,,대전실버교육원,TR20261629,2026-06-25,25-06-2026,240,PASS,
두두보건,DH2026667934,황인순,1963-03-09,09-03-1963,여,2,010-4463-4248,01044634248,대학교졸,위생사,,제주센터,2026-10-01,01-10-2026,PM,30000,장애인,장애인,,30000,신용카드,card,완료,success,접수완료,active,2026-08-10 20:53,10-08-2026 20:53,본인단독,,,,,,,,,,전주보건대학교 위생과,TR20268317,2026-05-24,24-05-2026,0,PASS,
두두보건,DH2026157587,노점순,1931-07-14,14-07-1931,여,2,010-9852-5022,01098525022,대학교졸,요양보호사,,대구센터,2026-11-24,24-11-2026,PM,32000,없음,없음,,32000,계좌이체,transfer,대기,pending,결제대기,pending,2026-08-19 09:44,19-08-2026 09:44,가족보조,,,,,,,,,,전주평생학습관,TR20260861,2026-06-03,03-06-2026,240,PASS,
두두보건,DH2026277735,안갑수,1947-03-13,13-03-1947,남,1,010-2089-6712,01020896712,대학원졸,요양보호사,,전주센터,2026-10-26,26-10-2026,AM,32000,장애인,장애인,,32000,가상계좌,virtual,완료,success,접수완료,active,2026-08-11 21:31,11-08-2026 21:31,본인단독,,,,,,,,,,춘천노인복지교육센터,TR20263746,2026-05-09,09-05-2026,240,PASS,
두두보건,DH2026114316,양필순,1941-02-23,23-02-1941,여,2,010-4233-8671,01042338671,고등학교졸업,요양보호사,,제주센터,2026-11-20,20-11-2026,AM,32000,없음,없음,,32000,계좌이체,transfer,환불,refunded,취소,cancelled,2026-08-12 21:05,12-08-2026 21:05,본인단독,,,,,,,,,,인천시니어교육센터,TR20260013,2026-04-20,20-04-2026,240,PASS,
두두보건,DH2026208995,전운순,1939-04-21,21-04-1939,여,2,010-1154-3877,01011543877,초등학교졸업,위생사,,광주센터,2026-09-12,12-09-2026,AM,30000,없음,없음,,30000,계좌이체,transfer,완료,success,접수완료,active,2026-08-08 20:47,08-08-2026 20:47,본인단독,,,,,,,,,,광주보건대학교 위생과,TR20260825,2026-05-09,09-05-2026,0,PASS,
두두보건,DH2026144699,강병수,1934-10-12,12-10-1934,남,1,010-5790-6621,01057906621,고등학교졸업,요양보호사,,전주센터,2026-10-23,23-10-2026,AM,32000,장애인,장애인,,32000,신용카드,card,완료,success,접수완료,active,2026-08-13 12:32,13-08-2026 12:32,복지관,,,,,,,,,,대구평생교육원,TR20261863,2026-04-04,04-04-2026,240,PASS,
두두보건,DH2026067181,박필호,1936-11-08,08-11-1936,남,1,010-8050-8289,01080508289,초등학교졸업,요양보호사,,청주센터,2026-09-10,10-09-2026,PM,32000,없음,없음,,32000,신용카드,card,완료,success,접수완료,active,2026-08-06 21:46,06-08-2026 21:46,가족보조,,,,,,,,,,성남시립간호조무사교육원,TR20267840,2026-05-05,05-05-2026,240,PASS,
두두보건,DH2026954917,유만복,1961-05-23,23-05-1961,남,1,010-9816-6072,01098166072,대학교졸,요양보호사,,수원센터,2026-09-28,28-09-2026,PM,32000,없음,없음,,32000,계좌이체,transfer,완료,success,접수완료,active,2026-08-11 19:54,11-08-2026 19:54,복지관,,,,,,,,,,수원시니어아카데미,TR20267251,2026-07-19,19-07-2026,240,PASS,
두두보건,DH2026220118,하두만,1961-06-03,03-06-1961,남,1,010-4334-3329,01043343329,중학교졸업,요양보호사,,광주센터,2026-09-04,04-09-2026,AM,32000,기초생활수급자,기초수급,,32000,계좌이체,transfer,완료,success,접수완료,active,2026-08-13 09:49,13-08-2026 09:49,가족보조,,,,,,,,,,천안시니어교육센터,TR20262076,2026-05-19,19-05-2026,240,PASS,
두두보건,DH2026624413,양순자,1941-05-19,19-05-1941,여,2,010-7213-5296,01072135296,고등학교졸업,위생사,,광주센터,2026-09-15,15-09-2026,PM,30000,없음,없음,,30000,신용카드,card,완료,success,접수완료,active,2026-08-03 14:37,03-08-2026 14:37,복지관,,,,,,,,,,전주보건대학교 위생과,TR20260319,2026-05-18,18-05-2026,0,PASS,
두두보건,DH2026895980,이점순,1933-02-26,26-02-1933,여,2,010-6227-3590,01062273590,중학교졸업,위생사,,전주센터,2026-11-07,07-11-2026,AM,30000,없음,없음,,30000,가상계좌,virtual,완료,success,접수완료,active,2026-08-05 16:04,05-08-2026 16:04,복지관,,,,,,,,,,제주보건대학 환경위생과,TR20261702,2026-05-06,06-05-2026,0,PASS,
두두보건,DH2026675272,홍금순,1931-08-09,09-08-1931,여,2,010-6075-1312,01060751312,전문대졸,요양보호사,,제주센터,2026-10-06,06-10-2026,AM,32000,없음,없음,,32000,계좌이체,transfer,완료,success,접수완료,active,2026-08-04 22:40,04-08-2026 22:40,본인단독,,,,,,,,,,광주복지교육원,TR20267882,2026-03-09,09-03-2026,240,PASS,
두두보건,DH2026046142,안상길,1951-09-16,16-09-1951,남,1,010-8907-3315,01089073315,고등학교졸업,위생사,,대전센터,2026-10-23,23-10-2026,PM,30000,장애인,장애인,,30000,신용카드,card,완료,success,접수완료,active,2026-08-08 11:57,08-08-2026 11:57,복지관,,,,,,,,,,전주보건대학교 위생과,TR20268249,2026-06-26,26-06-2026,0,PASS,
두두보건,DH2026743391,황만복,1935-08-24,24-08-1935,남,1,010-1085-2919,01010852919,고등학교졸업,요양보호사,,전주센터,2026-11-18,18-11-2026,AM,32000,장애인,장애인,,32000,가상계좌,virtual,완료,success,접수완료,active,2026-08-05 20:22,05-08-2026 20:22,복지관,,,,,,,,,,수원시니어아카데미,TR20262956,2026-07-21,21-07-2026,240,PASS,
두두보건,DH2026064092,남동석,1946-09-03,03-09-1946,남,1,010-5609-9358,01056099358,전문대졸,위생사,,청주센터,2026-10-04,04-10-2026,PM,30000,기초생활수급자,기초수급,,30000,가상계좌,virtual,대기,pending,결제대기,pending,2026-08-19 22:50,19-08-2026 22:50,복지관,,,,,,,,,,전주보건대학교 위생과,TR20265755,2026-07-25,25-07-2026,0,PASS,
두두보건,DH2026085964,양정순,1944-02-27,27-02-1944,여,2,010-2061-2262,01020612262,중학교졸업,요양보호사,,제주센터,2026-11-09,09-11-2026,AM,32000,없음,없음,,32000,가상계좌,virtual,완료,success,접수완료,active,2026-08-06 10:08,06-08-2026 10:08,복지관,,,,,,,,,,전주평생학습관,TR20262560,2026-04-20,20-04-2026,240,PASS,
두두보건,DH2026380790,조근호,1942-01-05,05-01-1942,남,1,010-7136-2643,01071362643,전문대졸,위생사,,서울센터,2026-10-07,07-10-2026,AM,30000,없음,없음,,30000,가상계좌,virtual,대기,pending,결제대기,pending,2026-08-09 12:10,09-08-2026 12:10,가족보조,,,,,,,,,,전주보건대학교 위생과,TR20260249,2026-06-23,23-06-2026,0,PASS,
두두보건,DH2026964927,정정호,1962-05-04,04-05-1962,남,1,010-2933-9157,01029339157,초등학교졸업,요양보호사,,청주센터,2026-10-24,24-10-2026,PM,32000,기초생활수급자,기초수급,,32000,계좌이체,transfer,완료,success,접수완료,active,2026-08-13 21:47,13-08-2026 21:47,가족보조,,,,,,,,,,인천시니어교육센터,TR20268308,2026-07-25,25-07-2026,240,PASS,
두두보건,DH2026007500,권운순,1953-05-26,26-05-1953,여,2,010-6843-7606,01068437606,중학교졸업,위생사,,청주센터,2026-10-09,09-10-2026,PM,30000,없음,없음,,30000,가상계좌,virtual,완료,success,접수완료,active,2026-08-18 13:22,18-08-2026 13:22,복지관,,,,,,,,,,전주보건대학교 위생과,TR20268628,2026-05-17,17-05-2026,0,PASS,
두두보건,DH2026142239,남갑수,1962-04-03,03-04-1962,남,1,010-4171-8220,01041718220,중학교졸업,위생사,,전주센터,2026-10-25,25-10-2026,PM,30000,없음,없음,,30000,계좌이체,transfer,완료,success,접수완료,active,2026-08-04 21:15,04-08-2026 21:15,복지관,,,,,,,,,,전주보건대학교 위생과,TR20267757,2026-07-20,20-07-2026,0,PASS,
두두보건,DH2026271536,전점순,1943-05-17,17-05-1943,여,2,010-4674-4064,01046744064,초등학교졸업,요양보호사,,서울센터,2026-11-25,25-11-2026,AM,32000,없음,없음,,32000,가상계좌,virtual,완료,success,접수완료,active,2026-08-16 22:58,16-08-2026 22:58,복지관,,,,,,,,,,춘천노인복지교육센터,TR20268595,2026-04-10,10-04-2026,240,PASS,
두두보건,DH2026903995,하계순,1944-01-20,20-01-1944,여,2,010-6915-7971,01069157971,전문대졸,요양보호사,,부산센터,2026-10-06,06-10-2026,AM,32000,없음,없음,,32000,계좌이체,transfer,완료,success,접수완료,active,2026-08-13 09:48,13-08-2026 09:48,본인단독,,,,,,,,,,성남시립간호조무사교육원,TR20265497,2026-06-06,06-06-2026,240,PASS,
두두보건,DH2026283397,최영자,1938-11-26,26-11-1938,여,2,010-8555-6304,01085556304,고등학교졸업,요양보호사,,제주센터,2026-09-15,15-09-2026,AM,32000,없음,없음,,32000,가상계좌,virtual,완료,success,접수완료,active,2026-08-17 09:43,17-08-2026 09:43,본인단독,,,,,,,,,,청주보건교육원,TR20261260,2026-07-07,07-07-2026,240,PASS,
두두보건,DH2026030718,주동호,1932-12-19,19-12-1932,남,1,010-2381-4451,01023814451,고등학교졸업,요양보호사,,청주센터,2026-09-12,12-09-2026,AM,32000,없음,없음,,32000,계좌이체,transfer,완료,success,접수완료,active,2026-08-08 20:01,08-08-2026 20:01,본인단독,,,,,,,,,,천안시니어교육센터,TR20262514,2026-07-19,19-07-2026,240,PASS,
두두보건,DH2026154548,고옥희,1964-06-23,23-06-1964,여,2,010-5699-9602,01056999602,중학교졸업,요양보호사,,전주센터,2026-11-01,01-11-2026,AM,32000,없음,없음,,32000,계좌이체,transfer,완료,success,접수완료,active,2026-08-10 16:16,10-08-2026 16:16,가족보조,,,,,,,,,,부산광역시요양보호사교육원,TR20264038,2026-06-15,15-06-2026,240,PASS,
두두보건,DH2026317792,양순옥,1948-05-18,18-05-1948,여,2,010-1249-9577,01012499577,대학교졸,위생사,,서울센터,2026-10-23,23-10-2026,AM,30000,없음,없음,,30000,계좌이체,transfer,완료,success,접수완료,active,2026-08-02 18:05,02-08-2026 18:05,가족보조,,,,,,,,,,수원보건대학 환경보건과,TR20263945,2026-05-19,19-05-2026,0,PASS,
두두보건,DH2026151877,성갑수,1944-12-14,14-12-1944,남,1,010-5974-3998,01059743998,전문대졸,요양보호사,,대구센터,2026-09-22,22-09-2026,PM,32000,없음,없음,,32000,가상계좌,virtual,완료,success,접수완료,active,2026-08-13 11:56,13-08-2026 11:56,본인단독,,,,,,,,,,인천시니어교육센터,TR20262649,2026-06-25,25-06-2026,240,PASS,
두두보건,DH2026134008,강정순,1958-03-02,02-03-1958,여,2,010-2055-1305,01020551305,전문대졸,요양보호사,,광주센터,2026-11-07,07-11-2026,PM,32000,없음,없음,,32000,가상계좌,virtual,완료,success,접수완료,active,2026-08-08 17:05,08-08-2026 17:05,가족보조,,,,,,,,,,순천시니어교육원,TR20260552,2026-04-03,03-04-2026,240,PASS,
두두보건,DH2026861387,백정호,1957-01-14,14-01-1957,남,1,010-9148-3100,01091483100,전문대졸,요양보호사,,청주센터,2026-11-14,14-11-2026,AM,32000,없음,없음,,32000,가상계좌,virtual,환불,refunded,취소,cancelled,2026-08-17 19:13,17-08-2026 19:13,복지관,,,,,,,,,,전주평생학습관,TR20264001,2026-07-11,11-07-2026,240,PASS,
두두보건,DH2026212619,임선옥,1946-06-11,11-06-1946,여,2,010-5330-5705,01053305705,대학교졸,요양보호사,,대전센터,2026-10-03,03-10-2026,AM,32000,없음,없음,,32000,계좌이체,transfer,완료,success,접수완료,active,2026-08-13 12:06,13-08-2026 12:06,본인단독,,,,,,,,,,부산광역시요양보호사교육원,TR20264568,2026-07-06,06-07-2026,240,PASS,
두두보건,DH2026441545,오정순,1930-12-28,28-12-1930,여,2,010-1435-7226,01014357226,대학교졸,위생사,,제주센터,2026-10-04,04-10-2026,AM,30000,없음,없음,,30000,가상계좌,virtual,환불,refunded,취소,cancelled,2026-08-03 21:58,03-08-2026 21:58,복지관,,,,,,,,,,광주보건대학교 위생과,TR20262070,2026-04-22,22-04-2026,0,PASS,
두두보건,DH2026238595,서춘자,1954-10-22,22-10-1954,여,2,010-9254-5844,01092545844,고등학교졸업,요양보호사,,전주센터,2026-10-05,05-10-2026,AM,32000,없음,없음,,32000,계좌이체,transfer,환불,refunded,취소,cancelled,2026-08-10 20:43,10-08-2026 20:43,가족보조,,,,,,,,,,창원노인복지관교육부,TR20266681,2026-03-26,26-03-2026,240,PASS,
두두보건,DH2026237625,손옥희,1948-06-27,27-06-1948,여,2,010-6087-5411,01060875411,대학교졸,요양보호사,,부산센터,2026-09-15,15-09-2026,PM,32000,없음,없음,,32000,가상계좌,virtual,완료,success,접수완료,active,2026-08-18 22:59,18-08-2026 22:59,가족보조,,,,,,,,,,순천시니어교육원,TR20263798,2026-06-12,12-06-2026,240,PASS,
두두보건,DH2026646681,황일남,1957-01-28,28-01-1957,남,1,010-1262-5131,01012625131,대학원졸,위생사,,부산센터,2026-10-20,20-10-2026,AM,30000,기초생활수급자,기초수급,,30000,가상계좌,virtual,완료,success,접수완료,active,2026-08-06 09:31,06-08-2026 09:31,가족보조,,,,,,,,,,대구보건대학교 보건위생과,TR20267215,2026-03-14,14-03-2026,0,PASS,
두두보건,DH2026944603,곽영수,1963-10-27,27-10-1963,남,1,010-7609-2283,01076092283,전문대졸,요양보호사,,대전센터,2026-11-12,12-11-2026,AM,32000,없음,없음,,32000,계좌이체,transfer,완료,success,접수완료,active,2026-08-07 21:52,07-08-2026 21:52,복지관,,,,,,,,,,순천시니어교육원,TR20264115,2026-03-25,25-03-2026,240,PASS,
두두보건,DH2026158583,하봉숙,1934-07-07,07-07-1934,여,2,010-3689-6180,01036896180,대학교졸,요양보호사,,수원센터,2026-09-14,14-09-2026,PM,32000,장애인,장애인,,32000,계좌이체,transfer,완료,success,접수완료,active,2026-08-19 16:46,19-08-2026 16:46,본인단독,,,,,,,,,,인천시니어교육센터,TR20266574,2026-03-04,04-03-2026,240,PASS,
두두보건,DH2026724504,임춘희,1936-02-21,21-02-1936,여,2,010-9223-7660,01092237660,고등학교졸업,요양보호사,,서울센터,2026-10-07,07-10-2026,AM,32000,없음,없음,,32000,신용카드,card,환불,refunded,취소,cancelled,2026-08-11 14:57,11-08-2026 14:57,복지관,,,,,,,,,,경기도요양보호사교육원,TR20264931,2026-06-03,03-06-2026,240,PASS,
두두보건,DH2026132108,허일남,1928-02-05,05-02-1928,남,1,010-3906-2343,01039062343,중학교졸업,요양보호사,,광주센터,2026-09-03,03-09-2026,PM,32000,기초생활수급자,기초수급,,32000,가상계좌,virtual,완료,success,접수완료,active,2026-08-17 12:35,17-08-2026 12:35,본인단독,,,,,,,,,,성남시립간호조무사교육원,TR20261861,2026-05-19,19-05-2026,240,PASS,
두두보건,DH2026859739,성일남,1958-05-25,25-05-1958,남,1,010-7655-9329,01076559329,전문대졸,요양보호사,,부산센터,2026-10-19,19-10-2026,AM,32000,없음,없음,,32000,신용카드,card,대기,pending,결제대기,pending,2026-08-08 09:51,08-08-2026 09:51,본인단독,,,,,,,,,,부산광역시요양보호사교육원,TR20262007,2026-03-04,04-03-2026,240,PASS,
두두보건,DH2026099462,남원호,1960-02-23,23-02-1960,남,1,010-4690-4927,01046904927,무학,요양보호사,,수원센터,2026-11-23,23-11-2026,AM,32000,없음,없음,,32000,계좌이체,transfer,완료,success,접수완료,active,2026-08-03 11:15,03-08-2026 11:15,가족보조,,,,,,,,,,수원시니어아카데미,TR20261727,2026-04-17,17-04-2026,240,PASS,
두두보건,DH2026202761,우재호,1943-11-05,05-11-1943,남,1,010-4082-8137,01040828137,고등학교졸업,요양보호사,,수원센터,2026-11-01,01-11-2026,AM,32000,없음,없음,,32000,계좌이체,transfer,완료,success,접수완료,active,2026-08-17 14:23,17-08-2026 14:23,가족보조,,,,,,,,,,대구평생교육원,TR20266279,2026-05-01,01-05-2026,240,PASS,
두두보건,DH2026712535,우갑순,1956-07-17,17-07-1956,여,2,010-2686-4558,01026864558,중학교졸업,요양보호사,,부산센터,2026-09-08,08-09-2026,AM,32000,없음,없음,,32000,계좌이체,transfer,완료,success,접수완료,active,2026-08-10 17:21,10-08-2026 17:21,본인단독,,,,,,,,,,포항시민교육원,TR20267761,2026-07-02,02-07-2026,240,PASS,
두두보건,DH2026908480,심옥분,1944-01-17,17-01-1944,여,2,010-9574-1786,01095741786,고등학교졸업,요양보호사,,대구센터,2026-11-05,05-11-2026,PM,32000,장애인,장애인,,32000,신용카드,card,완료,success,접수완료,active,2026-08-02 11:11,02-08-2026 11:11,본인단독,,,,,,,,,,제주시니어교육원,TR20264857,2026-04-28,28-04-2026,240,PASS,
두두보건,DH2026494835,노갑순,1938-11-18,18-11-1938,여,2,010-8362-5506,01083625506,고등학교졸업,요양보호사,,부산센터,2026-09-11,11-09-2026,AM,32000,기초생활수급자,기초수급,,32000,계좌이체,transfer,완료,success,접수완료,active,2026-08-10 19:38,10-08-2026 19:38,본인단독,,,,,,,,,,창원노인복지관교육부,TR20265351,2026-06-16,16-06-2026,240,PASS,
두두보건,DH2026826544,한정순,1939-09-25,25-09-1939,여,2,010-9762-5292,01097625292,중학교졸업,요양보호사,,청주센터,2026-09-14,14-09-2026,PM,32000,없음,없음,,32000,신용카드,card,환불,refunded,취소,cancelled,2026-08-04 15:28,04-08-2026 15:28,본인단독,,,,,,,,,,수원시니어아카데미,TR20263345,2026-07-27,27-07-2026,240,PASS,
두두보건,DH2026845298,류순자,1931-12-26,26-12-1931,여,2,010-3369-3895,01033693895,전문대졸,요양보호사,,광주센터,2026-11-13,13-11-2026,AM,32000,없음,없음,,32000,계좌이체,transfer,완료,success,접수완료,active,2026-08-05 16:09,05-08-2026 16:09,가족보조,,,,,,,,,,광주복지교육원,TR20261459,2026-07-14,14-07-2026,240,PENDING,
두두보건,DH2026638255,심태호,1929-02-12,12-02-1929,남,1,010-2796-9298,01027969298,초등학교졸업,요양보호사,,서울센터,2026-09-04,04-09-2026,AM,32000,장애인,장애인,,32000,신용카드,card,완료,success,접수완료,active,2026-08-13 21:40,13-08-2026 21:40,복지관,,,,,,,,,,경기도요양보호사교육원,TR20268540,2026-06-05,05-06-2026,240,PASS,
두두보건,DH2026985346,서태호,1929-08-22,22-08-1929,남,1,010-8692-6039,01086926039,대학교졸,위생사,,대구센터,2026-11-14,14-11-2026,AM,30000,없음,없음,,30000,신용카드,card,완료,success,접수완료,active,2026-08-08 12:10,08-08-2026 12:10,복지관,,,,,,,,,,광주보건대학교 위생과,TR20265413,2026-03-20,20-03-2026,0,PASS,
두두보건,DH2026762037,남정자,1963-11-09,09-11-1963,여,2,010-6121-6410,01061216410,고등학교졸업,요양보호사,,청주센터,2026-09-23,23-09-2026,AM,32000,없음,없음,,32000,계좌이체,transfer,완료,success,접수완료,active,2026-08-08 10:47,08-08-2026 10:47,가족보조,,,,,,,,,,창원노인복지관교육부,TR20263155,2026-06-08,08-06-2026,240,PASS,
두두보건,DH2026219081,양정자,1966-04-05,05-04-1966,여,2,010-2810-2926,01028102926,초등학교졸업,요양보호사,,제주센터,2026-10-05,05-10-2026,AM,32000,없음,없음,,32000,계좌이체,transfer,완료,success,접수완료,active,2026-08-06 21:06,06-08-2026 21:06,복지관,,,,,,,,,,서울시립요양보호사교육원,TR20264090,2026-07-11,11-07-2026,240,PASS,
두두보건,DH2026821698,황상원,1955-03-15,15-03-1955,남,1,010-6077-7067,01060777067,고등학교졸업,요양보호사,,대전센터,2026-11-26,26-11-2026,PM,32000,없음,없음,,32000,가상계좌,virtual,완료,success,접수완료,active,2026-08-15 13:00,15-08-2026 13:00,복지관,,,,,,,,,,대구평생교육원,TR20268221,2026-07-18,18-07-2026,240,PASS,
두두보건,DH2026805382,박용기,1938-04-10,10-04-1938,남,1,010-6655-3760,01066553760,대학원졸,요양보호사,,부산센터,2026-11-19,19-11-2026,AM,32000,없음,없음,,32000,계좌이체,transfer,완료,success,접수완료,active,2026-08-03 09:08,03-08-2026 09:08,복지관,,,,,,,,,,광주복지교육원,TR20262732,2026-05-12,12-05-2026,240,PASS,
두두보건,DH2026550962,문영숙,1957-06-12,12-06-1957,여,2,010-2791-8261,01027918261,중학교졸업,요양보호사,,광주센터,2026-10-06,06-10-2026,PM,32000,없음,없음,,32000,신용카드,card,대기,pending,결제대기,pending,2026-08-08 13:23,08-08-2026 13:23,가족보조,,,,,,,,,,제주시니어교육원,TR20262060,2026-04-06,06-04-2026,240,PASS,
두두보건,DH2026471777,황점순,1932-01-05,05-01-1932,여,2,010-4738-1782,01047381782,초등학교졸업,요양보호사,,청주센터,2026-09-24,24-09-2026,AM,32000,없음,없음,,32000,신용카드,card,완료,success,접수완료,active,2026-08-16 12:51,16-08-2026 12:51,가족보조,,,,,,,,,,성남시립간호조무사교육원,TR20265619,2026-07-10,10-07-2026,240,PASS,
두두보건,DH2026249576,윤만수,1935-03-23,23-03-1935,남,1,010-5115-4140,01051154140,중학교졸업,요양보호사,,대구센터,2026-10-13,13-10-2026,AM,32000,없음,없음,,32000,신용카드,card,환불,refunded,취소,cancelled,2026-08-08 09:29,08-08-2026 09:29,가족보조,,,,,,,,,,춘천노인복지교육센터,TR20261199,2026-04-20,20-04-2026,240,PASS,
두두보건,DH2026090494,성귀순,1962-04-22,22-04-1962,여,2,010-4425-8914,01044258914,대학교졸,요양보호사,,청주센터,2026-11-03,03-11-2026,AM,32000,없음,없음,,32000,신용카드,card,완료,success,접수완료,active,2026-08-09 21:13,09-08-2026 21:13,복지관,,,,,,,,,,경기도요양보호사교육원,TR20263170,2026-06-23,23-06-2026,240,PASS,
두두보건,DH2026263857,최동호,1955-05-01,01-05-1955,남,1,010-2517-5923,01025175923,고등학교졸업,요양보호사,,제주센터,2026-10-04,04-10-2026,PM,32000,없음,없음,,32000,계좌이체,transfer,완료,success,접수완료,active,2026-08-08 18:34,08-08-2026 18:34,가족보조,,,,,,,,,,고양시평생교육원,TR20265594,2026-06-27,27-06-2026,240,FAIL,
두두보건,DH2026455531,홍만수,1960-12-20,20-12-1960,남,1,010-8287-2935,01082872935,중학교졸업,요양보호사,,제주센터,2026-11-21,21-11-2026,PM,32000,없음,없음,,32000,계좌이체,transfer,완료,success,접수완료,active,2026-08-10 13:19,10-08-2026 13:19,복지관,,,,,,,,,,광주복지교육원,TR20266973,2026-04-01,01-04-2026,240,PASS,
두두보건,DH2026064359,안철수,1933-10-02,02-10-1933,남,1,010-7251-5859,01072515859,고등학교졸업,요양보호사,,서울센터,2026-10-26,26-10-2026,PM,32000,없음,없음,,32000,계좌이체,transfer,완료,success,접수완료,active,2026-08-14 16:07,14-08-2026 16:07,복지관,,,,,,,,,,전주평생학습관,TR20268364,2026-03-17,17-03-2026,240,PASS,
두두보건,DH2026371261,남기철,1955-04-12,12-04-1955,남,1,010-6583-3453,01065833453,고등학교졸업,요양보호사,,서울센터,2026-09-11,11-09-2026,AM,32000,없음,없음,,32000,신용카드,card,환불,refunded,취소,cancelled,2026-08-05 14:37,05-08-2026 14:37,복지관,,,,,,,,,,부산광역시요양보호사교육원,TR20268797,2026-05-09,09-05-2026,240,PASS,
두두보건,DH2026223458,심순자,1930-06-06,06-06-1930,여,2,010-6524-9414,01065249414,고등학교졸업,요양보호사,,전주센터,2026-09-22,22-09-2026,AM,32000,없음,없음,,32000,계좌이체,transfer,완료,success,접수완료,active,2026-08-04 09:34,04-08-2026 09:34,본인단독,,,,,,,,,,제주시니어교육원,TR20261106,2026-06-22,22-06-2026,240,PASS,
두두보건,DH2026019418,김순자,1929-11-19,19-11-1929,여,2,010-3782-7350,01037827350,고등학교졸업,요양보호사,,전주센터,2026-11-17,17-11-2026,PM,32000,없음,없음,,32000,계좌이체,transfer,완료,success,접수완료,active,2026-08-14 16:18,14-08-2026 16:18,본인단독,,,,,,,,,,창원노인복지관교육부,TR20260395,2026-05-12,12-05-2026,240,PASS,
두두보건,DH2026693314,서경자,1929-02-26,26-02-1929,여,2,010-9709-2521,01097092521,고등학교졸업,요양보호사,,전주센터,2026-10-24,24-10-2026,PM,32000,없음,없음,,32000,신용카드,card,환불,refunded,취소,cancelled,2026-08-16 09:14,16-08-2026 09:14,가족보조,,,,,,,,,,천안시니어교육센터,TR20261550,2026-04-14,14-04-2026,240,PASS,
두두보건,DH2026451687,차철수,1946-07-08,08-07-1946,남,1,010-3963-5814,01039635814,대학원졸,요양보호사,,서울센터,2026-11-08,08-11-2026,AM,32000,없음,없음,,32000,가상계좌,virtual,완료,success,접수완료,active,2026-08-06 16:11,06-08-2026 16:11,복지관,,,,,,,,,,부산광역시요양보호사교육원,TR20263015,2026-07-25,25-07-2026,240,PASS,
두두보건,DH2026369873,전재호,1928-04-18,18-04-1928,남,1,010-4032-8664,01040328664,무학,요양보호사,,광주센터,2026-11-20,20-11-2026,PM,32000,없음,없음,,32000,신용카드,card,완료,success,접수완료,active,2026-08-12 14:43,12-08-2026 14:43,복지관,,,,,,,,,,포항시민교육원,TR20266964,2026-05-01,01-05-2026,240,PASS,
두두보건,DH2026425814,우춘희,1948-08-26,26-08-1948,여,2,010-5926-2508,01059262508,고등학교졸업,위생사,,대전센터,2026-10-01,01-10-2026,PM,30000,없음,없음,,30000,신용카드,card,완료,success,접수완료,active,2026-08-04 10:45,04-08-2026 10:45,본인단독,,,,,,,,,,서울보건대학교 환경위생과,TR20262895,2026-05-25,25-05-2026,0,PASS,
두두보건,DH2026775710,김만수,1932-09-05,05-09-1932,남,1,010-9330-4617,01093304617,중학교졸업,요양보호사,,대구센터,2026-10-22,22-10-2026,AM,32000,없음,없음,,32000,신용카드,card,완료,success,접수완료,active,2026-08-05 13:40,05-08-2026 13:40,복지관,,,,,,,,,,부산광역시요양보호사교육원,TR20263694,2026-05-08,08-05-2026,240,PASS,
두두보건,DH2026438490,심갑수,1964-04-04,04-04-1964,남,1,010-3674-7565,01036747565,고등학교졸업,요양보호사,,부산센터,2026-11-22,22-11-2026,PM,32000,없음,없음,,32000,계좌이체,transfer,완료,success,접수완료,active,2026-08-11 20:09,11-08-2026 20:09,복지관,,,,,,,,,,인천시니어교육센터,TR20269279,2026-07-26,26-07-2026,240,PASS,
두두보건,DH2026097890,민계순,1937-02-08,08-02-1937,여,2,010-1311-3949,01013113949,초등학교졸업,위생사,,대전센터,2026-11-26,26-11-2026,PM,30000,없음,없음,,30000,가상계좌,virtual,완료,success,접수완료,active,2026-08-02 13:33,02-08-2026 13:33,가족보조,,,,,,,,,,대구보건대학교 보건위생과,TR20263923,2026-07-23,23-07-2026,0,PASS,
두두보건,DH2026902363,오기철,1964-03-04,04-03-1964,남,1,010-2668-5200,01026685200,무학,위생사,,청주센터,2026-10-04,04-10-2026,AM,30000,없음,없음,,30000,신용카드,card,완료,success,접수완료,active,2026-08-01 14:36,01-08-2026 14:36,가족보조,,,,,,,,,,대전보건대학 환경위생학과,TR20267171,2026-05-14,14-05-2026,0,PASS,
두두보건,DH2026742375,정정호,1932-04-16,16-04-1932,남,1,010-7149-8733,01071498733,고등학교졸업,위생사,,광주센터,2026-09-02,02-09-2026,AM,30000,없음,없음,,30000,신용카드,card,완료,success,접수완료,active,2026-08-14 16:46,14-08-2026 16:46,복지관,,,,,,,,,,대구보건대학교 보건위생과,TR20261846,2026-05-20,20-05-2026,0,FAIL,
두두보건,DH2026365237,하운순,1951-11-03,03-11-1951,여,2,010-7646-9896,01076469896,고등학교졸업,요양보호사,,대구센터,2026-10-21,21-10-2026,AM,32000,장애인,장애인,,32000,가상계좌,virtual,대기,pending,결제대기,pending,2026-08-05 19:47,05-08-2026 19:47,복지관,,,,,,,,,,대전실버교육원,TR20269885,2026-06-08,08-06-2026,240,PASS,
두두보건,DH2026076244,손태호,1966-08-03,03-08-1966,남,1,010-1343-2631,01013432631,대학교졸,위생사,,청주센터,2026-11-14,14-11-2026,PM,30000,없음,없음,,30000,가상계좌,virtual,환불,refunded,취소,cancelled,2026-08-07 22:17,07-08-2026 22:17,복지관,,,,,,,,,,제주보건대학 환경위생과,TR20269313,2026-06-03,03-06-2026,0,PASS,
두두보건,DH2026218904,곽광수,1942-12-07,07-12-1942,남,1,010-4562-5994,01045625994,대학원졸,요양보호사,,대구센터,2026-09-02,02-09-2026,PM,32000,없음,없음,,32000,가상계좌,virtual,완료,success,접수완료,active,2026-08-10 13:28,10-08-2026 13:28,본인단독,,,,,,,,,,제주시니어교육원,TR20269054,2026-04-22,22-04-2026,240,PENDING,
두두보건,DH2026026562,강상길,1964-01-06,06-01-1964,남,1,010-3858-2418,01038582418,전문대졸,요양보호사,,전주센터,2026-10-06,06-10-2026,PM,32000,없음,없음,,32000,가상계좌,virtual,완료,success,접수완료,active,2026-08-09 20:23,09-08-2026 20:23,복지관,,,,,,,,,,청주보건교육원,TR20266382,2026-05-14,14-05-2026,240,PASS,
두두보건,DH2026254537,류갑수,1957-01-14,14-01-1957,남,1,010-4556-4146,01045564146,고등학교졸업,요양보호사,,수원센터,2026-10-13,13-10-2026,PM,32000,장애인,장애인,,32000,가상계좌,virtual,완료,success,접수완료,active,2026-08-19 14:36,19-08-2026 14:36,복지관,,,,,,,,,,대전실버교육원,TR20264090,2026-07-05,05-07-2026,240,PASS,
두두보건,DH2026589140,홍영자,1938-07-25,25-07-1938,여,2,010-2780-8926,01027808926,고등학교졸업,요양보호사,,부산센터,2026-10-06,06-10-2026,PM,32000,없음,없음,,32000,계좌이체,transfer,완료,success,접수완료,active,2026-08-18 21:06,18-08-2026 21:06,가족보조,,,,,,,,,,성남시립간호조무사교육원,TR20262290,2026-05-05,05-05-2026,240,PASS,
두두보건,DH2026171292,유금순,1961-06-02,02-06-1961,여,2,010-4876-4329,01048764329,대학교졸,요양보호사,,대전센터,2026-09-04,04-09-2026,PM,32000,기초생활수급자,기초수급,,32000,가상계좌,virtual,완료,success,접수완료,active,2026-08-03 15:23,03-08-2026 15:23,가족보조,,,,,,,,,,제주시니어교육원,TR20265237,2026-04-22,22-04-2026,240,PASS,
두두보건,DH2026430118,백삼석,1928-06-11,11-06-1928,남,1,010-6717-2704,01067172704,고등학교졸업,요양보호사,,수원센터,2026-10-06,06-10-2026,PM,32000,없음,없음,,32000,신용카드,card,완료,success,접수완료,active,2026-08-04 17:00,04-08-2026 17:00,가족보조,,,,,,,,,,전주평생학습관,TR20262184,2026-06-03,03-06-2026,240,PASS,
두두보건,DH2026157776,심미자,1961-11-24,24-11-1961,여,2,010-8258-9882,01082589882,대학교졸,요양보호사,,제주센터,2026-09-02,02-09-2026,AM,32000,없음,없음,,32000,신용카드,card,완료,success,접수완료,active,2026-08-01 20:32,01-08-2026 20:32,본인단독,,,,,,,,,,서울시립요양보호사교육원,TR20266866,2026-04-05,05-04-2026,240,PASS,
두두보건,DH2026392699,홍근호,1963-03-13,13-03-1963,남,1,010-4689-1656,01046891656,중학교졸업,위생사,,청주센터,2026-10-08,08-10-2026,AM,30000,없음,없음,,30000,신용카드,card,완료,success,접수완료,active,2026-08-19 13:18,19-08-2026 13:18,가족보조,,,,,,,,,,수원보건대학 환경보건과,TR20262666,2026-07-26,26-07-2026,0,PENDING,
두두보건,DH2026764873,배인순,1931-08-20,20-08-1931,여,2,010-8935-8611,01089358611,고등학교졸업,요양보호사,,대구센터,2026-11-13,13-11-2026,PM,32000,없음,없음,,32000,신용카드,card,완료,success,접수완료,active,2026-08-14 10:01,14-08-2026 10:01,본인단독,,,,,,,,,,포항시민교육원,TR20261276,2026-07-27,27-07-2026,240,PASS,
두두보건,DH2026678431,차태호,1930-11-14,14-11-1930,남,1,010-9954-6538,01099546538,대학교졸,요양보호사,,서울센터,2026-11-21,21-11-2026,PM,32000,없음,없음,,32000,가상계좌,virtual,완료,success,접수완료,active,2026-08-11 16:23,11-08-2026 16:23,복지관,,,,,,,,,,천안시니어교육센터,TR20265323,2026-06-18,18-06-2026,240,PENDING,
두두보건,DH2026286852,안만복,1947-11-21,21-11-1947,남,1,010-7073-9636,01070739636,중학교졸업,요양보호사,,부산센터,2026-09-11,11-09-2026,PM,32000,없음,없음,,32000,계좌이체,transfer,완료,success,접수완료,active,2026-08-17 12:03,17-08-2026 12:03,본인단독,,,,,,,,,,광주복지교육원,TR20261354,2026-05-07,07-05-2026,240,PASS,
두두보건,DH2026315206,서철수,1951-06-26,26-06-1951,남,1,010-3125-9202,01031259202,대학교졸,요양보호사,,제주센터,2026-11-11,11-11-2026,AM,32000,없음,없음,,32000,가상계좌,virtual,완료,success,접수완료,active,2026-08-13 16:03,13-08-2026 16:03,복지관,,,,,,,,,,서울시립요양보호사교육원,TR20266020,2026-05-01,01-05-2026,240,PASS,
두두보건,DH2026941013,성옥분,1944-11-14,14-11-1944,여,2,010-2381-3583,01023813583,고등학교졸업,요양보호사,,대전센터,2026-10-17,17-10-2026,AM,32000,없음,없음,,32000,가상계좌,virtual,완료,success,접수완료,active,2026-08-03 16:18,03-08-2026 16:18,본인단독,,,,,,,,,,대구평생교육원,TR20269753,2026-05-10,10-05-2026,240,PASS,
두두보건,DH2026597520,고말자,1937-10-03,03-10-1937,여,2,010-3533-8013,01035338013,초등학교졸업,위생사,,부산센터,2026-11-26,26-11-2026,AM,30000,장애인,장애인,,30000,가상계좌,virtual,완료,success,접수완료,active,2026-08-19 09:23,19-08-2026 09:23,가족보조,,,,,,,,,,부산보건대학 위생학과,TR20263157,2026-06-01,01-06-2026,0,PENDING,
두두보건,DH2026713055,민영자,1940-10-04,04-10-1940,여,2,010-1172-1040,01011721040,고등학교졸업,요양보호사,,제주센터,2026-11-18,18-11-2026,PM,32000,기초생활수급자,기초수급,,32000,계좌이체,transfer,완료,success,접수완료,active,2026-08-12 21:29,12-08-2026 21:29,가족보조,,,,,,,,,,광주복지교육원,TR20260265,2026-03-13,13-03-2026,240,PASS,
두두보건,DH2026120994,문계순,1963-06-19,19-06-1963,여,2,010-9483-3264,01094833264,전문대졸,요양보호사,,전주센터,2026-11-21,21-11-2026,AM,32000,없음,없음,,32000,신용카드,card,완료,success,접수완료,active,2026-08-17 19:02,17-08-2026 19:02,복지관,,,,,,,,,,청주보건교육원,TR20266675,2026-05-06,06-05-2026,240,PASS,
두두보건,DH2026156739,최상길,1965-05-27,27-05-1965,남,1,010-6051-9971,01060519971,대학교졸,요양보호사,,부산센터,2026-11-23,23-11-2026,AM,32000,없음,없음,,32000,신용카드,card,완료,success,접수완료,active,2026-08-02 16:23,02-08-2026 16:23,가족보조,,,,,,,,,,부산광역시요양보호사교육원,TR20265105,2026-03-01,01-03-2026,240,PASS,
두두보건,DH2026185214,류순자,1937-02-23,23-02-1937,여,2,010-1011-1287,01010111287,중학교졸업,요양보호사,,전주센터,2026-10-13,13-10-2026,AM,32000,없음,없음,,32000,가상계좌,virtual,완료,success,접수완료,active,2026-08-12 11:42,12-08-2026 11:42,복지관,,,,,,,,,,창원노인복지관교육부,TR20264006,2026-04-06,06-04-2026,240,PASS,
두두보건,DH2026290280,고선옥,1966-06-07,07-06-1966,여,2,010-6790-5914,01067905914,고등학교졸업,요양보호사,,대전센터,2026-11-14,14-11-2026,PM,32000,없음,없음,,32000,계좌이체,transfer,완료,success,접수완료,active,2026-08-14 13:32,14-08-2026 13:32,가족보조,,,,,,,,,,경기도요양보호사교육원,TR20269308,2026-07-11,11-07-2026,240,PASS,
두두보건,DH2026970876,주필순,1933-10-22,22-10-1933,여,2,010-9459-9660,01094599660,무학,요양보호사,,수원센터,2026-09-14,14-09-2026,PM,32000,없음,없음,,32000,신용카드,card,완료,success,접수완료,active,2026-08-14 15:01,14-08-2026 15:01,복지관,,,,,,,,,,성남시립간호조무사교육원,TR20260322,2026-04-01,01-04-2026,240,PASS,
두두보건,DH2026246069,김춘자,1948-10-07,07-10-1948,여,2,010-3163-1491,01031631491,고등학교졸업,요양보호사,,대전센터,2026-11-15,15-11-2026,AM,32000,장애인,장애인,,32000,계좌이체,transfer,완료,success,접수완료,active,2026-08-16 20:15,16-08-2026 20:15,본인단독,,,,,,,,,,포항시민교육원,TR20266962,2026-03-02,02-03-2026,240,PENDING,
두두보건,DH2026069169,민태호,1947-03-25,25-03-1947,남,1,010-3553-1058,01035531058,중학교졸업,요양보호사,,전주센터,2026-09-22,22-09-2026,PM,32000,없음,없음,,32000,계좌이체,transfer,완료,success,접수완료,active,2026-08-12 10:03,12-08-2026 10:03,가족보조,,,,,,,,,,청주보건교육원,TR20266062,2026-03-19,19-03-2026,240,PASS,
두두보건,DH2026068364,서금순,1954-12-27,27-12-1954,여,2,010-5924-9055,01059249055,중학교졸업,요양보호사,,부산센터,2026-11-02,02-11-2026,PM,32000,없음,없음,,32000,가상계좌,virtual,완료,success,접수완료,active,2026-08-02 18:32,02-08-2026 18:32,가족보조,,,,,,,,,,인천시니어교육센터,TR20263416,2026-03-23,23-03-2026,240,PASS,
두두보건,DH2026691023,주재호,1928-10-07,07-10-1928,남,1,010-2342-1516,01023421516,고등학교졸업,요양보호사,,수원센터,2026-11-12,12-11-2026,PM,32000,없음,없음,,32000,계좌이체,transfer,완료,success,접수완료,active,2026-08-11 21:50,11-08-2026 21:50,본인단독,,,,,,,,,,대구평생교육원,TR20262295,2026-06-18,18-06-2026,240,PASS,
두두보건,DH2026789629,노동석,1948-07-20,20-07-1948,남,1,010-7189-6298,01071896298,대학원졸,요양보호사,,청주센터,2026-09-22,22-09-2026,AM,32000,없음,없음,,32000,계좌이체,transfer,완료,success,접수완료,active,2026-08-08 17:10,08-08-2026 17:10,본인단독,,,,,,,,,,수원시니어아카데미,TR20264340,2026-04-15,15-04-2026,240,PASS,
두두보건,DH2026602031,심상길,1936-04-10,10-04-1936,남,1,010-3931-2023,01039312023,초등학교졸업,요양보호사,,대구센터,2026-11-26,26-11-2026,AM,32000,장애인,장애인,,32000,가상계좌,virtual,완료,success,접수완료,active,2026-08-03 11:47,03-08-2026 11:47,가족보조,,,,,,,,,,성남시립간호조무사교육원,TR20261292,2026-04-23,23-04-2026,240,PASS,
두두보건,DH2026342093,백필호,1948-03-04,04-03-1948,남,1,010-9027-7480,01090277480,대학교졸,요양보호사,,대전센터,2026-10-22,22-10-2026,AM,32000,없음,없음,,32000,신용카드,card,완료,success,접수완료,active,2026-08-08 14:48,08-08-2026 14:48,복지관,,,,,,,,,,수원시니어아카데미,TR20268839,2026-06-25,25-06-2026,240,PASS,
두두보건,DH2026620170,김동석,1959-05-19,19-05-1959,남,1,010-4311-3996,01043113996,대학원졸,위생사,,서울센터,2026-11-11,11-11-2026,AM,30000,없음,없음,,30000,신용카드,card,완료,success,접수완료,active,2026-08-16 13:52,16-08-2026 13:52,복지관,,,,,,,,,,대구보건대학교 보건위생과,TR20266916,2026-07-20,20-07-2026,0,PASS,
두두보건,DH2026949752,성만복,1961-09-17,17-09-1961,남,1,010-3895-8462,01038958462,고등학교졸업,요양보호사,,대전센터,2026-10-28,28-10-2026,AM,32000,없음,없음,,32000,가상계좌,virtual,완료,success,접수완료,active,2026-08-03 19:25,03-08-2026 19:25,가족보조,,,,,,,,,,경기도요양보호사교육원,TR20263134,2026-03-19,19-03-2026,240,PASS,
두두보건,DH2026991299,문필순,1934-02-26,26-02-1934,여,2,010-9504-8062,01095048062,초등학교졸업,위생사,,서울센터,2026-11-10,10-11-2026,AM,30000,없음,없음,,30000,계좌이체,transfer,완료,success,접수완료,active,2026-08-04 19:58,04-08-2026 19:58,본인단독,,,,,,,,,,전주보건대학교 위생과,TR20264063,2026-05-21,21-05-2026,0,PASS,
두두보건,DH2026596071,이순자,1932-07-28,28-07-1932,여,2,010-4978-2557,01049782557,중학교졸업,위생사,,대전센터,2026-11-26,26-11-2026,PM,30000,없음,없음,,30000,신용카드,card,완료,success,접수완료,active,2026-08-14 09:06,14-08-2026 09:06,복지관,,,,,,,,,,서울보건대학교 환경위생과,TR20268791,2026-05-21,21-05-2026,0,PENDING,
두두보건,DH2026234673,구만수,1934-11-26,26-11-1934,남,1,010-3051-1948,01030511948,중학교졸업,위생사,,대전센터,2026-11-14,14-11-2026,AM,30000,없음,없음,,30000,가상계좌,virtual,완료,success,접수완료,active,2026-08-16 14:46,16-08-2026 14:46,가족보조,,,,,,,,,,대구보건대학교 보건위생과,TR20264913,2026-04-24,24-04-2026,0,PASS,
두두보건,DH2026238267,윤춘자,1956-05-15,15-05-1956,여,2,010-9090-8299,01090908299,초등학교졸업,위생사,,청주센터,2026-09-27,27-09-2026,AM,30000,없음,없음,,30000,계좌이체,transfer,완료,success,접수완료,active,2026-08-17 19:54,17-08-2026 19:54,가족보조,,,,,,,,,,대전보건대학 환경위생학과,TR20267017,2026-06-20,20-06-2026,0,PASS,
두두보건,DH2026400071,장춘자,1937-06-10,10-06-1937,여,2,010-2269-6182,01022696182,중학교졸업,요양보호사,,전주센터,2026-09-14,14-09-2026,PM,32000,기초생활수급자,기초수급,,32000,신용카드,card,완료,success,접수완료,active,2026-08-05 17:17,05-08-2026 17:17,복지관,,,,,,,,,,포항시민교육원,TR20263726,2026-05-03,03-05-2026,240,PASS,
두두보건,DH2026712712,강계순,1947-02-07,07-02-1947,여,2,010-1668-2008,01016682008,대학교졸,위생사,,청주센터,2026-10-06,06-10-2026,AM,30000,없음,없음,,30000,가상계좌,virtual,대기,pending,결제대기,pending,2026-08-03 22:17,03-08-2026 22:17,본인단독,,,,,,,,,,서울보건대학교 환경위생과,TR20262831,2026-05-01,01-05-2026,0,PASS,
두두보건,DH2026482415,성철수,1962-02-14,14-02-1962,남,1,010-6836-7764,01068367764,고등학교졸업,위생사,,전주센터,2026-09-05,05-09-2026,AM,30000,없음,없음,,30000,가상계좌,virtual,완료,success,접수완료,active,2026-08-14 16:48,14-08-2026 16:48,가족보조,,,,,,,,,,인천보건대 환경보건과,TR20261317,2026-07-08,08-07-2026,0,PASS,
두두보건,DH2026951426,한귀순,1935-09-21,21-09-1935,여,2,010-3576-9668,01035769668,고등학교졸업,위생사,,부산센터,2026-10-25,25-10-2026,AM,30000,장애인,장애인,,30000,계좌이체,transfer,완료,success,접수완료,active,2026-08-19 14:42,19-08-2026 14:42,가족보조,,,,,,,,,,전주보건대학교 위생과,TR20268647,2026-04-26,26-04-2026,0,PENDING,
두두보건,DH2026966788,노성호,1934-02-20,20-02-1934,남,1,010-3630-2071,01036302071,고등학교졸업,요양보호사,,수원센터,2026-10-04,04-10-2026,PM,32000,없음,없음,,32000,계좌이체,transfer,완료,success,접수완료,active,2026-08-12 11:43,12-08-2026 11:43,복지관,,,,,,,,,,포항시민교육원,TR20262494,2026-03-15,15-03-2026,240,PASS,
두두보건,DH2026442080,강영호,1941-08-17,17-08-1941,남,1,010-1456-6577,01014566577,고등학교졸업,요양보호사,,청주센터,2026-10-25,25-10-2026,AM,32000,없음,없음,,32000,신용카드,card,완료,success,접수완료,active,2026-08-06 17:26,06-08-2026 17:26,복지관,,,,,,,,,,경기도요양보호사교육원,TR20260821,2026-04-28,28-04-2026,240,PASS,
두두보건,DH2026102292,오봉숙,1929-06-23,23-06-1929,여,2,010-6009-5648,01060095648,중학교졸업,요양보호사,,청주센터,2026-10-02,02-10-2026,AM,32000,없음,없음,,32000,가상계좌,virtual,완료,success,접수완료,active,2026-08-03 16:12,03-08-2026 16:12,복지관,,,,,,,,,,인천시니어교육센터,TR20269686,2026-04-14,14-04-2026,240,PENDING,
두두보건,DH2026400488,임필순,1955-05-17,17-05-1955,여,2,010-2852-4148,01028524148,대학교졸,위생사,,대구센터,2026-09-19,19-09-2026,AM,30000,없음,없음,,30000,가상계좌,virtual,완료,success,접수완료,active,2026-08-12 14:04,12-08-2026 14:04,복지관,,,,,,,,,,광주보건대학교 위생과,TR20265022,2026-04-12,12-04-2026,0,PASS,
두두보건,DH2026429205,최용기,1949-09-05,05-09-1949,남,1,010-5237-8907,01052378907,중학교졸업,위생사,,대전센터,2026-09-22,22-09-2026,PM,30000,없음,없음,,30000,계좌이체,transfer,완료,success,접수완료,active,2026-08-07 17:54,07-08-2026 17:54,복지관,,,,,,,,,,수원보건대학 환경보건과,TR20267795,2026-05-14,14-05-2026,0,PENDING,
두두보건,DH2026001758,곽상길,1929-06-02,02-06-1929,남,1,010-7126-9048,01071269048,중학교졸업,요양보호사,,대전센터,2026-09-09,09-09-2026,AM,32000,없음,없음,,32000,신용카드,card,완료,success,접수완료,active,2026-08-03 22:39,03-08-2026 22:39,복지관,,,,,,,,,,전주평생학습관,TR20269114,2026-03-06,06-03-2026,240,PASS,
두두보건,DH2026042445,성영숙,1948-07-03,03-07-1948,여,2,010-9897-7357,01098977357,고등학교졸업,위생사,,청주센터,2026-10-14,14-10-2026,AM,30000,없음,없음,,30000,계좌이체,transfer,완료,success,접수완료,active,2026-08-05 12:30,05-08-2026 12:30,복지관,,,,,,,,,,광주보건대학교 위생과,TR20268779,2026-04-13,13-04-2026,0,PASS,
두두보건,DH2026698885,구영숙,1947-12-01,01-12-1947,여,2,010-7817-4277,01078174277,대학교졸,요양보호사,,제주센터,2026-10-28,28-10-2026,PM,32000,없음,없음,,32000,신용카드,card,환불,refunded,취소,cancelled,2026-08-04 14:41,04-08-2026 14:41,본인단독,,,,,,,,,,성남시립간호조무사교육원,TR20267713,2026-03-17,17-03-2026,240,PASS,
두두보건,DH2026538720,구춘희,1942-09-23,23-09-1942,여,2,010-8315-2497,01083152497,중학교졸업,요양보호사,,서울센터,2026-11-11,11-11-2026,AM,32000,없음,없음,,32000,신용카드,card,완료,success,접수완료,active,2026-08-08 14:39,08-08-2026 14:39,복지관,,,,,,,,,,포항시민교육원,TR20266047,2026-05-11,11-05-2026,240,FAIL,
두두보건,DH2026167194,서영호,1959-07-15,15-07-1959,남,1,010-6186-5445,01061865445,무학,요양보호사,,서울센터,2026-09-01,01-09-2026,PM,32000,없음,없음,,32000,가상계좌,virtual,완료,success,접수완료,active,2026-08-15 15:07,15-08-2026 15:07,본인단독,,,,,,,,,,춘천노인복지교육센터,TR20261936,2026-05-04,04-05-2026,240,PASS,
두두보건,DH2026949564,김상길,1963-05-20,20-05-1963,남,1,010-6030-2288,01060302288,중학교졸업,위생사,,수원센터,2026-10-17,17-10-2026,PM,30000,없음,없음,,30000,가상계좌,virtual,완료,success,접수완료,active,2026-08-14 18:48,14-08-2026 18:48,본인단독,,,,,,,,,,인천보건대 환경보건과,TR20264086,2026-07-05,05-07-2026,0,PASS,
두두보건,DH2026255987,남점순,1950-10-14,14-10-1950,여,2,010-5782-1976,01057821976,중학교졸업,요양보호사,,제주센터,2026-10-20,20-10-2026,AM,32000,없음,없음,,32000,계좌이체,transfer,완료,success,접수완료,active,2026-08-07 16:19,07-08-2026 16:19,가족보조,,,,,,,,,,청주보건교육원,TR20264726,2026-03-17,17-03-2026,240,PASS,
두두보건,DH2026454056,조선옥,1950-03-12,12-03-1950,여,2,010-7777-7209,01077777209,무학,요양보호사,,서울센터,2026-11-19,19-11-2026,AM,32000,없음,없음,,32000,신용카드,card,완료,success,접수완료,active,2026-08-10 10:01,10-08-2026 10:01,복지관,,,,,,,,,,경기도요양보호사교육원,TR20262885,2026-07-28,28-07-2026,240,PASS,
두두보건,DH2026330253,조선옥,1946-07-04,04-07-1946,여,2,010-5972-7199,01059727199,고등학교졸업,요양보호사,,광주센터,2026-11-01,01-11-2026,AM,32000,없음,없음,,32000,가상계좌,virtual,완료,success,접수완료,active,2026-08-09 11:42,09-08-2026 11:42,본인단독,,,,,,,,,,청주보건교육원,TR20266753,2026-04-13,13-04-2026,240,PASS,
두두보건,DH2026525993,남태호,1945-05-20,20-05-1945,남,1,010-5889-8730,01058898730,고등학교졸업,요양보호사,,서울센터,2026-11-05,05-11-2026,AM,32000,없음,없음,,32000,계좌이체,transfer,환불,refunded,취소,cancelled,2026-08-05 21:51,05-08-2026 21:51,본인단독,,,,,,,,,,대구평생교육원,TR20263885,2026-04-07,07-04-2026,240,PASS,
두두보건,DH2026033659,배인순,1930-05-25,25-05-1930,여,2,010-9723-4206,01097234206,고등학교졸업,요양보호사,,부산센터,2026-09-06,06-09-2026,PM,32000,없음,없음,,32000,계좌이체,transfer,완료,success,접수완료,active,2026-08-05 22:16,05-08-2026 22:16,가족보조,,,,,,,,,,천안시니어교육센터,TR20263930,2026-05-08,08-05-2026,240,PASS,
